timestamp_ms,symbol,last_price,volume,open,high,low,close
1770384120000,BTC-USDT,67441.5,13.79357214,67481.1,67488.5,67360.5,67441.5
1770384180000,BTC-USDT,67391.3,20.44332603,67448,67470.1,67320,67391.3
1770384240000,BTC-USDT,67414.7,8.43530067,67392.2,67438.5,67329.7,67414.7
1770384300000,BTC-USDT,67250.2,15.06259513,67414.5,67425.3,67200,67250.2
1770384360000,BTC-USDT,67111.5,10.24569917,67245.8,67245.8,67086.4,67111.5
1770384420000,BTC-USDT,67086.1,7.16312872,67112.6,67152.1,67050,67086.1
1770384480000,BTC-USDT,66982.3,5.57028958,67086.2,67090,66958.8,66982.3
1770384540000,BTC-USDT,66937.3,15.52127796,66980.1,66983.3,66808,66937.3
1770384600000,BTC-USDT,66967.1,11.28216027,66938.2,67014.1,66840.1,66967.1
1770384660000,BTC-USDT,67012.6,4.68967687,66967.1,67100,66967.1,67012.6
1770384720000,BTC-USDT,66806.6,5.35057046,67012.5,67033.2,66806.6,66806.6
1770384780000,BTC-USDT,66952.1,5.77979938,66806.7,66973,66806.7,66952.1
1770384840000,BTC-USDT,67008.2,5.83579094,66955,67037.5,66896.1,67008.2
1770384900000,BTC-USDT,67039.1,6.26215841,67008.2,67062.7,66950.1,67039.1
1770384960000,BTC-USDT,67087.8,16.70952792,67039.1,67091,67004.1,67087.8
1770385020000,BTC-USDT,67102.4,14.52353279,67092,67210.6,67036.6,67102.4
1770385080000,BTC-USDT,67223,7.72152892,67100,67225,67054.5,67223
1770385140000,BTC-USDT,67213.4,16.20104607,67223,67290.3,67144.2,67213.4
1770385200000,BTC-USDT,67213.5,7.77257496,67213.4,67288.7,67148.4,67213.5
1770385260000,BTC-USDT,67328.8,15.69459247,67214.8,67379.7,67203.8,67328.8
1770385320000,BTC-USDT,67359.3,14.66196515,67328.8,67386,67300.3,67359.3
1770385380000,BTC-USDT,67269.8,14.08555978,67359.3,67360,67243.1,67269.8
1770385440000,BTC-USDT,67235,5.86200059,67269.7,67311.6,67233.3,67235
1770385500000,BTC-USDT,67270.3,9.39359185,67235,67337.5,67226.7,67270.3
1770385560000,BTC-USDT,67340,12.27623007,67270.2,67386.2,67238.5,67340
1770385620000,BTC-USDT,67336.5,6.37268478,67340,67360,67275.9,67336.5
1770385680000,BTC-USDT,67374.3,6.57479715,67324.3,67390.9,67300,67374.3
1770385740000,BTC-USDT,67574.3,34.69857981,67373.9,67574.4,67348.7,67574.3
1770385800000,BTC-USDT,67502.9,44.17958107,67572.2,67688,67500,67502.9
1770385860000,BTC-USDT,67368.4,8.81070289,67509.9,67509.9,67360.1,67368.4
1770385920000,BTC-USDT,67393.7,18.39776752,67368.4,67402.9,67229.5,67393.7
1770385980000,BTC-USDT,67440,10.45640216,67391.2,67450,67371.8,67440
1770386040000,BTC-USDT,67491,9.27099724,67433.1,67526.2,67360.1,67491
1770386100000,BTC-USDT,67429.7,7.07076864,67490,67550,67415.5,67429.7
1770386160000,BTC-USDT,67441.6,6.31900465,67429.7,67443.3,67353.4,67441.6
1770386220000,BTC-USDT,67398.7,5.23648998,67441.1,67443.4,67378.5,67398.7
1770386280000,BTC-USDT,67377,7.80395186,67396,67396,67303.4,67377
1770386340000,BTC-USDT,67318,5.79793693,67372.8,67380.8,67298.5,67318
1770386400000,BTC-USDT,67360,16.47760383,67320.4,67360,67233.4,67360
1770386460000,BTC-USDT,67317.4,15.3413817,67358,67422.2,67305,67317.4
1770386520000,BTC-USDT,67153.3,20.95497166,67317.4,67335,67129.7,67153.3
1770386580000,BTC-USDT,67071.2,13.66700839,67153.3,67199,67066.8,67071.2
1770386640000,BTC-USDT,67003.9,22.07534147,67077.9,67127.3,66976.4,67003.9
1770386700000,BTC-USDT,67000.8,13.8922845,67004,67111.4,66976.5,67000.8
1770386760000,BTC-USDT,67080,9.96959076,67000.7,67142.3,66997.8,67080
1770386820000,BTC-USDT,67059.2,8.21904344,67082.6,67126.3,67023.8,67059.2
1770386880000,BTC-USDT,66965.1,16.44449884,67059.3,67103.3,66919.7,66965.1
1770386940000,BTC-USDT,67023.5,11.71041325,66965.1,67098.8,66965.1,67023.5
1770387000000,BTC-USDT,66979.8,17.02121305,67023.9,67057.2,66960.1,66979.8
1770387060000,BTC-USDT,66989,27.3286404,66979.7,67017.3,66880,66989
1770387120000,BTC-USDT,67050,15.07197417,66989.1,67068.2,66974.6,67050
1770387180000,BTC-USDT,67143.3,13.18699217,67050,67152.5,67050,67143.3
1770387240000,BTC-USDT,67191.8,11.29867738,67143.3,67191.8,67120.5,67191.8
1770387300000,BTC-USDT,67075.1,9.41440708,67191.8,67196.8,67044.1,67075.1
1770387360000,BTC-USDT,67073.5,7.34169572,67078,67088.2,66983.1,67073.5
1770387420000,BTC-USDT,67013.1,15.22346004,67073.5,67115,67000.1,67013.1
1770387480000,BTC-USDT,67002.9,9.57686349,67007.2,67028,66973.5,67002.9
1770387540000,BTC-USDT,66907.4,7.5370004,67002.9,67002.9,66873.2,66907.4
1770387600000,BTC-USDT,66820,20.84015938,66905.8,66905.8,66818.2,66820
1770387660000,BTC-USDT,66700.5,48.9149859,66827.5,66832.6,66634.9,66700.5
1770387720000,BTC-USDT,66650,17.73526895,66700.5,66761.5,66650,66650
1770387780000,BTC-USDT,66734.6,11.059344,66650.1,66736.7,66650.1,66734.6
1770387840000,BTC-USDT,66673.6,24.48626121,66734.5,66761.5,66650,66673.6
1770387900000,BTC-USDT,66757.5,17.94295335,66673.6,66809.2,66650.2,66757.5
1770387960000,BTC-USDT,66912.2,18.0804459,66757.5,66916.6,66750.8,66912.2
1770388020000,BTC-USDT,67011.4,15.7733357,66910,67019.5,66890.3,67011.4
1770388080000,BTC-USDT,67085.1,12.65478014,67010,67101,66974.4,67085.1
1770388140000,BTC-USDT,67130.3,9.31994171,67088.2,67133.3,66981.3,67130.3
1770388200000,BTC-USDT,67324.5,108.70989713,67105.6,67567.5,67043.5,67324.5
1770388260000,BTC-USDT,67497.2,111.97168748,67324.5,67599.9,67268.4,67497.2
1770388320000,BTC-USDT,67507.1,56.31153499,67491.5,67577.3,67219.4,67507.1
1770388380000,BTC-USDT,67917.4,74.07530882,67505.1,67959,67505.1,67917.4
1770388440000,BTC-USDT,67837.5,112.89544986,67917.4,68107.3,67786.9,67837.5
1770388500000,BTC-USDT,67900.1,47.58183382,67841.7,67999.4,67685.8,67900.1
1770388560000,BTC-USDT,68234,57.98656365,67909.9,68276.5,67886,68234
1770388620000,BTC-USDT,68165.8,42.2140265,68237.4,68247.3,68085.1,68165.8
1770388680000,BTC-USDT,68307.5,32.25164663,68173.6,68349.9,68163.5,68307.5
1770388740000,BTC-USDT,68043.2,37.09165917,68315.4,68373.5,68028,68043.2
1770388800000,BTC-USDT,68098.5,41.4779215,68043.1,68213.7,67849,68098.5
1770388860000,BTC-USDT,67942.8,28.6787549,68100,68119.9,67889.5,67942.8
1770388920000,BTC-USDT,68157.2,31.76316486,67949.8,68197,67910,68157.2
1770388980000,BTC-USDT,68091,21.88641574,68161.3,68161.3,67922.6,68091
1770389040000,BTC-USDT,68296,26.91101863,68091,68296,68050.3,68296
1770389100000,BTC-USDT,68510.1,62.43198793,68296,68515.5,68239.9,68510.1
1770389160000,BTC-USDT,68546,49.16977729,68510.2,68546,68398.1,68546
1770389220000,BTC-USDT,68600,27.64516923,68546.7,68635,68500,68600
1770389280000,BTC-USDT,68450.1,47.21063857,68600,68605.3,68320.4,68450.1
1770389340000,BTC-USDT,68241.5,47.78855186,68450,68468.3,68158.4,68241.5
1770389400000,BTC-USDT,68289.2,21.80572563,68241.5,68299.9,68080,68289.2
1770389460000,BTC-USDT,68380.7,30.76969291,68291.5,68460,68160.1,68380.7
1770389520000,BTC-USDT,68540,26.1085955,68389.8,68558.4,68342.9,68540
1770389580000,BTC-USDT,68345.8,21.96413977,68534.6,68577.4,68320,68345.8
1770389640000,BTC-USDT,68290.6,20.96129596,68350.5,68354.9,68215.7,68290.6
1770389700000,BTC-USDT,68040.6,33.02740636,68291.2,68291.2,68020.9,68040.6
1770389760000,BTC-USDT,68007.8,33.57052039,68042.7,68152.1,67910.5,68007.8
1770389820000,BTC-USDT,68283.7,14.74045758,68017.7,68317,67963.4,68283.7
1770389880000,BTC-USDT,68252,17.32656736,68285.3,68310.4,68125.3,68252
1770389940000,BTC-USDT,68197.1,11.90562375,68254.7,68293.6,68120,68197.1
1770390000000,BTC-USDT,67968.5,48.43014325,68198.3,68219.9,67939.7,67968.5
1770390060000,BTC-USDT,67875.1,27.65809285,67968.6,68097.9,67875,67875.1
1770390120000,BTC-USDT,67880.1,20.05603764,67896.5,68090.6,67815.3,67880.1
1770390180000,BTC-USDT,67882.5,16.16330259,67880,67958.7,67770.3,67882.5
1770390240000,BTC-USDT,68140,26.59102751,67886.6,68201.8,67840,68140
1770390300000,BTC-USDT,68072.1,27.86273575,68126.8,68260.5,67909.9,68072.1
1770390360000,BTC-USDT,68017.6,35.3248277,68072.1,68327,68001.9,68017.6
1770390420000,BTC-USDT,68185.2,29.48261915,68017.7,68205,67919.1,68185.2
1770390480000,BTC-USDT,68244.7,16.84647505,68185.1,68272.6,68088.4,68244.7
1770390540000,BTC-USDT,68264.9,17.06083605,68244.8,68379.2,68189.6,68264.9
1770390600000,BTC-USDT,68530.3,44.86762056,68264.8,68534.9,68239.1,68530.3
1770390660000,BTC-USDT,68576.9,13.18275432,68534.9,68595.9,68498.5,68576.9
1770390720000,BTC-USDT,68330.1,31.22613043,68577,68587.4,68317.3,68330.1
1770390780000,BTC-USDT,68132.3,33.30261313,68325,68325.1,68121.4,68132.3
1770390840000,BTC-USDT,67928.7,19.12613683,68132.3,68137.7,67900,67928.7
1770390900000,BTC-USDT,67936.7,8.43036771,67937.9,68028.3,67900,67936.7
1770390960000,BTC-USDT,68089.4,16.88550953,67939.2,68097.2,67839.8,68089.4
1770391020000,BTC-USDT,68225,17.98251602,68089.4,68249.9,68089.4,68225
1770391080000,BTC-USDT,68170.2,13.14605886,68225,68259.6,68092.8,68170.2
1770391140000,BTC-USDT,68189.3,8.2090319,68173.5,68234.5,68066.6,68189.3
1770391200000,BTC-USDT,68209.1,10.56286403,68196.5,68284.5,68113.6,68209.1
1770391260000,BTC-USDT,68472.5,21.69244239,68206.7,68478.5,68144.4,68472.5
1770391320000,BTC-USDT,68384.1,11.42991584,68469.6,68487.3,68356.5,68384.1
1770391380000,BTC-USDT,68322.2,25.84187823,68384.1,68434.5,68164.5,68322.2
1770391440000,BTC-USDT,68469.2,13.08580095,68322.2,68489.3,68255.8,68469.2
1770391500000,BTC-USDT,68417.4,17.3636403,68460.5,68540,68395.4,68417.4
1770391560000,BTC-USDT,68173.9,13.06399117,68419.9,68491.3,68115.1,68173.9
1770391620000,BTC-USDT,67990.1,21.94891811,68173.9,68215.4,67961.6,67990.1
1770391680000,BTC-USDT,68152.9,24.01466359,67990.1,68169.4,67981.5,68152.9
1770391740000,BTC-USDT,68185.7,12.30548158,68148.9,68185.7,68076.1,68185.7
1770391800000,BTC-USDT,68235.6,32.39292941,68185.6,68283.1,68105.2,68235.6
1770391860000,BTC-USDT,68141.6,19.20832839,68235.5,68350.8,68137.5,68141.6
1770391920000,BTC-USDT,68163.2,31.08442418,68141.5,68213.2,68053.7,68163.2
1770391980000,BTC-USDT,68325.1,14.9122054,68170.5,68397.3,68100.1,68325.1
1770392040000,BTC-USDT,68444.9,19.58669423,68325.1,68445,68300.5,68444.9
1770392100000,BTC-USDT,68462.8,12.75300124,68444.3,68487.4,68376.5,68462.8
1770392160000,BTC-USDT,68501.8,15.71811215,68462.7,68532,68400,68501.8
1770392220000,BTC-USDT,68432.7,13.50408614,68501.7,68519.9,68351.9,68432.7
1770392280000,BTC-USDT,68423.9,13.1836411,68432.7,68515,68366.6,68423.9
1770392340000,BTC-USDT,68645.1,48.01699395,68424.3,68728.8,68400.1,68645.1
1770392400000,BTC-USDT,68481.6,3.94793531,68645.1,68657.6,68440.8,68481.6
1770392460000,BTC-USDT,68587.1,8.43241699,68483.8,68626.1,68435.3,68587.1
1770392520000,BTC-USDT,68680.2,33.03574302,68583.4,68733,68562.7,68680.2
1770392580000,BTC-USDT,68826.2,75.95173942,68680.1,68864.1,68680,68826.2
1770392640000,BTC-USDT,68817.8,12.21444246,68820,68835.8,68700,68817.8
1770392700000,BTC-USDT,68887.2,24.58152202,68819,68933,68726,68887.2
1770392760000,BTC-USDT,68986.6,29.21835203,68888.4,69033,68857.2,68986.6
1770392820000,BTC-USDT,69177,56.45831038,68986.6,69177,68851.4,69177
1770392880000,BTC-USDT,68887.3,27.73960493,69175,69190.9,68831.4,68887.3
1770392940000,BTC-USDT,68981.9,16.63093485,68885.6,69049.3,68877.2,68981.9
1770393000000,BTC-USDT,68708.7,32.52911122,68981,68981,68708.7,68708.7
1770393060000,BTC-USDT,68821.2,12.34700854,68709.6,68840,68709.6,68821.2
1770393120000,BTC-USDT,68660.1,13.41975856,68822.4,68857.1,68660,68660.1
1770393180000,BTC-USDT,68471.6,27.42969588,68660.1,68679.9,68453.3,68471.6
1770393240000,BTC-USDT,68424.7,15.50655516,68462.7,68482.7,68374.2,68424.7
1770393300000,BTC-USDT,68526.4,32.40938835,68424.7,68539,68353.3,68526.4
1770393360000,BTC-USDT,68586,28.1703785,68536.2,68614.4,68502.6,68586
1770393420000,BTC-USDT,68647.8,19.10310525,68585.9,68661.3,68558,68647.8
1770393480000,BTC-USDT,68644.3,4.85181409,68647.8,68665.2,68550,68644.3
1770393540000,BTC-USDT,68629,5.25272789,68644.3,68700,68560.1,68629
1770393600000,BTC-USDT,68562.3,17.29561244,68629,68647.9,68424.3,68562.3
1770393660000,BTC-USDT,68794.5,15.15898227,68562.2,68811.3,68528,68794.5
1770393720000,BTC-USDT,68820.1,12.67174236,68794.5,68870.2,68739.5,68820.1
1770393780000,BTC-USDT,68825.7,9.38419087,68820,68868.7,68666.1,68825.7
1770393840000,BTC-USDT,68911.2,10.97832207,68825.7,68920.4,68760.1,68911.2
1770393900000,BTC-USDT,68863.8,18.54756642,68912.1,68959.8,68851,68863.8
1770393960000,BTC-USDT,69013.4,10.67235937,68865.2,69013.5,68842.6,69013.4
1770394020000,BTC-USDT,69130.5,18.41963213,69013.5,69130.5,68955.9,69130.5
1770394080000,BTC-USDT,69108,25.64198574,69130.7,69288,69016.4,69108
1770394140000,BTC-USDT,69277.6,23.2229537,69111.7,69305,69101,69277.6
1770394200000,BTC-USDT,69420.7,51.79062263,69277.6,69458.6,69214.5,69420.7
1770394260000,BTC-USDT,69395.3,25.02981955,69420.7,69422.4,69183.6,69395.3
1770394320000,BTC-USDT,69318.9,17.21515569,69399.9,69415.7,69265.1,69318.9
1770394380000,BTC-USDT,69335.4,36.14537386,69324.8,69430,69268.7,69335.4
1770394440000,BTC-USDT,69273.7,34.73072462,69335.5,69339.9,69174,69273.7
1770394500000,BTC-USDT,69197.9,18.61281853,69273.6,69320,69150,69197.9
1770394560000,BTC-USDT,69296,22.34284112,69196.3,69364.1,69184.5,69296
1770394620000,BTC-USDT,69284.3,15.13996739,69296,69296,69160.1,69284.3
1770394680000,BTC-USDT,69483.5,58.8637359,69284.3,69539.8,69269.1,69483.5
1770394740000,BTC-USDT,69629.2,25.3705889,69483.5,69636,69420.1,69629.2
1770394800000,BTC-USDT,69623.4,48.12663515,69622.1,69666,69540,69623.4
1770394860000,BTC-USDT,69641.7,41.14736495,69631.9,69806.8,69631.9,69641.7
1770394920000,BTC-USDT,69631.1,57.07023256,69641.7,69700,69517.9,69631.1
1770394980000,BTC-USDT,69726.3,19.29701545,69640.1,69789.5,69625,69726.3
1770395040000,BTC-USDT,69609.9,15.23964218,69726.2,69726.2,69569.9,69609.9
1770395100000,BTC-USDT,69457.4,23.28233347,69603.7,69603.7,69375.1,69457.4
1770395160000,BTC-USDT,69596.3,19.95765576,69457.4,69625.2,69423.4,69596.3
1770395220000,BTC-USDT,69573,30.3264141,69594.9,69609.2,69469.8,69573
1770395280000,BTC-USDT,69723.2,25.30405647,69575.8,69798.3,69558.7,69723.2
1770395340000,BTC-USDT,69519.9,21.70420043,69725.7,69728,69468,69519.9
1770395400000,BTC-USDT,69521.7,21.34905483,69517,69533,69424,69521.7
1770395460000,BTC-USDT,69475.7,13.24248293,69521.4,69573,69435,69475.7
1770395520000,BTC-USDT,69606.4,28.40623102,69475,69645.7,69429.6,69606.4
1770395580000,BTC-USDT,69517,18.25074987,69600.1,69666.2,69432.8,69517
1770395640000,BTC-USDT,69565.2,18.77623951,69516.9,69579.9,69447.8,69565.2
1770395700000,BTC-USDT,69608.8,16.98475866,69564.3,69625,69481.3,69608.8
1770395760000,BTC-USDT,69661.6,12.66844362,69605.5,69738.4,69601,69661.6
1770395820000,BTC-USDT,69671.1,12.86672997,69662.5,69700,69630.5,69671.1
1770395880000,BTC-USDT,69709.8,23.1241653,69667.8,69806,69664.7,69709.8
1770395940000,BTC-USDT,69572.2,39.66562,69709.7,69714.5,69450,69572.2
1770396000000,BTC-USDT,69592.4,6.70611194,69563.9,69651.6,69524.3,69592.4
1770396060000,BTC-USDT,69694,18.84148853,69589.1,69694,69565.2,69694
1770396120000,BTC-USDT,69596,17.03992713,69695.9,69733.3,69596,69596
1770396180000,BTC-USDT,69771.9,6.71740457,69595.2,69774.5,69595.1,69771.9
1770396240000,BTC-USDT,69798.2,12.94979228,69771.9,69810.7,69724.6,69798.2
1770396300000,BTC-USDT,69876.8,24.50277169,69798.2,69895.7,69766.7,69876.8
1770396360000,BTC-USDT,69883.6,5.25897564,69876.8,69897.9,69810.5,69883.6
1770396420000,BTC-USDT,69937.8,19.7362415,69884.9,69970.3,69810.1,69937.8
1770396480000,BTC-USDT,69999.6,82.89533325,69937.8,70030.5,69924.3,69999.6
1770396540000,BTC-USDT,69973.4,31.82223549,69999.5,69999.5,69771.7,69973.4
1770396600000,BTC-USDT,69944.2,12.45391505,69968.8,69979.7,69827.4,69944.2
1770396660000,BTC-USDT,70000.1,15.6617741,69944.2,70027.2,69885.1,70000.1
1770396720000,BTC-USDT,70035.7,17.61808,70000.1,70040,69948.9,70035.7
1770396780000,BTC-USDT,70107.1,42.15257628,70036.1,70199,69990.6,70107.1
1770396840000,BTC-USDT,70195.5,15.82207028,70107.1,70215.5,70080.6,70195.5
1770396900000,BTC-USDT,70097.7,23.77930431,70195.4,70229.5,70033.2,70097.7
1770396960000,BTC-USDT,69950.2,22.66651779,70099.2,70130.8,69868,69950.2
1770397020000,BTC-USDT,69737.7,27.4317759,69941.8,69941.8,69655.1,69737.7
1770397080000,BTC-USDT,69800,24.25714447,69737.3,69812.1,69677.5,69800
1770397140000,BTC-USDT,69947.8,8.36964186,69800,69967.6,69799.9,69947.8
1770397200000,BTC-USDT,69664.6,20.8390714,69947.8,69954.6,69661.1,69664.6
1770397260000,BTC-USDT,69685,37.44734384,69664.7,69685,69565.9,69685
1770397320000,BTC-USDT,69718.7,19.3099336,69685,69726.9,69587.9,69718.7
1770397380000,BTC-USDT,69722.3,5.54177195,69718.6,69800,69649.2,69722.3
1770397440000,BTC-USDT,69786.8,20.32391244,69722.2,69846.1,69721.7,69786.8
1770397500000,BTC-USDT,69758.8,40.53315388,69793.5,69897.5,69736.6,69758.8
1770397560000,BTC-USDT,69775.7,38.70012601,69754.8,69820.2,69704.1,69775.7
1770397620000,BTC-USDT,69861.3,26.2885972,69753.6,69866.9,69746.7,69861.3
1770397680000,BTC-USDT,70015.7,33.98318586,69861.3,70020,69811.5,70015.7
1770397740000,BTC-USDT,70191.2,14.10888255,70017.3,70195.8,70016.5,70191.2
1770397800000,BTC-USDT,70238.6,18.94517752,70192.8,70343.6,70157.6,70238.6
1770397860000,BTC-USDT,70294.8,9.28089938,70238.4,70346.5,70144.5,70294.8
1770397920000,BTC-USDT,70193.7,31.71540124,70297.4,70307.6,70176.8,70193.7
1770397980000,BTC-USDT,70143.5,39.54300682,70188.8,70300,70051.3,70143.5
1770398040000,BTC-USDT,70235.1,8.2292654,70135.3,70255.9,70103.6,70235.1
1770398100000,BTC-USDT,70285.9,16.17476645,70233.5,70315.1,70164.8,70285.9
1770398160000,BTC-USDT,70388.6,25.63066461,70284.5,70431.3,70212,70388.6
1770398220000,BTC-USDT,70516.8,44.86743765,70376,70528,70352.8,70516.8
1770398280000,BTC-USDT,70589.2,36.50226956,70516.8,70600,70465,70589.2
1770398340000,BTC-USDT,70628.3,49.41844354,70589.2,70690.9,70529.2,70628.3
1770398400000,BTC-USDT,70545.6,8.3146037,70628.3,70638.3,70520,70545.6
1770398460000,BTC-USDT,70644.4,19.50875237,70545.6,70692.1,70521.9,70644.4
1770398520000,BTC-USDT,70625.3,26.48319069,70644.4,70680,70535.1,70625.3
1770398580000,BTC-USDT,70740.4,33.56637255,70631.3,70740.5,70606.7,70740.4
1770398640000,BTC-USDT,70673.9,14.05154476,70740.5,70764.3,70641.1,70673.9
1770398700000,BTC-USDT,70605.1,60.41666508,70672.1,70695.3,70554.1,70605.1
1770398760000,BTC-USDT,70631.9,29.21372437,70605.1,70707.4,70482.3,70631.9
1770398820000,BTC-USDT,70886.7,47.41151998,70631.8,70945.6,70584.6,70886.7
1770398880000,BTC-USDT,70906.2,28.00983448,70881.6,71008.1,70840,70906.2
1770398940000,BTC-USDT,70918.2,27.16974584,70913,70970,70886.5,70918.2
1770399000000,BTC-USDT,71091.1,32.7574651,70918.3,71102,70889.9,71091.1
1770399060000,BTC-USDT,71261,39.82427793,71100.2,71288.8,71055.7,71261
1770399120000,BTC-USDT,71479.9,27.56776213,71264.6,71480,71242.3,71479.9
1770399180000,BTC-USDT,71335.4,22.70022691,71479.6,71500,71282.8,71335.4
1770399240000,BTC-USDT,71117.4,26.18060362,71335.4,71370.7,71117.4,71117.4
1770399300000,BTC-USDT,70852.4,20.23272161,71116.6,71116.7,70818.1,70852.4
1770399360000,BTC-USDT,70804.9,57.88091976,70859.3,70990.2,70750,70804.9
1770399420000,BTC-USDT,70841.5,14.36841479,70792.5,70912.4,70791.9,70841.5
1770399480000,BTC-USDT,71039.7,18.61062572,70854,71040,70826.6,71039.7
1770399540000,BTC-USDT,70905.7,28.25537331,71040,71147.9,70887.6,70905.7
1770399600000,BTC-USDT,71024.3,19.98430641,70912.1,71059.6,70844.1,71024.3
1770399660000,BTC-USDT,71199.9,14.10270235,71021,71200,71010.3,71199.9
1770399720000,BTC-USDT,71260.2,59.04422466,71199.9,71307.3,71169.4,71260.2
1770399780000,BTC-USDT,71204.3,42.99721235,71260.2,71265.7,71154.6,71204.3
1770399840000,BTC-USDT,71079,38.94961082,71204.3,71205,71057,71079
1770399900000,BTC-USDT,71146.1,14.14622683,71082.8,71282.5,71069.9,71146.1
1770399960000,BTC-USDT,71182.4,7.1397571,71151,71238,71100.1,71182.4
1770400020000,BTC-USDT,71132.9,15.69603458,71188.2,71258.2,71051.3,71132.9
1770400080000,BTC-USDT,71055.4,13.40625482,71135.3,71247.5,71055.4,71055.4
1770400140000,BTC-USDT,70977.2,26.7939918,71063.1,71063.1,70760.4,70977.2
1770400200000,BTC-USDT,70766,10.98853868,70974.3,70979,70758.7,70766
1770400260000,BTC-USDT,70967.7,10.57222204,70772.8,70992.9,70765.9,70967.7
1770400320000,BTC-USDT,70783.1,20.40980193,70967.7,70989.1,70773.4,70783.1
1770400380000,BTC-USDT,70617.7,15.75651616,70778.2,70790.5,70529.5,70617.7
1770400440000,BTC-USDT,70683.1,9.06469856,70611.4,70690,70585,70683.1
1770400500000,BTC-USDT,70666.6,14.05272924,70683.1,70815.8,70666.6,70666.6
1770400560000,BTC-USDT,70771.2,6.74024656,70668,70786.2,70558.7,70771.2
1770400620000,BTC-USDT,70873.4,18.69170902,70766.6,70926.5,70766.5,70873.4
1770400680000,BTC-USDT,70816.5,7.83345439,70873.4,70899.9,70800.1,70816.5
1770400740000,BTC-USDT,70756.7,4.15306243,70816.4,70884.4,70751.3,70756.7
1770400800000,BTC-USDT,70717,16.10619292,70756.7,70819.3,70695.7,70717
1770400860000,BTC-USDT,70627.3,64.81285736,70720.9,70780.7,70551,70627.3
1770400920000,BTC-USDT,70635.9,7.73434017,70627.4,70764.9,70601.4,70635.9
1770400980000,BTC-USDT,70585.2,8.03468226,70636,70682.8,70566.6,70585.2
1770401040000,BTC-USDT,70479.9,63.78979603,70575.8,70586.3,70476.1,70479.9
1770401100000,BTC-USDT,70370,116.50504209,70478.3,70543.9,70324.4,70370
1770401160000,BTC-USDT,70140.4,51.53080047,70372.3,70414.1,70086.9,70140.4
1770401220000,BTC-USDT,69952.7,63.98403105,70140.5,70171.6,69890.5,69952.7
1770401280000,BTC-USDT,69871.9,26.40594748,69960,70083.7,69862.8,69871.9
1770401340000,BTC-USDT,69699.7,29.88134072,69870.3,69890.2,69682.5,69699.7
1770401400000,BTC-USDT,69918,14.58958516,69701,70014.3,69698,69918
1770401460000,BTC-USDT,69887.9,9.65375007,69914.7,70015.7,69887.8,69887.9
1770401520000,BTC-USDT,70053.4,11.87441589,69896.7,70064.6,69891.9,70053.4
1770401580000,BTC-USDT,69926,20.49267934,70056.8,70066.9,69887.8,69926
1770401640000,BTC-USDT,70053.5,7.91721754,69925.9,70069.4,69904.3,70053.5
1770401700000,BTC-USDT,69989.1,8.24417825,70053.4,70100,69931.7,69989.1
1770401760000,BTC-USDT,69895.1,18.76755186,69989.2,69990.4,69817,69895.1
1770401820000,BTC-USDT,69927.1,18.15042257,69889.3,70015.7,69885.3,69927.1
1770401880000,BTC-USDT,69916.1,12.41956759,69930.3,69996,69866.1,69916.1
1770401940000,BTC-USDT,69899.5,12.26923149,69920.7,69967.5,69857.4,69899.5
1770402000000,BTC-USDT,69908.4,42.54839754,69898.5,69966.6,69860.1,69908.4
1770402060000,BTC-USDT,69739.9,13.52960941,69912.4,69939.9,69700.1,69739.9
1770402120000,BTC-USDT,69570.4,21.88036235,69739.9,69759.9,69545.5,69570.4
1770402180000,BTC-USDT,69429.2,16.69318916,69564.3,69572.3,69418.8,69429.2
1770402240000,BTC-USDT,69480,14.76257489,69429.2,69480,69341.8,69480
1770402300000,BTC-USDT,69594.9,16.25788171,69480,69670.8,69442.5,69594.9
1770402360000,BTC-USDT,69522.3,9.34882088,69594.8,69643.8,69447.8,69522.3
1770402420000,BTC-USDT,69416.5,7.62390016,69520,69575.4,69400,69416.5
1770402480000,BTC-USDT,69486.8,6.1090093,69416.5,69531.4,69416.5,69486.8
1770402540000,BTC-USDT,69556.6,8.64144539,69486.5,69648.3,69473.8,69556.6
1770402600000,BTC-USDT,69555.3,10.46973778,69556.6,69583.4,69480,69555.3
1770402660000,BTC-USDT,69487.2,8.39010574,69555.2,69607,69471.8,69487.2
1770402720000,BTC-USDT,69451.9,8.55680254,69487.1,69510.2,69406.8,69451.9
1770402780000,BTC-USDT,69542.4,9.50492694,69449.2,69557.3,69393.7,69542.4
1770402840000,BTC-USDT,69836.1,14.55659935,69552.4,69849.6,69552.4,69836.1
1770402900000,BTC-USDT,69845.5,4.6986993,69849,69849,69727,69845.5
1770402960000,BTC-USDT,69872.6,4.16874702,69820.1,69908.4,69800,69872.6
1770403020000,BTC-USDT,69945.1,6.36438793,69871,69960,69835.3,69945.1
1770403080000,BTC-USDT,70140.7,13.26965407,69949.3,70227.2,69907.7,70140.7
1770403140000,BTC-USDT,70170.7,11.05359452,70140.2,70225.4,70040.7,70170.7
1770403200000,BTC-USDT,70276.1,9.16462438,70170.6,70290,70087.8,70276.1
1770403260000,BTC-USDT,70156.2,22.77325483,70265.7,70283.2,70108.1,70156.2
1770403320000,BTC-USDT,70219,5.33340719,70156.2,70246.3,70144.5,70219
1770403380000,BTC-USDT,70156,7.59591959,70223.7,70232.7,70144.7,70156
1770403440000,BTC-USDT,69978.3,11.90955177,70155.9,70156,69978.3,69978.3
1770403500000,BTC-USDT,70173.6,11.49596298,69990,70205.1,69983.1,70173.6
1770403560000,BTC-USDT,70052,2.65621186,70177.6,70177.6,70000.1,70052
1770403620000,BTC-USDT,70044.3,10.46068711,70054.6,70142.3,69986.5,70044.3
1770403680000,BTC-USDT,70139.7,7.50595792,70051.3,70145.7,70044.8,70139.7
1770403740000,BTC-USDT,70115.4,6.22921491,70139.9,70173,70070,70115.4
1770403800000,BTC-USDT,70058.7,7.63501685,70113.4,70167.8,70055.9,70058.7
1770403860000,BTC-USDT,69982.9,18.1706696,70058.8,70069.3,69960,69982.9
1770403920000,BTC-USDT,69871.7,6.089551,69989.1,69998.6,69784.5,69871.7
1770403980000,BTC-USDT,69948.5,8.08470336,69876.7,69956.5,69802.4,69948.5
1770404040000,BTC-USDT,69985.9,6.25211387,69947.8,70013.4,69853.5,69985.9
1770404100000,BTC-USDT,69968.4,8.6734968,69991.1,70078.4,69968.4,69968.4
1770404160000,BTC-USDT,69944.9,5.42672428,69968.3,69968.3,69903.1,69944.9
1770404220000,BTC-USDT,69911.5,5.48680947,69944.9,69956.6,69860,69911.5
1770404280000,BTC-USDT,69798.1,5.62840605,69911.6,69925.4,69790,69798.1
1770404340000,BTC-USDT,69772.4,5.11975677,69792.8,69810.5,69761.9,69772.4
1770404400000,BTC-USDT,69861.9,5.6576499,69774,69881.1,69733.4,69861.9
1770404460000,BTC-USDT,69922.6,5.03500905,69861.9,69939.8,69727.2,69922.6
1770404520000,BTC-USDT,69988.3,10.88012016,69922.5,70024.1,69877,69988.3
1770404580000,BTC-USDT,69961.7,5.26821349,69988.1,70011.3,69902.1,69961.7
1770404640000,BTC-USDT,70039.6,5.5800226,69961.7,70039.6,69943.3,70039.6
1770404700000,BTC-USDT,69959.7,11.83332365,70039.8,70059.8,69959.7,69959.7
1770404760000,BTC-USDT,70113.8,4.94393537,69963.7,70119.8,69956.5,70113.8
1770404820000,BTC-USDT,70119.4,6.28359493,70113.8,70140.9,70016.1,70119.4
1770404880000,BTC-USDT,70186,6.22438562,70119.8,70192.9,70104.7,70186
1770404940000,BTC-USDT,69925.8,106.93553,70186,70186.1,69914.8,69925.8
1770405000000,BTC-USDT,69788,30.00465104,69925.8,69929.2,69762.3,69788
1770405060000,BTC-USDT,69945,8.34232628,69788,69994.7,69788,69945
1770405120000,BTC-USDT,69818.8,12.0834534,69944.9,69944.9,69808.6,69818.8
1770405180000,BTC-USDT,69792,22.40535524,69821.4,69876.5,69780,69792
1770405240000,BTC-USDT,69829.6,5.57672663,69793.9,69832.2,69754.5,69829.6
1770405300000,BTC-USDT,69827.7,4.10901636,69828.5,69848.2,69780.8,69827.7
1770405360000,BTC-USDT,69721.4,6.74591406,69827.8,69856.3,69721.4,69721.4
1770405420000,BTC-USDT,69741.3,7.91806964,69720.1,69773.4,69667,69741.3
1770405480000,BTC-USDT,69761.9,12.83983042,69742.4,69806.6,69671,69761.9
1770405540000,BTC-USDT,69933.3,5.54870036,69761.8,69935.1,69727.1,69933.3
1770405600000,BTC-USDT,70120.1,27.21876825,69930.1,70152,69905,70120.1
1770405660000,BTC-USDT,69984.7,4.631029,70120.1,70120.1,69931.5,69984.7
1770405720000,BTC-USDT,70120.9,10.12355567,69984.7,70136.9,69940.1,70120.9
1770405780000,BTC-USDT,70159.9,14.38086223,70127.8,70200,70082.3,70159.9
1770405840000,BTC-USDT,70348.5,20.34994301,70158,70365.9,70125.4,70348.5
1770405900000,BTC-USDT,70409.3,28.03623378,70348.5,70438.4,70273.3,70409.3
1770405960000,BTC-USDT,70435,10.95093763,70416.1,70478.7,70380,70435
1770406020000,BTC-USDT,70282.3,4.29707868,70435,70451,70279.9,70282.3
1770406080000,BTC-USDT,70310.8,3.02874003,70280.6,70328,70265.8,70310.8
1770406140000,BTC-USDT,70269.1,2.78274493,70310.7,70336,70264.2,70269.1
1770406200000,BTC-USDT,70230.9,5.27701605,70269,70269,70145,70230.9
1770406260000,BTC-USDT,70184.1,6.15758728,70237.5,70279.8,70180,70184.1
1770406320000,BTC-USDT,70317.7,4.4865182,70184.2,70322,70184.2,70317.7
1770406380000,BTC-USDT,70405.5,5.49175552,70322.1,70447,70319.9,70405.5
1770406440000,BTC-USDT,70400,4.85257063,70405.4,70476.1,70360,70400
1770406500000,BTC-USDT,70471,4.85097863,70400,70472.5,70371.9,70471
1770406560000,BTC-USDT,70341.5,8.2188259,70470.9,70515,70302.3,70341.5
1770406620000,BTC-USDT,70299,2.91122503,70344.1,70386.8,70285.6,70299
1770406680000,BTC-USDT,70366,5.34097226,70296.6,70391.9,70287.6,70366
1770406740000,BTC-USDT,70371.3,4.53590905,70366,70381,70337.9,70371.3
1770406800000,BTC-USDT,70252.2,6.56056718,70371.2,70371.2,70222.7,70252.2
1770406860000,BTC-USDT,70293.5,3.84873229,70244,70293.5,70222.3,70293.5
1770406920000,BTC-USDT,70341.9,7.5410941,70293.6,70415.4,70293.6,70341.9
1770406980000,BTC-USDT,70419.8,18.2238343,70343.8,70426.8,70252.6,70419.8
1770407040000,BTC-USDT,70400.1,5.92671394,70419.9,70434.2,70358.1,70400.1
1770407100000,BTC-USDT,70485.3,2.85865378,70400.1,70513,70400.1,70485.3
1770407160000,BTC-USDT,70446.8,9.95432878,70485.2,70485.2,70424.5,70446.8
1770407220000,BTC-USDT,70532.7,5.45703163,70448.9,70555.6,70426.9,70532.7
1770407280000,BTC-USDT,70661.7,22.90707552,70533.4,70668.6,70450,70661.7
1770407340000,BTC-USDT,70664.7,9.06401868,70661.7,70720,70640.6,70664.7
1770407400000,BTC-USDT,70555.9,7.21592296,70664.6,70664.6,70476.6,70555.9
1770407460000,BTC-USDT,70632.5,10.25406095,70555.9,70647.4,70531.1,70632.5
1770407520000,BTC-USDT,70754.5,8.33135908,70629.8,70754.6,70617.6,70754.5
1770407580000,BTC-USDT,70854,21.92941918,70754.6,70918.2,70732,70854
1770407640000,BTC-USDT,70766.8,22.63434554,70854,70858.6,70716.2,70766.8
1770407700000,BTC-USDT,70820.5,31.89886447,70766.8,70839.8,70745,70820.5
1770407760000,BTC-USDT,70762.1,27.3486648,70820.5,70834.4,70699.5,70762.1
1770407820000,BTC-USDT,70843.6,28.90867403,70762.2,70947.9,70762.2,70843.6
1770407880000,BTC-USDT,70786.5,13.49577668,70843.4,70859.8,70742.8,70786.5
1770407940000,BTC-USDT,70731,8.56388928,70786.5,70827.3,70688.8,70731
1770408000000,BTC-USDT,70645.1,11.89537815,70730.1,70730.2,70625.1,70645.1
1770408060000,BTC-USDT,70697.6,7.07603273,70645.1,70718.5,70610.5,70697.6
1770408120000,BTC-USDT,70774.4,4.83294629,70703.4,70774.4,70641.6,70774.4
1770408180000,BTC-USDT,70818.8,5.49790876,70777,70854.4,70764.8,70818.8
1770408240000,BTC-USDT,70710.7,11.34077348,70818.9,70844.9,70710.6,70710.7
1770408300000,BTC-USDT,70600.1,19.71552617,70710.6,70710.6,70555.5,70600.1
1770408360000,BTC-USDT,70553.1,11.64705149,70600,70619.9,70500.2,70553.1
1770408420000,BTC-USDT,70567.1,6.45541907,70553.2,70584.3,70465.7,70567.1
1770408480000,BTC-USDT,70464.4,12.90192338,70575.5,70581.2,70420.5,70464.4
1770408540000,BTC-USDT,70491.8,5.53017108,70466,70514.3,70466,70491.8
1770408600000,BTC-USDT,70501.8,6.84743678,70491.9,70528.6,70459.1,70501.8
1770408660000,BTC-USDT,70523.8,8.01848302,70501.7,70579.2,70472.6,70523.8
1770408720000,BTC-USDT,70469.4,5.41438017,70523.8,70563.8,70469.4,70469.4
1770408780000,BTC-USDT,70389.2,7.19679786,70469.3,70512,70368.3,70389.2
1770408840000,BTC-USDT,70506.8,5.3466238,70389.3,70515.6,70389.3,70506.8
1770408900000,BTC-USDT,70461.2,7.6407523,70506.8,70509.6,70385,70461.2
1770408960000,BTC-USDT,70261.7,31.9197916,70461.1,70473.1,70247.3,70261.7
1770409020000,BTC-USDT,70375.3,6.89497788,70261.8,70393.5,70224.7,70375.3
1770409080000,BTC-USDT,70429.5,6.45121143,70375.3,70429.6,70340,70429.5
1770409140000,BTC-USDT,70408.6,6.25894799,70429.5,70437.6,70349.1,70408.6
1770409200000,BTC-USDT,70531.6,4.99827708,70416.1,70536,70416.1,70531.6
1770409260000,BTC-USDT,70462,7.92425128,70531.5,70531.5,70400,70462
1770409320000,BTC-USDT,70511.4,5.44938142,70468.7,70523.5,70426.3,70511.4
1770409380000,BTC-USDT,70628.5,6.08466955,70511.3,70674.9,70499.2,70628.5
1770409440000,BTC-USDT,70575.8,7.08323328,70638.5,70678.3,70521.4,70575.8
1770409500000,BTC-USDT,70465.8,4.78289084,70575.8,70606.7,70465.8,70465.8
1770409560000,BTC-USDT,70563.7,5.63565508,70465.7,70563.7,70424.2,70563.7
1770409620000,BTC-USDT,70567.3,5.77187834,70563.7,70623.2,70533.9,70567.3
1770409680000,BTC-USDT,70598.3,5.4944436,70573.7,70644.5,70555.3,70598.3
1770409740000,BTC-USDT,70581,3.90361352,70598.3,70639.9,70571.3,70581
1770409800000,BTC-USDT,70543,35.29959338,70581.6,70581.6,70496.6,70543
1770409860000,BTC-USDT,70558.6,16.35364745,70543,70599.8,70532.7,70558.6
1770409920000,BTC-USDT,70640.1,3.44853717,70558.6,70644,70558.6,70640.1
1770409980000,BTC-USDT,70698.4,14.0875018,70640,70698.4,70545.4,70698.4
1770410040000,BTC-USDT,70781.2,32.88204723,70698.4,70835.1,70618.7,70781.2
1770410100000,BTC-USDT,70989.3,49.57660285,70778.6,70993.5,70752.3,70989.3
1770410160000,BTC-USDT,70855.5,5.83629388,70993.4,70993.4,70820.7,70855.5
1770410220000,BTC-USDT,70735.3,4.95245981,70858.8,70921.4,70735.3,70735.3
1770410280000,BTC-USDT,70433.5,13.06631158,70735.4,70735.4,70427,70433.5
1770410340000,BTC-USDT,70440,9.38452399,70433.5,70473.4,70396,70440
1770410400000,BTC-USDT,70311.5,28.39559973,70439.9,70439.9,70263.7,70311.5
1770410460000,BTC-USDT,70291.4,20.74714562,70311.5,70432.1,70274.4,70291.4
1770410520000,BTC-USDT,70215.9,10.66757862,70291.5,70370.2,70201,70215.9
1770410580000,BTC-USDT,70224.8,34.76170131,70215.9,70261.3,70157.8,70224.8
1770410640000,BTC-USDT,70279.9,8.8544144,70224.7,70279.9,70200.1,70279.9
1770410700000,BTC-USDT,70280,4.2020871,70280,70292.8,70212,70280
1770410760000,BTC-USDT,70247.7,11.39235577,70268.2,70292.8,70195.3,70247.7
1770410820000,BTC-USDT,70321.9,11.7540763,70255.6,70354.8,70223.3,70321.9
1770410880000,BTC-USDT,70287.9,4.29760161,70321.9,70321.9,70250.2,70287.9
1770410940000,BTC-USDT,70398.5,8.49771196,70290.9,70399.1,70290.8,70398.5
1770411000000,BTC-USDT,70528.6,10.38121514,70398.4,70528.6,70383.3,70528.6
1770411060000,BTC-USDT,70534.5,16.60245857,70528.5,70564.6,70488.9,70534.5
1770411120000,BTC-USDT,70447.6,8.35496213,70537.3,70596.3,70414.5,70447.6
1770411180000,BTC-USDT,70492.5,7.96885916,70447.6,70504.9,70423.9,70492.5
1770411240000,BTC-USDT,70395.9,17.0635655,70493.9,70493.9,70336.6,70395.9
1770411300000,BTC-USDT,70258.5,6.19091728,70399.7,70399.7,70255,70258.5
1770411360000,BTC-USDT,70053.1,36.55562761,70262.4,70262.4,70015.1,70053.1
1770411420000,BTC-USDT,70095.9,16.27091165,70053,70096,70000.2,70095.9
1770411480000,BTC-USDT,70120.7,9.71383411,70096,70161.1,70065.8,70120.7
1770411540000,BTC-USDT,70000.7,47.46515929,70123.8,70211,70000,70000.7
1770411600000,BTC-USDT,70104.5,23.23789028,70000.7,70104.5,69882,70104.5
1770411660000,BTC-USDT,70174.9,13.25341602,70104.5,70208.7,70042.9,70174.9
1770411720000,BTC-USDT,70158.3,11.30148357,70174.8,70222.1,70094.5,70158.3
1770411780000,BTC-USDT,70155.5,6.42570799,70158.3,70179,70057.1,70155.5
1770411840000,BTC-USDT,70143.5,10.07110456,70155.4,70203.3,70108.4,70143.5
1770411900000,BTC-USDT,70039.8,8.52355454,70143.5,70179.4,70033.1,70039.8
1770411960000,BTC-USDT,69933.5,18.54305181,70039.8,70049.9,69913,69933.5
1770412020000,BTC-USDT,69928.7,11.11335721,69933.5,69989.9,69835.5,69928.7
1770412080000,BTC-USDT,70006.4,3.32210611,69928.8,70054,69928.8,70006.4
1770412140000,BTC-USDT,69983.4,10.28406248,70006.4,70026.9,69957.5,69983.4
1770412200000,BTC-USDT,70087.8,5.52386818,69983.4,70105.5,69962.1,70087.8
1770412260000,BTC-USDT,70058.6,20.76274764,70087.9,70116.9,70045.9,70058.6
1770412320000,BTC-USDT,69998.1,4.62229581,70064.4,70064.4,69972,69998.1
1770412380000,BTC-USDT,69982.1,4.3614932,69998.6,70038.5,69965.2,69982.1
1770412440000,BTC-USDT,70002.5,3.82648129,69982.1,70032,69982.1,70002.5
1770412500000,BTC-USDT,69985,8.65696564,70005.4,70040.2,69967.8,69985
1770412560000,BTC-USDT,70017.5,4.2570144,69985.1,70046.2,69977.7,70017.5
1770412620000,BTC-USDT,70091.9,6.37862002,70017.4,70091.9,69944,70091.9
1770412680000,BTC-USDT,70179.9,8.82697777,70094.1,70220.6,70075.9,70179.9
1770412740000,BTC-USDT,70227.2,32.14224043,70179.8,70272.6,70134.4,70227.2
1770412800000,BTC-USDT,70242.3,8.65796575,70227.1,70259.7,70213,70242.3
1770412860000,BTC-USDT,70278.5,1.95270446,70242.3,70279.9,70232.8,70278.5
1770412920000,BTC-USDT,70272.3,2.09020918,70278.5,70283.7,70244.7,70272.3
1770412980000,BTC-USDT,70342.7,17.09410621,70272.3,70378.2,70272.3,70342.7
1770413040000,BTC-USDT,70302.3,33.50072488,70342.6,70342.6,70235.1,70302.3
1770413100000,BTC-USDT,70451.5,18.13194837,70302.3,70451.6,70302.3,70451.5
1770413160000,BTC-USDT,70502.6,8.50494331,70451.5,70502.6,70407.9,70502.6
1770413220000,BTC-USDT,70459.3,2.33138186,70501,70501,70446.1,70459.3
1770413280000,BTC-USDT,70476.9,14.61059202,70459.2,70527.3,70456.6,70476.9
1770413340000,BTC-USDT,70397.3,2.54693896,70476.9,70476.9,70395.3,70397.3
1770413400000,BTC-USDT,70392.4,3.73846618,70397.3,70402.5,70364.6,70392.4
1770413460000,BTC-USDT,70312.6,1.72910457,70392.3,70392.3,70312,70312.6
1770413520000,BTC-USDT,70199.9,25.7378983,70312.6,70322,70192.9,70199.9
1770413580000,BTC-USDT,70200,13.56184482,70200,70200,70153.9,70200
1770413640000,BTC-USDT,70123.8,12.58048393,70200,70219,70111.4,70123.8
1770413700000,BTC-USDT,70192,3.67122283,70125.5,70199.9,70119.9,70192
1770413760000,BTC-USDT,70142.7,6.31976271,70192.4,70238.4,70139.7,70142.7
1770413820000,BTC-USDT,70197.2,2.52734426,70142.8,70207.6,70142.8,70197.2
1770413880000,BTC-USDT,70264.8,3.66540095,70197.2,70293.1,70165.4,70264.8
1770413940000,BTC-USDT,70282.4,3.52365257,70264.9,70323.6,70246,70282.4
1770414000000,BTC-USDT,70246.8,1.43932189,70282.5,70300.4,70244.2,70246.8
1770414060000,BTC-USDT,70244.6,1.90129857,70246.7,70282.9,70226.9,70244.6
1770414120000,BTC-USDT,70289,5.35966037,70244.7,70324,70244.7,70289
1770414180000,BTC-USDT,70332.2,1.66962584,70292.7,70332.2,70264.9,70332.2
1770414240000,BTC-USDT,70286.9,2.96365196,70332.2,70354.9,70264.9,70286.9
1770414300000,BTC-USDT,70291.8,11.5930663,70286.8,70296.2,70262.8,70291.8
1770414360000,BTC-USDT,70328.3,3.11418251,70291.9,70342.6,70291.9,70328.3
1770414420000,BTC-USDT,70264.1,3.36784842,70328.3,70335,70250.7,70264.1
1770414480000,BTC-USDT,70261,1.32807834,70267.7,70275.3,70244.2,70261
1770414540000,BTC-USDT,70288,3.79605609,70264.8,70336,70264.8,70288
1770414600000,BTC-USDT,70428.7,25.67958602,70281.3,70469.3,70281.3,70428.7
1770414660000,BTC-USDT,70371.1,2.08282378,70428.6,70430.2,70349.5,70371.1
1770414720000,BTC-USDT,70376.2,2.27211915,70371,70400.1,70360.1,70376.2
1770414780000,BTC-USDT,70356.2,4.23036735,70374.8,70437.2,70331.9,70356.2
1770414840000,BTC-USDT,70326.1,3.60878273,70353,70372.1,70281.8,70326.1
1770414900000,BTC-USDT,70379.9,1.32940569,70326.1,70379.9,70326.1,70379.9
1770414960000,BTC-USDT,70415.1,3.88807343,70380.5,70431.2,70376,70415.1
1770415020000,BTC-USDT,70388.9,1.92494823,70415.2,70415.2,70373.7,70388.9
1770415080000,BTC-USDT,70368.5,1.94660472,70392.2,70412.7,70357.5,70368.5
1770415140000,BTC-USDT,70358.1,1.31256143,70368.5,70375.9,70332.5,70358.1
1770415200000,BTC-USDT,70324,2.49031954,70362.6,70381.4,70296.6,70324
1770415260000,BTC-USDT,70324.1,2.51510438,70324.1,70357.1,70280,70324.1
1770415320000,BTC-USDT,70327.1,6.74568967,70319.6,70417.1,70314.9,70327.1
1770415380000,BTC-USDT,70453.6,4.45500537,70327.2,70459,70307.9,70453.6
1770415440000,BTC-USDT,70569.4,34.85430206,70453.6,70657.1,70438.5,70569.4
1770415500000,BTC-USDT,70609.5,10.77896846,70568,70647.5,70518.6,70609.5
1770415560000,BTC-USDT,70685.4,10.40090992,70605,70771.1,70579.9,70685.4
1770415620000,BTC-USDT,70591.5,7.62005359,70685.4,70695.9,70579.2,70591.5
1770415680000,BTC-USDT,70658.6,1.78269007,70591.5,70682.3,70560.2,70658.6
1770415740000,BTC-USDT,70651.3,5.80977838,70660,70702.1,70641.1,70651.3
1770415800000,BTC-USDT,70553.3,10.0811101,70651.3,70675,70545.3,70553.3
1770415860000,BTC-USDT,70565.7,3.35118987,70554.7,70565.8,70516,70565.7
1770415920000,BTC-USDT,70633.6,3.53168237,70565.7,70633.7,70528.8,70633.6
1770415980000,BTC-USDT,70399.9,14.16502349,70633.7,70637.1,70306.6,70399.9
1770416040000,BTC-USDT,70442,1.76273624,70399.9,70487.9,70382.7,70442
1770416100000,BTC-USDT,70502.9,1.09206843,70442,70508.5,70422.8,70502.9
1770416160000,BTC-USDT,70563.2,7.49739937,70504.6,70574.9,70500.7,70563.2
1770416220000,BTC-USDT,70527.4,3.65996705,70568.5,70569.2,70484.8,70527.4
1770416280000,BTC-USDT,70562.9,5.3924149,70526.9,70596.8,70494.7,70562.9
1770416340000,BTC-USDT,70562.3,12.85671468,70562.8,70573,70539.9,70562.3
1770416400000,BTC-USDT,70560,2.83776896,70562.3,70576.1,70522,70560
1770416460000,BTC-USDT,70573.2,0.90037529,70559.9,70575.5,70523.5,70573.2
1770416520000,BTC-USDT,70600,2.80850508,70575.5,70600,70575.5,70600
1770416580000,BTC-USDT,70613.4,4.46972315,70600,70679.8,70600,70613.4
1770416640000,BTC-USDT,70664.5,4.09866265,70617.6,70664.5,70582.7,70664.5
1770416700000,BTC-USDT,70689.1,2.54036017,70664.9,70716.5,70625.8,70689.1
1770416760000,BTC-USDT,70764.7,5.58892572,70689,70771.1,70622.7,70764.7
1770416820000,BTC-USDT,70767.5,3.31704456,70762.2,70770.7,70700,70767.5
1770416880000,BTC-USDT,70747.9,6.06954024,70770.5,70770.5,70704.8,70747.9
1770416940000,BTC-USDT,70812.1,19.34520636,70747.9,70814.3,70747.9,70812.1
1770417000000,BTC-USDT,70878.3,12.65810949,70812.2,70963.4,70808.8,70878.3
1770417060000,BTC-USDT,70810.1,4.18521316,70878.1,70909.9,70810.1,70810.1
1770417120000,BTC-USDT,70888.6,3.2428864,70810.1,70911.2,70810,70888.6
1770417180000,BTC-USDT,70871.7,3.76242712,70888.6,70888.7,70840.6,70871.7
1770417240000,BTC-USDT,70994.5,8.56246302,70871.6,71021.1,70871.6,70994.5
1770417300000,BTC-USDT,71139.8,17.07831669,70996.8,71214.9,70950.1,71139.8
1770417360000,BTC-USDT,71219.8,13.31247532,71136.5,71353.9,71107.5,71219.8
1770417420000,BTC-USDT,71286.8,4.17381168,71223.6,71286.8,71223.6,71286.8
1770417480000,BTC-USDT,71442.5,19.66166292,71290.7,71474.9,71290.7,71442.5
1770417540000,BTC-USDT,71246.4,12.71191591,71444.1,71444.1,71200,71246.4
1770417600000,BTC-USDT,71215.8,5.12566179,71246.4,71299.8,71200.1,71215.8
1770417660000,BTC-USDT,71114.5,12.21694082,71215.7,71239.8,71103,71114.5
1770417720000,BTC-USDT,71207.1,9.57540269,71114.5,71263.7,71114.5,71207.1
1770417780000,BTC-USDT,71283.3,2.83311149,71207.1,71335,71176.8,71283.3
1770417840000,BTC-USDT,71185.8,6.7116647,71286.4,71286.4,71164.8,71185.8
1770417900000,BTC-USDT,71061,10.352233,71192.5,71230.2,71060.6,71061
1770417960000,BTC-USDT,71180.2,2.80818906,71068.6,71180.2,71060.1,71180.2
1770418020000,BTC-USDT,71229.3,3.975317,71180.2,71239.8,71148.3,71229.3
1770418080000,BTC-USDT,71397.6,12.64193379,71229.2,71449.7,71228.1,71397.6
1770418140000,BTC-USDT,71362.3,4.57173065,71397.1,71399.8,71309.2,71362.3
1770418200000,BTC-USDT,71404.7,5.05956104,71362.2,71411.2,71341,71404.7
1770418260000,BTC-USDT,71426.8,5.88976073,71404.8,71496.5,71404.8,71426.8
1770418320000,BTC-USDT,71439.5,5.91232608,71422,71483.2,71404,71439.5
1770418380000,BTC-USDT,71432,11.57351616,71439.5,71449.9,71329.3,71432
1770418440000,BTC-USDT,71561.8,10.58078395,71431.9,71573,71399,71561.8
1770418500000,BTC-USDT,71389.8,7.76350935,71561.8,71561.8,71373.2,71389.8
1770418560000,BTC-USDT,71375.6,2.18840158,71389.8,71414.5,71333.3,71375.6
1770418620000,BTC-USDT,71385.5,1.78221999,71373.5,71389.1,71351.4,71385.5
1770418680000,BTC-USDT,71331,34.11171049,71385.5,71390,71301.3,71331
1770418740000,BTC-USDT,71346.2,7.34720214,71331,71384.8,71300,71346.2
1770418800000,BTC-USDT,71374,7.06928373,71346.2,71414.3,71341,71374
1770418860000,BTC-USDT,71361.6,9.08014255,71372,71390,71339.9,71361.6
1770418920000,BTC-USDT,71544.9,5.91882117,71361.5,71545,71361.5,71544.9
1770418980000,BTC-USDT,71683,25.28418154,71544.9,71685,71538.5,71683
1770419040000,BTC-USDT,71645.6,16.97766906,71683,71688,71635.2,71645.6
1770419100000,BTC-USDT,71623.8,5.00108761,71645.6,71674.5,71605,71623.8
1770419160000,BTC-USDT,71674.2,14.03317476,71623.8,71745.8,71623.8,71674.2
1770419220000,BTC-USDT,71542.1,13.60860256,71674.2,71677.7,71530.1,71542.1
1770419280000,BTC-USDT,71496.9,19.01561149,71542.1,71563.1,71447.9,71496.9
1770419340000,BTC-USDT,71402,11.86654021,71496.9,71496.9,71354,71402
1770419400000,BTC-USDT,71302.5,4.36048584,71400,71400,71302.5,71302.5
1770419460000,BTC-USDT,71219,11.45063907,71302.5,71325.9,71200.1,71219
1770419520000,BTC-USDT,71170,7.15830653,71218.9,71272.2,71148.3,71170
1770419580000,BTC-USDT,71137.6,11.90047053,71169.9,71180,71127.2,71137.6
1770419640000,BTC-USDT,71114.9,8.54910557,71137,71158.7,71066.7,71114.9
1770419700000,BTC-USDT,70947,10.03474635,71112,71112.1,70941.6,70947
1770419760000,BTC-USDT,71043.9,3.36485122,70950.5,71053.3,70950.5,71043.9
1770419820000,BTC-USDT,70960.2,3.96200067,71044,71050.6,70947,70960.2
1770419880000,BTC-USDT,70679.9,19.34835699,70965.9,70965.9,70653,70679.9
1770419940000,BTC-USDT,70730.9,11.56447746,70688.1,70828.1,70608.7,70730.9
1770420000000,BTC-USDT,70833.2,13.83776245,70728.1,70931,70710.7,70833.2
1770420060000,BTC-USDT,70819.9,4.2867483,70833.2,70850.9,70733,70819.9
1770420120000,BTC-USDT,70749.4,4.22632181,70819.9,70880,70749.4,70749.4
1770420180000,BTC-USDT,70688.9,21.16082057,70747.4,70787.6,70599,70688.9
1770420240000,BTC-USDT,70594.9,19.55205064,70695.4,70728,70579.3,70594.9
1770420300000,BTC-USDT,70656,15.60564769,70594.8,70677.6,70587.9,70656
1770420360000,BTC-USDT,70731,3.86691916,70656,70767,70654.9,70731
1770420420000,BTC-USDT,70678,6.11755744,70727,70727,70641.1,70678
1770420480000,BTC-USDT,70566.1,7.30729253,70677.9,70677.9,70536.7,70566.1
1770420540000,BTC-USDT,70571,18.60030215,70566.1,70614,70555,70571
1770420600000,BTC-USDT,70765,7.13684225,70571,70768.1,70558.6,70765
1770420660000,BTC-USDT,70839.6,4.70958372,70760,70863.2,70700,70839.6
1770420720000,BTC-USDT,70710.8,13.5776979,70845,70866.3,70692.7,70710.8
1770420780000,BTC-USDT,70792.5,1.69920928,70710.9,70792.6,70710.9,70792.5
1770420840000,BTC-USDT,70736.9,1.31453061,70786,70786,70703.4,70736.9
1770420900000,BTC-USDT,70781.1,1.21602827,70737,70799.9,70736.8,70781.1
1770420960000,BTC-USDT,70700.8,4.85292065,70779.9,70779.9,70700.8,70700.8
1770421020000,BTC-USDT,70712,8.09069603,70700.7,70733,70676.1,70712
1770421080000,BTC-USDT,70697.6,1.57777861,70716.9,70727,70650,70697.6
1770421140000,BTC-USDT,70821.1,2.56723445,70697.6,70827.5,70673.5,70821.1
1770421200000,BTC-USDT,70798.9,2.77821561,70821.2,70821.2,70717,70798.9
1770421260000,BTC-USDT,70732.1,2.01627636,70799,70831.7,70724.6,70732.1
1770421320000,BTC-USDT,70657,3.9896815,70731.6,70731.6,70638.6,70657
1770421380000,BTC-USDT,70659.5,2.76690293,70661.5,70667,70639.2,70659.5
1770421440000,BTC-USDT,70647.7,1.88315138,70659.5,70666,70639.1,70647.7
1770421500000,BTC-USDT,70647,2.70986795,70647.6,70667,70610.5,70647
1770421560000,BTC-USDT,70638,2.51818677,70647,70684,70631.7,70638
1770421620000,BTC-USDT,70684,0.7594798,70636,70689.7,70634.1,70684
1770421680000,BTC-USDT,70737.3,3.67864529,70684,70770,70684,70737.3
1770421740000,BTC-USDT,70716.9,3.42557316,70737.3,70737.3,70659.9,70716.9
1770421800000,BTC-USDT,70688.4,3.37066096,70717,70740.9,70677.4,70688.4
1770421860000,BTC-USDT,70589.4,12.1531391,70681.7,70681.7,70575,70589.4
1770421920000,BTC-USDT,70608.2,2.63264104,70588.1,70645.9,70555,70608.2
1770421980000,BTC-USDT,70542.9,3.4197573,70614.9,70614.9,70533.4,70542.9
1770422040000,BTC-USDT,70569.5,3.00346568,70543,70579,70537.4,70569.5
1770422100000,BTC-USDT,70560.9,11.7791683,70569.4,70620.8,70508.8,70560.9
1770422160000,BTC-USDT,70614,1.44389965,70565.6,70631.9,70565.6,70614
1770422220000,BTC-USDT,70588.1,4.19398554,70610.2,70610.2,70562.1,70588.1
1770422280000,BTC-USDT,70597.4,5.89520814,70588.1,70638,70585.1,70597.4
1770422340000,BTC-USDT,70571.8,5.63494168,70597.9,70597.9,70549.2,70571.8
1770422400000,BTC-USDT,70336,75.72520952,70569.6,70599,70257.2,70336
1770422460000,BTC-USDT,70212.2,48.92461053,70336.1,70381.9,70181.1,70212.2
1770422520000,BTC-USDT,70285.1,13.66759499,70206.8,70417.4,70206.8,70285.1
1770422580000,BTC-USDT,70280,15.74847563,70285.1,70389.9,70267,70280
1770422640000,BTC-USDT,70251.2,6.78620232,70280.1,70337.9,70243.9,70251.2
1770422700000,BTC-USDT,70167.3,3.68504401,70247.7,70259.9,70167.2,70167.3
1770422760000,BTC-USDT,70074.5,18.98969366,70167.2,70181.5,70005.7,70074.5
1770422820000,BTC-USDT,70225.6,7.03222691,70074.5,70267.5,70074.5,70225.6
1770422880000,BTC-USDT,70196.2,15.05393596,70227.7,70249.4,70099.1,70196.2
1770422940000,BTC-USDT,70096.8,6.94474017,70196.2,70219.8,70074,70096.8
1770423000000,BTC-USDT,70146.1,5.72717051,70099,70183.8,70075.8,70146.1
1770423060000,BTC-USDT,70109.1,14.4538477,70146.9,70192.3,70105.1,70109.1
1770423120000,BTC-USDT,70273.1,14.45565557,70109.9,70273.1,70090.9,70273.1
1770423180000,BTC-USDT,70261.5,3.92627538,70267.6,70299.9,70248.9,70261.5
1770423240000,BTC-USDT,70269.3,3.03015432,70257.7,70292.9,70223.4,70269.3
1770423300000,BTC-USDT,70274,9.01826958,70273.4,70302.3,70233.5,70274
1770423360000,BTC-USDT,70326,8.22979189,70272.1,70332.2,70259.9,70326
1770423420000,BTC-USDT,70172.3,6.70536109,70322.4,70322.4,70064.8,70172.3
1770423480000,BTC-USDT,70200.9,6.72393023,70162.5,70244.5,70159.1,70200.9
1770423540000,BTC-USDT,70177.3,4.21097342,70201,70259.8,70148,70177.3
1770423600000,BTC-USDT,70235.8,7.577449,70181,70235.9,70142.3,70235.8
1770423660000,BTC-USDT,70233.9,4.3863041,70235.8,70235.8,70155.6,70233.9
1770423720000,BTC-USDT,70328,31.62907325,70235.7,70333.3,70208.8,70328
1770423780000,BTC-USDT,70411.9,3.54187169,70321.5,70444.3,70321.5,70411.9
1770423840000,BTC-USDT,70353.9,2.97581717,70404.3,70404.3,70342,70353.9
1770423900000,BTC-USDT,70370,3.7733886,70352,70388.8,70322,70370
1770423960000,BTC-USDT,70388,10.30514093,70373.4,70444.2,70373.4,70388
1770424020000,BTC-USDT,70247.9,4.27498539,70388,70394.3,70228.2,70247.9
1770424080000,BTC-USDT,70213.1,3.59645949,70250,70294,70192.8,70213.1
1770424140000,BTC-USDT,70100,14.98420318,70223,70252.5,70063.8,70100
1770424200000,BTC-USDT,70127.9,2.86910465,70100.1,70172.3,70100.1,70127.9
1770424260000,BTC-USDT,70050,2.8220547,70127.9,70154.7,70050,70050
1770424320000,BTC-USDT,69978.9,27.12628517,70053.5,70066.1,69960.7,69978.9
1770424380000,BTC-USDT,69972,67.08185365,69979,70121.9,69815.7,69972
1770424440000,BTC-USDT,70008.2,5.00909962,69977.6,70047,69977.6,70008.2
1770424500000,BTC-USDT,69802.2,27.46493866,70002.4,70002.4,69801.3,69802.2
1770424560000,BTC-USDT,69795.1,11.90898109,69803.9,69878.7,69795,69795.1
1770424620000,BTC-USDT,69818.8,79.89718453,69795.5,69900,69795.5,69818.8
1770424680000,BTC-USDT,69853.4,6.64274159,69825,69877.4,69776.2,69853.4
1770424740000,BTC-USDT,69785.1,3.72299267,69853.5,69888.8,69785,69785.1
1770424800000,BTC-USDT,69798,2.23672584,69789.4,69843.3,69789.4,69798
1770424860000,BTC-USDT,69848.4,6.63360057,69800.2,69888.9,69798,69848.4
1770424920000,BTC-USDT,69757.5,27.17436612,69845.4,69855.7,69753,69757.5
1770424980000,BTC-USDT,69767,7.33798481,69757.5,69797.8,69737.1,69767
1770425040000,BTC-USDT,69727,6.9571908,69767,69775.9,69709.8,69727
1770425100000,BTC-USDT,69858.6,18.74261663,69721.5,69881.6,69719.8,69858.6
1770425160000,BTC-USDT,69913,9.65239287,69853.6,69913,69811.2,69913
1770425220000,BTC-USDT,69885.8,6.06480797,69914.3,69915.2,69800.1,69885.8
1770425280000,BTC-USDT,69816.8,6.73934581,69882.1,69910.6,69801,69816.8
1770425340000,BTC-USDT,69884,3.38234529,69818.9,69921.6,69813.5,69884
1770425400000,BTC-USDT,70076.2,11.99541437,69884,70086.5,69883.9,70076.2
1770425460000,BTC-USDT,70223,14.72120259,70070.1,70274,70032,70223
1770425520000,BTC-USDT,70282,6.66930282,70227,70322.5,70187.4,70282
1770425580000,BTC-USDT,70148.3,7.33632213,70282.1,70317.4,70140,70148.3
1770425640000,BTC-USDT,70157,5.60283773,70148.3,70210,70140,70157
1770425700000,BTC-USDT,70134.5,4.91461266,70160,70169.1,70113.6,70134.5
1770425760000,BTC-USDT,69953.1,6.82769965,70133,70133,69940,69953.1
1770425820000,BTC-USDT,69941.6,2.51896783,69954.8,69978,69927.7,69941.6
1770425880000,BTC-USDT,69960,2.51461406,69942,69978,69941.9,69960
1770425940000,BTC-USDT,69955,2.3598988,69961.6,69986.6,69950.6,69955
1770426000000,BTC-USDT,69913.9,4.04320805,69954.9,69980.3,69913.9,69913.9
1770426060000,BTC-USDT,70040.8,1.54825316,69916.1,70040.8,69900.3,70040.8
1770426120000,BTC-USDT,69939.2,6.72634514,70044,70052.5,69920.1,69939.2
1770426180000,BTC-USDT,69916.1,3.0470633,69938,69938,69879.7,69916.1
1770426240000,BTC-USDT,69996.3,6.61632036,69916,70023,69916,69996.3
1770426300000,BTC-USDT,70015.1,5.79579205,69997.4,70026.9,69943.3,70015.1
1770426360000,BTC-USDT,69977.5,3.39947359,70018,70089.4,69977.5,69977.5
1770426420000,BTC-USDT,70035.4,2.45472042,69977.5,70059.4,69977.5,70035.4
1770426480000,BTC-USDT,69979,5.79308236,70035.4,70051.8,69946.2,69979
1770426540000,BTC-USDT,69985.1,3.1599531,69979,70025.2,69961,69985.1
1770426600000,BTC-USDT,69901,3.36328684,69985.1,69985.1,69894.3,69901
1770426660000,BTC-USDT,69871.1,3.21648521,69901,69939.4,69871.1,69871.1
1770426720000,BTC-USDT,69763.8,7.41323705,69870.6,69870.6,69742.2,69763.8
1770426780000,BTC-USDT,69799,3.85491694,69763.8,69850,69763.7,69799
1770426840000,BTC-USDT,69838.7,3.05672752,69799.1,69850,69778.4,69838.7
1770426900000,BTC-USDT,69964,14.69970433,69838.8,69964,69824.5,69964
1770426960000,BTC-USDT,70000,6.74879093,69963.9,70000,69910.6,70000
1770427020000,BTC-USDT,70033.4,7.53910604,70000,70073.4,69990.3,70033.4
1770427080000,BTC-USDT,70004.8,7.33693431,70033.9,70059.9,70000,70004.8
1770427140000,BTC-USDT,69956.6,4.6975541,70004.9,70019.9,69921.2,69956.6
1770427200000,BTC-USDT,69956.2,1.4937417,69954,69958.7,69927.5,69956.2
1770427260000,BTC-USDT,69942.1,7.50363086,69957.9,70059.9,69938.6,69942.1
1770427320000,BTC-USDT,69896.1,7.61004274,69942.8,69977,69887.6,69896.1
1770427380000,BTC-USDT,69959.5,1.64067854,69892.6,69959.5,69880.1,69959.5
1770427440000,BTC-USDT,69977,1.32109784,69959.5,69980,69943.4,69977
1770427500000,BTC-USDT,70096,8.23836949,69978.3,70114.2,69978.3,70096
1770427560000,BTC-USDT,70113,6.30598043,70092.1,70113.1,70088.6,70113
1770427620000,BTC-USDT,70172.1,2.16184345,70113,70175,70113,70172.1
1770427680000,BTC-USDT,70031.9,2.67689102,70171,70171,70003.2,70031.9
1770427740000,BTC-USDT,69982.2,3.17067219,70031.9,70064.6,69979.4,69982.2
1770427800000,BTC-USDT,69996,1.74889619,69982.3,70000.3,69975.2,69996
1770427860000,BTC-USDT,69993.2,7.72075906,69996,70009.9,69936.2,69993.2
1770427920000,BTC-USDT,70028,1.20044771,69999.3,70039.4,69977.2,70028
1770427980000,BTC-USDT,70113.9,5.93336155,70029,70113.9,70018.1,70113.9
1770428040000,BTC-USDT,70198.5,19.13852906,70091.8,70212.9,70081.4,70198.5
1770428100000,BTC-USDT,70191.9,5.60834202,70192.7,70238.8,70182.6,70191.9
1770428160000,BTC-USDT,70258.6,3.44255217,70192.7,70276.9,70185,70258.6
1770428220000,BTC-USDT,70258.9,1.38432394,70258.5,70276,70237.2,70258.9
1770428280000,BTC-USDT,70334,15.07071741,70258.9,70343.6,70258.9,70334
1770428340000,BTC-USDT,70251.5,3.55707943,70334,70334,70251.5,70251.5
1770428400000,BTC-USDT,70264,0.75568956,70250,70281.7,70218.2,70264
1770428460000,BTC-USDT,70248.4,0.77827586,70259.9,70279.8,70238.3,70248.4
1770428520000,BTC-USDT,70283.9,0.32777656,70248.4,70283.9,70239.9,70283.9
1770428580000,BTC-USDT,70291.4,1.20880449,70285,70319.6,70285,70291.4
1770428640000,BTC-USDT,70287,1.0118508,70289,70295.9,70259.9,70287
1770428700000,BTC-USDT,70427.2,35.39179551,70287.4,70535.7,70266,70427.2
1770428760000,BTC-USDT,70450,14.18135075,70427.2,70514.2,70427.2,70450
1770428820000,BTC-USDT,70508.7,6.53247577,70450.8,70574.9,70447.4,70508.7
1770428880000,BTC-USDT,70524,3.08027998,70506.6,70530.5,70500.1,70524
1770428940000,BTC-USDT,70536.9,2.76200267,70524,70558.9,70476,70536.9
1770429000000,BTC-USDT,70633.6,19.27955229,70537,70672,70529.6,70633.6
1770429060000,BTC-USDT,70594,2.93994249,70633,70676.7,70585,70594
1770429120000,BTC-USDT,70481,1.65458754,70594,70594,70475.2,70481
1770429180000,BTC-USDT,70546,1.106693,70481,70546.6,70463.1,70546
1770429240000,BTC-USDT,70508,2.02297548,70545.9,70558.3,70506,70508
1770429300000,BTC-USDT,70485.6,2.11107018,70509.2,70509.3,70455.9,70485.6
1770429360000,BTC-USDT,70514.9,3.55267333,70485.7,70531.4,70485.7,70514.9
1770429420000,BTC-USDT,70531.4,1.73219743,70515,70543.2,70515,70531.4
1770429480000,BTC-USDT,70513.9,0.85804205,70532,70532,70487.4,70513.9
1770429540000,BTC-USDT,70475.5,1.87809609,70513.9,70514,70472.8,70475.5
1770429600000,BTC-USDT,70397,3.80723527,70472.8,70472.8,70392.8,70397
1770429660000,BTC-USDT,70435.1,11.62392053,70392.9,70461.9,70392.9,70435.1
1770429720000,BTC-USDT,70484,1.95704686,70439.7,70484,70424.1,70484
1770429780000,BTC-USDT,70481.2,3.37288166,70483.9,70524.6,70445.1,70481.2
1770429840000,BTC-USDT,70555.2,4.21476063,70481.3,70566.1,70454.5,70555.2
1770429900000,BTC-USDT,70608.1,6.79662018,70549.4,70618.7,70546.9,70608.1
1770429960000,BTC-USDT,70566.1,1.25698151,70606,70606,70566,70566.1
1770430020000,BTC-USDT,70423.4,3.50071631,70566,70572.9,70419.9,70423.4
1770430080000,BTC-USDT,70386.3,2.59245046,70421.9,70442.5,70342.1,70386.3
1770430140000,BTC-USDT,70379.4,2.0642761,70392.6,70417.4,70363,70379.4
1770430200000,BTC-USDT,70437.9,3.49625695,70379.4,70448,70374,70437.9
1770430260000,BTC-USDT,70489.9,1.10879928,70442,70493,70430.7,70489.9
1770430320000,BTC-USDT,70465,0.52514272,70484.6,70484.6,70450,70465
1770430380000,BTC-USDT,70459.8,4.03852983,70465,70481.4,70414,70459.8
1770430440000,BTC-USDT,70427.8,0.81798439,70459.8,70459.8,70422.8,70427.8
1770430500000,BTC-USDT,70347.5,2.02588794,70427.7,70427.7,70347.5,70347.5
1770430560000,BTC-USDT,70342,2.75345129,70344.1,70374,70324.9,70342
1770430620000,BTC-USDT,70351.1,1.85059885,70342.9,70365.9,70342.9,70351.1
1770430680000,BTC-USDT,70331,4.33581794,70351.2,70352.5,70318,70331
1770430740000,BTC-USDT,70387.3,2.26977615,70330.2,70462.6,70330.2,70387.3
1770430800000,BTC-USDT,70373.6,0.94631092,70387.4,70409,70371.8,70373.6
1770430860000,BTC-USDT,70411.9,1.4780149,70373.6,70423.9,70352.9,70411.9
1770430920000,BTC-USDT,70429.9,2.1792576,70411.9,70429.9,70400.1,70429.9
1770430980000,BTC-USDT,70419,0.91478227,70429.9,70432.8,70416.1,70419
1770431040000,BTC-USDT,70467,3.31834439,70419,70467,70416.1,70467
1770431100000,BTC-USDT,70539.9,2.67593308,70467,70574.9,70467,70539.9
1770431160000,BTC-USDT,70528.7,0.93233618,70539.9,70558.3,70501,70528.7
1770431220000,BTC-USDT,70479.9,0.71113016,70528.5,70528.5,70479.9,70479.9
1770431280000,BTC-USDT,70433.8,3.27805554,70478.4,70498.8,70433.7,70433.8
1770431340000,BTC-USDT,70444.9,1.97903209,70433.7,70444.9,70398.9,70444.9
1770431400000,BTC-USDT,70410.1,2.34285739,70444.9,70450,70397.7,70410.1
1770431460000,BTC-USDT,70538.2,2.33851582,70410,70538.2,70410,70538.2
1770431520000,BTC-USDT,70456.1,6.66528504,70538.3,70544.8,70412.3,70456.1
1770431580000,BTC-USDT,70451.5,1.05934208,70456.1,70461.2,70443.1,70451.5
1770431640000,BTC-USDT,70499,2.85783757,70451.4,70520,70448,70499
1770431700000,BTC-USDT,70455.1,7.06651851,70498.9,70498.9,70437.8,70455.1
1770431760000,BTC-USDT,70501,1.91901496,70455.1,70501,70455,70501
1770431820000,BTC-USDT,70510,4.65463544,70500,70550,70488.1,70510
1770431880000,BTC-USDT,70490.5,1.1586833,70505.2,70506,70483.1,70490.5
1770431940000,BTC-USDT,70468,1.86259383,70490.6,70505.9,70453.5,70468
1770432000000,BTC-USDT,70481.4,0.37452669,70469.9,70486.7,70463.9,70481.4
1770432060000,BTC-USDT,70445,0.81844101,70479,70479,70421.6,70445
1770432120000,BTC-USDT,70468,3.05107095,70444.9,70472.9,70425.2,70468
1770432180000,BTC-USDT,70474,3.75687144,70469,70480.9,70468,70474
1770432240000,BTC-USDT,70452.2,3.1685843,70473.9,70498.7,70440.7,70452.2
1770432300000,BTC-USDT,70350.9,1.64035013,70452.1,70452.1,70339.3,70350.9
1770432360000,BTC-USDT,70214.8,21.79855422,70343.2,70343.2,70189.6,70214.8
1770432420000,BTC-USDT,70183.8,1.90325209,70221.9,70221.9,70181.8,70183.8
1770432480000,BTC-USDT,70197.9,4.83555098,70181.8,70224,70181.8,70197.9
1770432540000,BTC-USDT,70193,1.88271385,70197.4,70206.7,70180.1,70193
1770432600000,BTC-USDT,70230.7,2.38715109,70193,70230.7,70150.3,70230.7
1770432660000,BTC-USDT,70242.7,2.45231639,70231.6,70266,70212,70242.7
1770432720000,BTC-USDT,70248,4.95802465,70242,70287,70222.5,70248
1770432780000,BTC-USDT,70263.9,1.17526593,70250.2,70280.6,70250.2,70263.9
1770432840000,BTC-USDT,70304.9,0.70999913,70263.9,70305,70263.8,70304.9
1770432900000,BTC-USDT,70322.3,7.99871309,70305,70332.4,70257.4,70322.3
1770432960000,BTC-USDT,70350,1.37595101,70320.2,70350,70308,70350
1770433020000,BTC-USDT,70359.6,4.05325157,70350,70362.2,70308.8,70359.6
1770433080000,BTC-USDT,70363,4.14970022,70353,70370.3,70350.1,70363
1770433140000,BTC-USDT,70361,2.19717461,70362.9,70363.4,70317.4,70361
1770433200000,BTC-USDT,70307,21.03567035,70357.1,70391.7,70291,70307
1770433260000,BTC-USDT,70408.9,4.60799488,70308.7,70408.9,70308.7,70408.9
1770433320000,BTC-USDT,70392,6.42180644,70409,70538.2,70376,70392
1770433380000,BTC-USDT,70442,3.35541068,70391.9,70463.8,70389,70442
1770433440000,BTC-USDT,70413.6,3.81013428,70445.6,70452,70400.3,70413.6
1770433500000,BTC-USDT,70364.9,1.64650678,70412.4,70412.4,70363.3,70364.9
1770433560000,BTC-USDT,70421.2,0.42075691,70364.8,70429,70362.1,70421.2
1770433620000,BTC-USDT,70282.1,6.27036496,70421.2,70421.2,70273.4,70282.1
1770433680000,BTC-USDT,70377,0.96314034,70282.1,70378,70282.1,70377
1770433740000,BTC-USDT,70522.9,4.07170389,70376.9,70531,70376.9,70522.9
1770433800000,BTC-USDT,70566,6.662808,70522.8,70570,70512.1,70566
1770433860000,BTC-USDT,70718.9,8.30760749,70570,70731,70563.1,70718.9
1770433920000,BTC-USDT,70761.1,6.90442481,70711.7,70798.9,70701,70761.1
1770433980000,BTC-USDT,70764.3,20.93283251,70761.1,70806.4,70740,70764.3
1770434040000,BTC-USDT,70739.1,4.19406632,70764.3,70764.3,70689.5,70739.1
1770434100000,BTC-USDT,70768.8,5.48618411,70740.9,70840.5,70694,70768.8
1770434160000,BTC-USDT,70673.2,7.29541757,70766,70766,70610.5,70673.2
1770434220000,BTC-USDT,70647.1,2.30640309,70673.2,70722.4,70632,70647.1
1770434280000,BTC-USDT,70697.1,3.18028251,70647.1,70719,70647.1,70697.1
1770434340000,BTC-USDT,70669.1,2.62600753,70697.1,70741,70662.9,70669.1
1770434400000,BTC-USDT,70631.3,3.60233104,70669,70677.6,70625.2,70631.3
1770434460000,BTC-USDT,70598.7,1.25341646,70631.3,70631.3,70592.9,70598.7
1770434520000,BTC-USDT,70585.1,1.07033122,70598.6,70605.9,70582,70585.1
1770434580000,BTC-USDT,70623.7,2.36083607,70584,70628,70575,70623.7
1770434640000,BTC-USDT,70668.3,3.18534313,70623.6,70670,70614.1,70668.3
1770434700000,BTC-USDT,70750.1,11.32279454,70670,70775.7,70654.1,70750.1
1770434760000,BTC-USDT,70833.2,7.07843962,70750.1,70875,70750.1,70833.2
1770434820000,BTC-USDT,70848.9,4.54195695,70831.8,70882,70827.1,70848.9
1770434880000,BTC-USDT,70821.6,15.12198182,70848.9,70862.4,70810,70821.6
1770434940000,BTC-USDT,70851.1,6.22721028,70821.7,70866.8,70821.7,70851.1
1770435000000,BTC-USDT,70760.7,10.45266386,70851,70851,70760.7,70760.7
1770435060000,BTC-USDT,70802.6,12.15956082,70763,70851.9,70748.3,70802.6
1770435120000,BTC-USDT,70772,1.66793617,70805.9,70805.9,70752.8,70772
1770435180000,BTC-USDT,70768,0.98329087,70770.4,70772.9,70744.6,70768
1770435240000,BTC-USDT,70746.2,0.94839429,70768,70777.9,70714.9,70746.2
1770435300000,BTC-USDT,70838,3.3160232,70740,70838,70689.6,70838
1770435360000,BTC-USDT,70820,2.3839594,70838.9,70853,70799.9,70820
1770435420000,BTC-USDT,70838,3.37196945,70820,70855.8,70820,70838
1770435480000,BTC-USDT,70798,3.05499113,70837.9,70838,70770.9,70798
1770435540000,BTC-USDT,70828.8,1.06979823,70802,70836.4,70800,70828.8
1770435600000,BTC-USDT,70708.4,1.43299348,70828.8,70828.8,70708.3,70708.4
1770435660000,BTC-USDT,70639.9,6.15337659,70708.3,70708.3,70581.1,70639.9
1770435720000,BTC-USDT,70612.3,3.08751899,70639.9,70647,70588,70612.3
1770435780000,BTC-USDT,70598.2,2.30078255,70620.9,70638.3,70598.2,70598.2
1770435840000,BTC-USDT,70732.6,14.86546715,70598.2,70772.6,70594.9,70732.6
1770435900000,BTC-USDT,70680.9,2.2717116,70732.5,70732.5,70667.3,70680.9
1770435960000,BTC-USDT,70625,10.42539661,70681,70682.9,70623.1,70625
1770436020000,BTC-USDT,70688.9,2.22209148,70623.2,70729,70623.2,70688.9
1770436080000,BTC-USDT,70687,1.08499747,70697.8,70700.9,70647.7,70687
1770436140000,BTC-USDT,70740,8.78012032,70687,70781.6,70687,70740
1770436200000,BTC-USDT,70742,0.89807592,70739.9,70743.5,70707.5,70742
1770436260000,BTC-USDT,70752.7,3.0432443,70743.2,70764.9,70725.1,70752.7
1770436320000,BTC-USDT,70779.9,25.604669,70752.6,70786,70741.7,70779.9
1770436380000,BTC-USDT,70792.1,3.27183627,70781.9,70824.4,70772,70792.1
1770436440000,BTC-USDT,70840.1,3.54629657,70792.1,70840.1,70757.9,70840.1
1770436500000,BTC-USDT,70837.3,2.5658978,70840,70877.3,70809.3,70837.3
1770436560000,BTC-USDT,70744.1,4.54390808,70839.8,70839.8,70714.1,70744.1
1770436620000,BTC-USDT,70733.3,5.36598949,70744,70744,70707.2,70733.3
1770436680000,BTC-USDT,70847.5,4.02439891,70732.4,70855.7,70732.4,70847.5
1770436740000,BTC-USDT,70920,5.20870311,70847.5,70920.1,70820.1,70920
1770436800000,BTC-USDT,70957.2,40.51919756,70920,71038.4,70831.8,70957.2
1770436860000,BTC-USDT,71033,10.96011569,70955.7,71033,70928.9,71033
1770436920000,BTC-USDT,71048.1,7.51399156,71033,71052.3,70943.5,71048.1
1770436980000,BTC-USDT,71033.3,12.98530995,71043.8,71151,70972.4,71033.3
1770437040000,BTC-USDT,71094.9,19.02318467,71033.3,71225.1,70994.8,71094.9
1770437100000,BTC-USDT,71156.2,10.66019555,71097.8,71189,71068.4,71156.2
1770437160000,BTC-USDT,71030,6.7550109,71153.7,71181.6,70980.5,71030
1770437220000,BTC-USDT,71010.6,5.42856327,71030,71047,70986.1,71010.6
1770437280000,BTC-USDT,71064.7,4.19026536,71010.6,71071.9,70961.6,71064.7
1770437340000,BTC-USDT,71077,3.47877892,71073.5,71096.3,71023.1,71077
1770437400000,BTC-USDT,71059.9,6.25162814,71081.1,71117.3,71034.5,71059.9
1770437460000,BTC-USDT,71200.1,21.0159772,71059.9,71261.4,71059.8,71200.1
1770437520000,BTC-USDT,71244.2,14.56999682,71200,71310.8,71181.2,71244.2
1770437580000,BTC-USDT,71268.3,4.80871647,71247.1,71286,71191.7,71268.3
1770437640000,BTC-USDT,71219.6,6.35535913,71266.6,71300,71219.6,71219.6
1770437700000,BTC-USDT,71204,9.38292867,71218.9,71218.9,71138.5,71204
1770437760000,BTC-USDT,71324.1,9.54090837,71206.3,71336.8,71206.3,71324.1
1770437820000,BTC-USDT,71254.1,10.14763356,71324.4,71349.9,71242.5,71254.1
1770437880000,BTC-USDT,71314.9,8.2663554,71269.5,71354.7,71235.5,71314.9
1770437940000,BTC-USDT,71385,8.27394162,71314.8,71385,71263,71385
1770438000000,BTC-USDT,71393.9,4.79682854,71384.9,71394,71300.1,71393.9
1770438060000,BTC-USDT,71464,38.36207625,71394,71464,71394,71464
1770438120000,BTC-USDT,71664.9,35.80188925,71464,71690,71464,71664.9
1770438180000,BTC-USDT,71534.8,9.66185744,71660.7,71660.7,71533.5,71534.8
1770438240000,BTC-USDT,71535,10.44323439,71534.8,71616.9,71490.2,71535
1770438300000,BTC-USDT,71300,13.43019408,71529.7,71529.7,71290,71300
1770438360000,BTC-USDT,71235.8,22.40069472,71300,71322,71191.8,71235.8
1770438420000,BTC-USDT,71240.6,6.74408885,71234.5,71333.9,71213.6,71240.6
1770438480000,BTC-USDT,71113.4,12.21165985,71248.3,71248.3,71099,71113.4
1770438540000,BTC-USDT,71152.9,28.55106252,71113.9,71152.9,71035,71152.9
1770438600000,BTC-USDT,71059,8.07335949,71152.9,71170,71056.5,71059
1770438660000,BTC-USDT,71246.9,7.88060751,71059.1,71247,71059.1,71246.9
1770438720000,BTC-USDT,71213.9,4.88364052,71246.9,71250.5,71203,71213.9
1770438780000,BTC-USDT,71213.4,7.30483181,71214,71228,71190.1,71213.4
1770438840000,BTC-USDT,71158.8,2.77132035,71213.5,71213.5,71158.8,71158.8
1770438900000,BTC-USDT,71080.9,3.87386346,71158.1,71160.4,71058.1,71080.9
1770438960000,BTC-USDT,71076,8.88530961,71080.9,71093.8,71042.7,71076
1770439020000,BTC-USDT,70921.1,11.4347259,71076.1,71081.9,70921.1,70921.1
1770439080000,BTC-USDT,70937.1,3.30984512,70921,70962,70912.6,70937.1
1770439140000,BTC-USDT,70876.1,11.41609331,70937.2,70942.1,70874.3,70876.1
1770439200000,BTC-USDT,70879.4,15.8133553,70876,70951,70836.8,70879.4
1770439260000,BTC-USDT,70782.5,5.14212267,70879.3,70919.9,70782.5,70782.5
1770439320000,BTC-USDT,70749.2,8.64831714,70782.6,70784.4,70689.7,70749.2
1770439380000,BTC-USDT,70747,4.80512767,70749.1,70749.1,70708.6,70747
1770439440000,BTC-USDT,70702.4,9.10157914,70747.1,70747.1,70668.8,70702.4
1770439500000,BTC-USDT,70750.2,2.15294378,70705.7,70799.3,70705.7,70750.2
1770439560000,BTC-USDT,70754.2,2.23506543,70750.2,70770.3,70744.8,70754.2
1770439620000,BTC-USDT,70666.7,3.74167454,70747.9,70748.9,70642.9,70666.7
1770439680000,BTC-USDT,70610.4,4.78455806,70666.7,70681.6,70600.1,70610.4
1770439740000,BTC-USDT,70672.8,4.76837996,70610.5,70757.3,70610.5,70672.8
1770439800000,BTC-USDT,70742,2.18679553,70672.9,70742.5,70661.9,70742
1770439860000,BTC-USDT,70795.3,3.71771682,70742.1,70800,70705.7,70795.3
1770439920000,BTC-USDT,70755.9,4.70685321,70795.2,70798.8,70735.3,70755.9
1770439980000,BTC-USDT,70740.2,1.30378783,70755.9,70756,70711.5,70740.2
1770440040000,BTC-USDT,70711.7,1.79354472,70740.1,70761.8,70691.6,70711.7
1770440100000,BTC-USDT,70661.6,2.00723007,70707.8,70707.8,70650,70661.6
1770440160000,BTC-USDT,70675.6,2.24235442,70657.2,70685.7,70631.3,70675.6
1770440220000,BTC-USDT,70670.8,0.48927922,70677.5,70692.8,70669.1,70670.8
1770440280000,BTC-USDT,70719.5,1.14259359,70670.7,70723.2,70649.2,70719.5
1770440340000,BTC-USDT,70756,2.81573926,70723.2,70790.5,70717.2,70756
1770440400000,BTC-USDT,70724.2,2.09365194,70756,70765.3,70696.6,70724.2
1770440460000,BTC-USDT,70798.6,3.97460972,70727.7,70799.8,70727.7,70798.6
1770440520000,BTC-USDT,70815.7,1.36317363,70798.6,70815.7,70770,70815.7
1770440580000,BTC-USDT,70842.6,1.63868796,70815.8,70863.5,70803,70842.6
1770440640000,BTC-USDT,70735.7,3.96465014,70844.8,70844.8,70709.2,70735.7
1770440700000,BTC-USDT,70711.7,1.84104193,70735.6,70735.6,70700.4,70711.7
1770440760000,BTC-USDT,70750.9,6.30499499,70711.6,70756.5,70663.3,70750.9
1770440820000,BTC-USDT,70819.9,3.69365707,70750.7,70855.8,70750.7,70819.9
1770440880000,BTC-USDT,70922.8,3.42163265,70818.7,70928.5,70818.7,70922.8
1770440940000,BTC-USDT,70919.6,0.61777033,70913.3,70919.7,70892.9,70919.6
1770441000000,BTC-USDT,70785,13.57052172,70919.7,70919.7,70780.1,70785
1770441060000,BTC-USDT,70917.2,4.02479518,70782.2,70917.2,70764.7,70917.2
1770441120000,BTC-USDT,70872.8,2.29698637,70917.2,70939.2,70853.6,70872.8
1770441180000,BTC-USDT,70917.1,1.46513389,70872.7,70934.7,70872.7,70917.1
1770441240000,BTC-USDT,70911.6,0.67744411,70919.5,70928.8,70905.9,70911.6
1770441300000,BTC-USDT,70926.5,4.10936445,70911.6,70974.9,70907.9,70926.5
1770441360000,BTC-USDT,70929.6,1.04642291,70926.6,70986.6,70917.1,70929.6
1770441420000,BTC-USDT,70979,0.92593058,70929.6,70982.7,70929.6,70979
1770441480000,BTC-USDT,71013.4,18.02169027,70979.1,71049.9,70979,71013.4
1770441540000,BTC-USDT,70992.2,3.83950931,71010.7,71092.1,70991.8,70992.2
1770441600000,BTC-USDT,71025.5,4.71886614,71000.5,71031.8,70987.5,71025.5
1770441660000,BTC-USDT,71135.7,8.96082059,71025.4,71160.2,71013.8,71135.7
1770441720000,BTC-USDT,71171.3,2.61206558,71135.7,71186.4,71135.6,71171.3
1770441780000,BTC-USDT,71122.8,13.56427452,71171.3,71171.3,71110,71122.8
1770441840000,BTC-USDT,71074.6,5.10320348,71122.7,71122.7,71057.5,71074.6
1770441900000,BTC-USDT,70862.5,113.95158758,71074.6,71079.8,70726.9,70862.5
1770441960000,BTC-USDT,70722.5,38.27172087,70860,70864.5,70714.5,70722.5
1770442020000,BTC-USDT,70679.5,9.55752544,70720.1,70751.8,70639.9,70679.5
1770442080000,BTC-USDT,70413.8,140.95372945,70679.5,70681.5,70372.7,70413.8
1770442140000,BTC-USDT,70264.7,75.17434823,70413.8,70472.5,70143.4,70264.7
1770442200000,BTC-USDT,70268,6.99503413,70267.8,70319.4,70239.5,70268
1770442260000,BTC-USDT,70289.1,16.35911866,70272.1,70384,70240,70289.1
1770442320000,BTC-USDT,70268,6.05740548,70291.7,70358.2,70234.1,70268
1770442380000,BTC-USDT,70246.9,18.22184139,70276.6,70321.3,70239.9,70246.9
1770442440000,BTC-USDT,70305.7,15.84035743,70244.2,70325.5,70172.8,70305.7
1770442500000,BTC-USDT,70359.3,11.17785211,70319.6,70389.6,70319.6,70359.3
1770442560000,BTC-USDT,70310,1.14460684,70353.3,70412.5,70288.9,70310
1770442620000,BTC-USDT,70344.5,1.08827054,70306,70367.2,70306,70344.5
1770442680000,BTC-USDT,70269.8,3.43615685,70344.4,70344.4,70268.3,70269.8
1770442740000,BTC-USDT,70210.8,2.40224109,70268.2,70278.2,70200.1,70210.8
1770442800000,BTC-USDT,70124,4.58529562,70212.6,70216.4,70124,70124
1770442860000,BTC-USDT,70197.3,2.08282933,70124.1,70220.6,70124.1,70197.3
1770442920000,BTC-USDT,70263.2,4.02721615,70197.3,70285.8,70185.5,70263.2
1770442980000,BTC-USDT,70234.8,0.43552367,70263.3,70287.5,70221.2,70234.8
1770443040000,BTC-USDT,70237.1,0.53534352,70234.9,70258.1,70228.3,70237.1
1770443100000,BTC-USDT,70263.8,1.84744679,70237,70297.9,70237,70263.8
1770443160000,BTC-USDT,70208.4,1.44477188,70265.9,70287.5,70208.4,70208.4
1770443220000,BTC-USDT,70198.1,0.97933063,70208.3,70241.9,70198,70198.1
1770443280000,BTC-USDT,70182,1.1425787,70198,70226.4,70171.2,70182
1770443340000,BTC-USDT,70216.7,0.79986919,70186.1,70243.5,70186.1,70216.7
1770443400000,BTC-USDT,70152.1,2.04346151,70223.7,70239.5,70141,70152.1
1770443460000,BTC-USDT,70045.6,15.09349495,70156,70175.6,70014.5,70045.6
1770443520000,BTC-USDT,70080.5,27.49864913,70045.8,70116.1,70045.8,70080.5
1770443580000,BTC-USDT,70103.8,2.0037138,70080.5,70138.5,70080.5,70103.8
1770443640000,BTC-USDT,69979,59.58705248,70114.3,70131.3,69974.9,69979
1770443700000,BTC-USDT,70025.1,7.63520441,69979,70063.8,69974.7,70025.1
1770443760000,BTC-USDT,69987.7,15.26795178,70025.1,70045.7,69964.2,69987.7
1770443820000,BTC-USDT,70014,3.56688699,70000,70014.1,69955.1,70014
1770443880000,BTC-USDT,70109,2.72024901,70014.1,70119.8,70014.1,70109
1770443940000,BTC-USDT,70161.6,2.01545395,70115.8,70165.2,70103.4,70161.6
1770444000000,BTC-USDT,70158.1,3.33427192,70157,70182.7,70136.1,70158.1
1770444060000,BTC-USDT,70128.8,2.45418729,70158,70158,70104.3,70128.8
1770444120000,BTC-USDT,70104.7,15.3697172,70131.3,70150,70089.8,70104.7
1770444180000,BTC-USDT,70108.5,14.26845775,70104.6,70126.3,70028.3,70108.5
1770444240000,BTC-USDT,70196.4,1.19240333,70113.5,70196.4,70113.5,70196.4
1770444300000,BTC-USDT,70236.9,1.90054383,70192.5,70243.6,70192.5,70236.9
1770444360000,BTC-USDT,70262.1,2.2173395,70234.6,70290.5,70234.6,70262.1
1770444420000,BTC-USDT,70297.7,2.5619291,70264.6,70316,70262.1,70297.7
1770444480000,BTC-USDT,70139.8,46.72607792,70297.7,70297.7,70100.4,70139.8
1770444540000,BTC-USDT,70155.8,8.26387266,70131.1,70155.8,70050.1,70155.8
1770444600000,BTC-USDT,70204.2,1.07352489,70159.9,70204.3,70136.5,70204.2
1770444660000,BTC-USDT,70072.7,21.16996831,70204.2,70213.2,70020,70072.7
1770444720000,BTC-USDT,70034.3,10.05585021,70072.7,70118.2,69973,70034.3
1770444780000,BTC-USDT,70100,0.96636679,70039.9,70103.9,70039.9,70100
1770444840000,BTC-USDT,70107.2,3.7759295,70100,70107.2,70041.3,70107.2
1770444900000,BTC-USDT,70034.4,1.25481949,70100,70104.4,70034.4,70034.4
1770444960000,BTC-USDT,69938.5,17.86634014,70034.3,70034.3,69881.6,69938.5
1770445020000,BTC-USDT,70022.5,2.5877402,69948.2,70062.9,69925.2,70022.5
1770445080000,BTC-USDT,69972.7,5.39122885,70009.7,70029.4,69931.9,69972.7
1770445140000,BTC-USDT,69953.5,2.09852827,69970,70004.8,69947.3,69953.5
1770445200000,BTC-USDT,70055.9,4.70770745,69953.5,70055.9,69953.5,70055.9
1770445260000,BTC-USDT,70102.4,1.90976749,70058.4,70108.2,70058.4,70102.4
1770445320000,BTC-USDT,70159.8,1.66879461,70104.5,70180.9,70104.3,70159.8
1770445380000,BTC-USDT,70130.8,0.87510944,70159.9,70177.6,70122.5,70130.8
1770445440000,BTC-USDT,70141.8,1.33016886,70130.8,70141.9,70104,70141.8
1770445500000,BTC-USDT,70179.8,1.03872127,70141.9,70181.7,70141.9,70179.8
1770445560000,BTC-USDT,70210.2,1.28378833,70181.8,70210.2,70181.8,70210.2
1770445620000,BTC-USDT,70279.9,3.78761067,70210.2,70279.9,70210.2,70279.9
1770445680000,BTC-USDT,70230.3,2.01432159,70279.9,70279.9,70223,70230.3
1770445740000,BTC-USDT,70224.2,2.03228993,70230.3,70239.9,70207.4,70224.2
1770445800000,BTC-USDT,70237.4,40.9274216,70218.9,70289.9,70151.6,70237.4
1770445860000,BTC-USDT,70235.7,1.23256505,70237.3,70251.6,70187.2,70235.7
1770445920000,BTC-USDT,70274.4,1.18603078,70234.4,70274.5,70219.3,70274.4
1770445980000,BTC-USDT,70219,1.43841494,70274.4,70276.1,70187.9,70219
1770446040000,BTC-USDT,70180.9,0.95821686,70218.9,70227.8,70180.9,70180.9
1770446100000,BTC-USDT,70226.7,1.90949335,70187.7,70226.8,70173.5,70226.7
1770446160000,BTC-USDT,70271.9,2.17710088,70223.8,70297.7,70206.7,70271.9
1770446220000,BTC-USDT,70227.9,2.19486513,70267,70271.9,70212.9,70227.9
1770446280000,BTC-USDT,70229,0.84304617,70228,70240.6,70221,70229
1770446340000,BTC-USDT,70232,0.88360752,70235.8,70257,70228,70232
1770446400000,BTC-USDT,70284,0.88964638,70232,70288.8,70231.9,70284
1770446460000,BTC-USDT,70285.5,2.176031,70286.2,70303.4,70275.8,70285.5
1770446520000,BTC-USDT,70279.9,3.20434593,70285.5,70285.5,70238,70279.9
1770446580000,BTC-USDT,70069.5,58.20886116,70281.8,70299.9,70069.5,70069.5
1770446640000,BTC-USDT,70073.1,40.76268778,70069.6,70107.9,69980,70073.1
1770446700000,BTC-USDT,69854.5,44.00545614,70073,70085.4,69842.7,69854.5
1770446760000,BTC-USDT,69945.6,16.61297163,69854.5,70005.7,69854.5,69945.6
1770446820000,BTC-USDT,69905.9,41.13453397,69945.6,70003.4,69800,69905.9
1770446880000,BTC-USDT,69872,22.03460529,69910.4,69994.7,69797,69872
1770446940000,BTC-USDT,69779.9,14.07822948,69873.8,69935,69759.7,69779.9
1770447000000,BTC-USDT,69776.1,61.66194219,69784.3,69844.7,69657.4,69776.1
1770447060000,BTC-USDT,69630,28.80207054,69776,69784.7,69586.3,69630
1770447120000,BTC-USDT,69664.2,10.97336676,69634.2,69681.4,69560.8,69664.2
1770447180000,BTC-USDT,69514.3,26.50884243,69664.2,69664.2,69436.5,69514.3
1770447240000,BTC-USDT,69377.7,18.54033505,69514.4,69533.9,69345.8,69377.7
1770447300000,BTC-USDT,69356.6,43.92039848,69377.8,69461.9,69324,69356.6
1770447360000,BTC-USDT,69246,75.71707034,69356.6,69396,69160.3,69246
1770447420000,BTC-USDT,68906.9,81.26929502,69246.1,69246.1,68905.5,68906.9
1770447480000,BTC-USDT,68932.8,47.74239281,68912,69016.8,68868.7,68932.8
1770447540000,BTC-USDT,68773.8,45.05430524,68932.2,68932.2,68757.5,68773.8
1770447600000,BTC-USDT,68981.7,48.80068025,68773.8,69020,68773.8,68981.7
1770447660000,BTC-USDT,68902.3,24.77696832,68982.6,69089.6,68862.9,68902.3
1770447720000,BTC-USDT,68782.2,28.22021482,68896.1,69019.5,68782.2,68782.2
1770447780000,BTC-USDT,68832.9,17.04881161,68798.8,68899.9,68746.8,68832.9
1770447840000,BTC-USDT,68780,27.77935517,68834.1,68975.9,68763.2,68780
1770447900000,BTC-USDT,68669.1,33.91110498,68780,68829.2,68571.4,68669.1
1770447960000,BTC-USDT,68557.8,40.29815047,68671.9,68757,68431.9,68557.8
1770448020000,BTC-USDT,68437.5,35.40191287,68552.8,68586.6,68386,68437.5
1770448080000,BTC-USDT,68371.7,39.50313684,68446.3,68491.5,68340.1,68371.7
1770448140000,BTC-USDT,68521,61.94611995,68377.8,68557.9,68243.9,68521
1770448200000,BTC-USDT,68528.1,33.17519795,68518.9,68666.6,68477.1,68528.1
1770448260000,BTC-USDT,68474.7,15.67280987,68528.1,68536,68413.3,68474.7
1770448320000,BTC-USDT,68221.7,69.17752066,68474.6,68527.2,68147.9,68221.7
1770448380000,BTC-USDT,68123,35.97114419,68221.7,68337.4,68123,68123
1770448440000,BTC-USDT,67966.5,108.10961095,68123.1,68172.8,67957.8,67966.5
1770448500000,BTC-USDT,67726,107.29872037,67966.4,68023.8,67718.3,67726
1770448560000,BTC-USDT,67679.2,94.62251806,67729.9,67766.4,67559.2,67679.2
1770448620000,BTC-USDT,67364.9,103.9161216,67679.2,67697.8,67350,67364.9
1770448680000,BTC-USDT,67794,156.42056691,67369.6,67830.1,67369.5,67794
1770448740000,BTC-USDT,67815,128.81517423,67794,68262.3,67777.1,67815
1770448800000,BTC-USDT,67869.8,27.39528793,67815,67919,67814.9,67869.8
1770448860000,BTC-USDT,67863.2,54.06830917,67889.4,68133.3,67855,67863.2
1770448920000,BTC-USDT,67642,39.00279821,67863.2,67899.4,67631.1,67642
1770448980000,BTC-USDT,67840.8,28.2369445,67642,67884.5,67616.5,67840.8
1770449040000,BTC-USDT,67800.9,23.7029541,67840.8,67929.9,67774.4,67800.9
1770449100000,BTC-USDT,67964.8,29.46498469,67793.1,68050,67793.1,67964.8
1770449160000,BTC-USDT,68044.8,26.62834996,67962,68044.8,67855.8,68044.8
1770449220000,BTC-USDT,67987.7,34.23640295,68048.2,68059.5,67851.9,67987.7
1770449280000,BTC-USDT,67922.8,18.3199243,67988.9,68018.5,67908.2,67922.8
1770449340000,BTC-USDT,68039.6,9.89369122,67922.9,68047.5,67918.9,68039.6
1770449400000,BTC-USDT,68015.1,23.70055073,68039.6,68050,67871.3,68015.1
1770449460000,BTC-USDT,67931,11.3144718,68013.9,68050,67905.2,67931
1770449520000,BTC-USDT,67783,24.09918499,67928,67946.2,67728,67783
1770449580000,BTC-USDT,67689,21.87882178,67787.3,67811.3,67647.4,67689
1770449640000,BTC-USDT,67704.7,24.13903596,67696.7,67746.7,67582.7,67704.7
1770449700000,BTC-USDT,67974.8,25.90364559,67704.7,67974.8,67689.2,67974.8
1770449760000,BTC-USDT,67844,18.68269057,67975,67998.4,67828.1,67844
1770449820000,BTC-USDT,67979,30.66396299,67844,67991.3,67836,67979
1770449880000,BTC-USDT,67969.3,8.06399483,67979,67990,67877.1,67969.3
1770449940000,BTC-USDT,68015.9,31.67094003,67969.3,68018.5,67843.8,68015.9
1770450000000,BTC-USDT,68457.1,120.51966176,68016,68463.3,68015.9,68457.1
1770450060000,BTC-USDT,68540.4,121.14437927,68457.1,68565.7,68321.4,68540.4
1770450120000,BTC-USDT,68646,47.3331549,68540.4,68722.1,68466.7,68646
1770450180000,BTC-USDT,68508.6,50.58972913,68638.9,68638.9,68500.1,68508.6
1770450240000,BTC-USDT,68492.2,22.49694789,68506.1,68586,68483.1,68492.2
1770450300000,BTC-USDT,68309.9,7.95018599,68493,68493,68251.3,68309.9
1770450360000,BTC-USDT,68135.9,72.95052321,68305,68354.1,68078.2,68135.9
1770450420000,BTC-USDT,68025.2,40.51597025,68138.7,68192.3,67912.1,68025.2
1770450480000,BTC-USDT,68110.7,7.85287427,68030.5,68112.9,68000,68110.7
1770450540000,BTC-USDT,68188.9,13.93569686,68110.8,68222.2,68101.2,68188.9
1770450600000,BTC-USDT,68221.5,6.42597238,68194.9,68257.9,68125.8,68221.5
1770450660000,BTC-USDT,68231.3,8.35694202,68221.5,68246,68184,68231.3
1770450720000,BTC-USDT,68302.2,17.16417313,68231.4,68322.6,68151.9,68302.2
1770450780000,BTC-USDT,68154.4,8.63686529,68308,68308,68124,68154.4
1770450840000,BTC-USDT,68216.5,6.71335212,68154.5,68223.7,68140.7,68216.5
1770450900000,BTC-USDT,68167,22.43365572,68216.5,68267.8,68163,68167
1770450960000,BTC-USDT,68147,29.2131739,68163.1,68198.5,68114.4,68147
1770451020000,BTC-USDT,68138,11.28028786,68147,68200,68138,68138
1770451080000,BTC-USDT,68186,11.73883797,68138,68245.6,68123.9,68186
1770451140000,BTC-USDT,68096.9,5.30265653,68183.2,68190.3,68096.9,68096.9
1770451200000,BTC-USDT,68074.1,19.27519299,68098.1,68098.1,68013.2,68074.1
1770451260000,BTC-USDT,68022.8,7.14565669,68074,68106.1,68001.9,68022.8
1770451320000,BTC-USDT,67801.9,18.75338575,68022.9,68048.4,67777.7,67801.9
1770451380000,BTC-USDT,68037.1,23.95733729,67811.2,68103.4,67811.2,68037.1
1770451440000,BTC-USDT,68115,13.13569735,68037.1,68115,68011.6,68115
1770451500000,BTC-USDT,68287.6,23.31523192,68114.9,68287.6,68114.9,68287.6
1770451560000,BTC-USDT,68249.9,5.74743346,68287.5,68287.5,68164.7,68249.9
1770451620000,BTC-USDT,68140,17.49983771,68250,68265.2,68134.9,68140
1770451680000,BTC-USDT,68068.1,13.64646284,68139,68144.3,68050,68068.1
1770451740000,BTC-USDT,68019.8,17.77618863,68063.2,68063.2,67967.8,68019.8
1770451800000,BTC-USDT,68135.5,7.9038666,68024.4,68199,67970.6,68135.5
1770451860000,BTC-USDT,68391.1,60.23486887,68126.2,68416.2,68087.1,68391.1
1770451920000,BTC-USDT,68290.3,45.08332324,68383.3,68500,68289.1,68290.3
1770451980000,BTC-USDT,68308.5,1.55910277,68298.9,68319.5,68235.3,68308.5
1770452040000,BTC-USDT,68261.1,1.87855186,68308.5,68351.8,68244.6,68261.1
1770452100000,BTC-USDT,68207.4,10.60472099,68261.5,68339.4,68207.4,68207.4
1770452160000,BTC-USDT,68196.7,6.364079,68207.4,68277.9,68148,68196.7
1770452220000,BTC-USDT,68174.8,9.32338377,68196.7,68266.8,68142.9,68174.8
1770452280000,BTC-USDT,68129.2,2.7201616,68176.8,68179.9,68129.2,68129.2
1770452340000,BTC-USDT,68327.2,28.34296545,68128.7,68336.1,68120.1,68327.2
1770452400000,BTC-USDT,68577.5,90.26905931,68322.1,68584.9,68322.1,68577.5
1770452460000,BTC-USDT,68456,3.98937351,68567.7,68567.7,68378,68456
1770452520000,BTC-USDT,68501,3.82310876,68457.2,68525.6,68413.6,68501
1770452580000,BTC-USDT,68543.1,3.90252359,68499.1,68572.6,68433.3,68543.1
1770452640000,BTC-USDT,68539.5,3.20976076,68545.5,68556.4,68499.8,68539.5
1770452700000,BTC-USDT,68569.7,41.4021256,68539.5,68674.9,68436.4,68569.7
1770452760000,BTC-USDT,68534.3,8.44182076,68567,68594.6,68505.8,68534.3
1770452820000,BTC-USDT,68537,5.36966526,68534.4,68569.9,68488.9,68537
1770452880000,BTC-USDT,68461.8,40.49683825,68543.8,68632.5,68461.8,68461.8
1770452940000,BTC-USDT,68418.5,4.41778418,68470.7,68505,68409.1,68418.5
1770453000000,BTC-USDT,68579.5,27.36161195,68423.5,68585.8,68414.4,68579.5
1770453060000,BTC-USDT,68680.1,42.63409399,68579.5,68800,68565,68680.1
1770453120000,BTC-USDT,68696.1,6.56550501,68676.1,68703.3,68632.2,68696.1
1770453180000,BTC-USDT,68671.4,5.16037873,68703.3,68703.3,68581.7,68671.4
1770453240000,BTC-USDT,68624.6,26.41233583,68664.5,68686.6,68616.1,68624.6
1770453300000,BTC-USDT,68598.9,10.64931445,68624.5,68633.1,68567.5,68598.9
1770453360000,BTC-USDT,68584.6,21.39345144,68598.8,68623.7,68526,68584.6
1770453420000,BTC-USDT,68467.2,37.75534803,68584.6,68599.3,68458.5,68467.2
1770453480000,BTC-USDT,68433.8,4.50223857,68467.2,68498.1,68424.6,68433.8
1770453540000,BTC-USDT,68351,5.54836426,68434,68447.1,68351,68351
1770453600000,BTC-USDT,68475.9,2.88711434,68354.3,68489.5,68340.1,68475.9
1770453660000,BTC-USDT,68478.1,3.84339682,68479.5,68509.9,68447.1,68478.1
1770453720000,BTC-USDT,68499.8,2.18211181,68479.5,68506.1,68459.3,68499.8
1770453780000,BTC-USDT,68437.4,13.67847007,68496.4,68501.7,68427.7,68437.4
1770453840000,BTC-USDT,68360.9,12.91696029,68436.5,68524,68355,68360.9
1770453900000,BTC-USDT,68472,4.06534265,68361,68494.7,68361,68472
1770453960000,BTC-USDT,68457.1,3.84307435,68474.4,68518.9,68443.6,68457.1
1770454020000,BTC-USDT,68499.1,4.44071677,68457.1,68504.8,68449.1,68499.1
1770454080000,BTC-USDT,68569,8.60441714,68499.1,68620.6,68465.1,68569
1770454140000,BTC-USDT,68581,3.46420847,68568,68592.9,68520.2,68581
1770454200000,BTC-USDT,68586.3,7.45460659,68581.1,68617.4,68525.1,68586.3
1770454260000,BTC-USDT,68626.3,6.37243061,68586.1,68663.8,68581.1,68626.3
1770454320000,BTC-USDT,68660.5,3.15532375,68620.7,68663.3,68617.5,68660.5
1770454380000,BTC-USDT,68726.6,5.84917364,68660.5,68726.6,68615,68726.6
1770454440000,BTC-USDT,68611,9.49165342,68726.6,68726.6,68573.8,68611
1770454500000,BTC-USDT,68626.1,1.38311748,68611,68638.4,68566.1,68626.1
1770454560000,BTC-USDT,68551.1,2.34901304,68626.1,68633,68546.1,68551.1
1770454620000,BTC-USDT,68566.1,1.30004485,68546.1,68586.1,68546.1,68566.1
1770454680000,BTC-USDT,68560,0.8366023,68566.1,68566.1,68551.1,68560
1770454740000,BTC-USDT,68506.9,5.0586133,68563.4,68591,68500.3,68506.9
1770454800000,BTC-USDT,68547.1,20.91261282,68506.1,68557.6,68474.8,68547.1
1770454860000,BTC-USDT,68550.3,2.26607009,68547.1,68585.4,68534,68550.3
1770454920000,BTC-USDT,68623.1,3.16032451,68550.5,68638.8,68550.5,68623.1
1770454980000,BTC-USDT,68688.1,2.93537236,68623.1,68688.1,68582.1,68688.1
1770455040000,BTC-USDT,68585.1,1.45789291,68688.2,68698.6,68582.1,68585.1
1770455100000,BTC-USDT,68500,3.4418447,68585,68591,68500,68500
1770455160000,BTC-USDT,68475.6,4.82246031,68504.9,68535,68450,68475.6
1770455220000,BTC-USDT,68653.8,29.29225181,68475.6,68653.8,68475.6,68653.8
1770455280000,BTC-USDT,68628.7,2.39099822,68653.8,68687.7,68602,68628.7
1770455340000,BTC-USDT,68624.1,1.43589883,68625.1,68638.9,68606,68624.1
1770455400000,BTC-USDT,68660,6.84902806,68634.4,68662.7,68600.1,68660
1770455460000,BTC-USDT,68660,8.71417967,68656.8,68700,68642.8,68660
1770455520000,BTC-USDT,68739.7,18.20350987,68658.5,68739.7,68635.6,68739.7
1770455580000,BTC-USDT,68712,3.92451635,68737,68768,68685.4,68712
1770455640000,BTC-USDT,68757.7,10.13762163,68712.5,68765.6,68700,68757.7
1770455700000,BTC-USDT,68640.1,2.96247134,68759,68777.3,68640.1,68640.1
1770455760000,BTC-USDT,68626.4,5.928353,68640.2,68648.1,68611,68626.4
1770455820000,BTC-USDT,68552.1,6.94832413,68626.4,68626.4,68552,68552.1
1770455880000,BTC-USDT,68582.3,3.50120478,68552,68647.3,68550.1,68582.3
1770455940000,BTC-USDT,68623.7,2.37056579,68582.4,68635.5,68581,68623.7
1770456000000,BTC-USDT,68613,1.78779649,68622.8,68622.8,68555.1,68613
1770456060000,BTC-USDT,68643.8,3.10711322,68611.1,68643.8,68609.1,68643.8
1770456120000,BTC-USDT,68667.6,1.5066033,68648.1,68667.6,68624.3,68667.6
1770456180000,BTC-USDT,68625.4,2.0604541,68670.1,68675,68623,68625.4
1770456240000,BTC-USDT,68716.5,6.61170583,68625.5,68722,68625.5,68716.5
1770456300000,BTC-USDT,68696.3,6.77695958,68714.3,68714.3,68682.1,68696.3
1770456360000,BTC-USDT,68672,1.02131983,68696.2,68698,68654.1,68672
1770456420000,BTC-USDT,68604.8,9.24217635,68671.9,68671.9,68572.2,68604.8
1770456480000,BTC-USDT,68542.1,26.72491971,68604.8,68604.8,68493.9,68542.1
1770456540000,BTC-USDT,68468.3,4.89091121,68542,68548.2,68468.3,68468.3
1770456600000,BTC-USDT,68397.7,11.07806865,68475.7,68482.6,68397.7,68397.7
1770456660000,BTC-USDT,68373.3,1.62812071,68396.8,68463.8,68365,68373.3
1770456720000,BTC-USDT,68142.9,7.42575727,68373,68373,68142.8,68142.9
1770456780000,BTC-USDT,68140.1,8.88383068,68142.9,68245.4,68110.9,68140.1
1770456840000,BTC-USDT,68186,2.67662756,68137.9,68191.6,68084.1,68186
1770456900000,BTC-USDT,68186.7,5.48078388,68186,68243.5,68168.2,68186.7
1770456960000,BTC-USDT,68216,8.07071156,68191,68233.9,68184,68216
1770457020000,BTC-USDT,68171.9,4.30923068,68216,68236.7,68087.8,68171.9
1770457080000,BTC-USDT,68203,1.76398452,68172.9,68228.1,68172.1,68203
1770457140000,BTC-USDT,68066.9,22.09899422,68203,68203,68062.6,68066.9
1770457200000,BTC-USDT,68092,11.8239581,68062.5,68132.3,68013.8,68092
1770457260000,BTC-USDT,68152.5,3.08157699,68095.3,68185.3,68095.3,68152.5
1770457320000,BTC-USDT,68111.3,2.15535338,68155,68167.2,68099.2,68111.3
1770457380000,BTC-USDT,68111.2,3.37335641,68111.3,68186.7,68106.3,68111.2
1770457440000,BTC-USDT,68133.1,3.79574782,68113.6,68152.9,68113.6,68133.1
1770457500000,BTC-USDT,68159.9,3.56815581,68131.6,68179.9,68096.4,68159.9
1770457560000,BTC-USDT,68044.1,17.55622811,68159.9,68162.2,68019.2,68044.1
1770457620000,BTC-USDT,68041.1,9.50021774,68044.2,68060,67977.3,68041.1
1770457680000,BTC-USDT,68003,27.5275225,68044,68073.9,68000,68003
1770457740000,BTC-USDT,67981,13.90053142,68007,68062.8,67972.7,67981
1770457800000,BTC-USDT,68016.7,13.16154106,67981.1,68047.8,67958.6,68016.7
1770457860000,BTC-USDT,67979,1.52917937,68016.8,68028.8,67979,67979
1770457920000,BTC-USDT,67941.5,11.28809353,67979,68000,67933.4,67941.5
1770457980000,BTC-USDT,67923,7.61818106,67943,67986.8,67902,67923
1770458040000,BTC-USDT,68025,24.54771175,67925.5,68035.5,67909.3,68025
1770458100000,BTC-USDT,68071,9.87398372,68025,68126.2,68021,68071
1770458160000,BTC-USDT,68111.7,32.89526644,68079,68163.3,68070.1,68111.7
1770458220000,BTC-USDT,68092.8,9.28737304,68111.3,68130.4,68076.1,68092.8
1770458280000,BTC-USDT,68091.2,4.05740388,68092.1,68107,68078,68091.2
1770458340000,BTC-USDT,68153,3.60280531,68090.9,68158.4,68090.9,68153
1770458400000,BTC-USDT,68116.3,21.66841354,68150.7,68150.7,68089,68116.3
1770458460000,BTC-USDT,68071.2,26.35680095,68116.9,68142.4,68060.1,68071.2
1770458520000,BTC-USDT,68102.6,12.86201324,68070.1,68116,68070.1,68102.6
1770458580000,BTC-USDT,68240.9,3.80579573,68102.7,68275.2,68102.7,68240.9
1770458640000,BTC-USDT,68173,8.98247095,68240.1,68314.3,68173,68173
1770458700000,BTC-USDT,68140.1,8.74089071,68168,68195.7,68075,68140.1
1770458760000,BTC-USDT,68066.1,4.3688858,68140.1,68140.1,68036,68066.1
1770458820000,BTC-USDT,67986.9,21.88214386,68066,68066,67983.8,67986.9
1770458880000,BTC-USDT,68056.5,7.77463324,67986.1,68068,67986,68056.5
1770458940000,BTC-USDT,68012.9,7.84347177,68057.4,68080.1,68011.2,68012.9
1770459000000,BTC-USDT,67998.4,3.73490599,68009.8,68022.5,67979.3,67998.4
1770459060000,BTC-USDT,68057.1,7.10075873,67998.4,68061.5,67998.4,68057.1
1770459120000,BTC-USDT,68056.6,2.45168602,68057.1,68061,68045.2,68056.6
1770459180000,BTC-USDT,67985,3.50424219,68053.7,68059,67985,67985
1770459240000,BTC-USDT,67974,6.60830561,67985.1,67994.9,67914.3,67974
1770459300000,BTC-USDT,67946.2,3.75562184,67975,67982,67946.2,67946.2
1770459360000,BTC-USDT,67914.9,5.57319437,67944.2,67951.9,67908.4,67914.9
1770459420000,BTC-USDT,67903,3.72875474,67915,67915,67867,67903
1770459480000,BTC-USDT,67995.7,10.6990921,67902.8,68068,67902,67995.7
1770459540000,BTC-USDT,67953.8,4.3110077,67995.7,67995.7,67912.3,67953.8
1770459600000,BTC-USDT,67978,1.39993031,67950.1,67995,67950.1,67978
1770459660000,BTC-USDT,68065.7,5.40424678,67978,68065.7,67976.2,68065.7
1770459720000,BTC-USDT,68028.1,1.80917697,68062.1,68065.6,68026.9,68028.1
1770459780000,BTC-USDT,68118.9,4.38464082,68030.2,68118.9,68030.2,68118.9
1770459840000,BTC-USDT,68101.2,1.87455949,68112.2,68112.2,68087,68101.2
1770459900000,BTC-USDT,68102,0.84524922,68101.2,68109.9,68076.8,68102
1770459960000,BTC-USDT,68106,2.391724,68102.1,68140.8,68083.8,68106
1770460020000,BTC-USDT,68106.1,1.33143439,68107.7,68125.4,68088.4,68106.1
1770460080000,BTC-USDT,67987.1,14.849768,68104.2,68105,67969.8,67987.1
1770460140000,BTC-USDT,67954.2,20.03030428,67987.1,68024.9,67932,67954.2
1770460200000,BTC-USDT,68033,1.69370807,67949.1,68054,67949.1,68033
1770460260000,BTC-USDT,67967,2.93951311,68033,68080.3,67949.7,67967
1770460320000,BTC-USDT,67931.1,11.22762372,67961,67961,67909.1,67931.1
1770460380000,BTC-USDT,67932.8,10.0786934,67928.5,67943.8,67857.6,67932.8
1770460440000,BTC-USDT,67855,2.2354241,67932.8,67948.4,67854.9,67855
1770460500000,BTC-USDT,67900.9,1.92302561,67855.3,67920,67855.3,67900.9
1770460560000,BTC-USDT,67921.9,3.61642839,67900.9,67948.2,67878.1,67921.9
1770460620000,BTC-USDT,67900,1.33523979,67922,67950.7,67900,67900
1770460680000,BTC-USDT,67746.2,17.16737836,67900.1,67907.9,67740.1,67746.2
1770460740000,BTC-USDT,67637.3,16.6666583,67750.9,67786.7,67632,67637.3
1770460800000,BTC-USDT,67721.1,6.32774431,67636.6,67736.1,67632,67721.1
1770460860000,BTC-USDT,67781.9,2.18146884,67722,67808.5,67722,67781.9
1770460920000,BTC-USDT,67791.9,3.58159229,67782,67849.8,67759.9,67791.9
1770460980000,BTC-USDT,67802,17.20306472,67791.9,67835.8,67777,67802
1770461040000,BTC-USDT,67803.6,4.05963962,67802,67803.6,67775.5,67803.6
1770461100000,BTC-USDT,67799.3,2.72043648,67803.6,67870.9,67799.3,67799.3
1770461160000,BTC-USDT,67794.2,1.66135029,67803,67815.3,67788.9,67794.2
1770461220000,BTC-USDT,67744.7,11.0208602,67794.2,67814.4,67742,67744.7
1770461280000,BTC-USDT,67644.3,7.80879244,67747.1,67765.1,67611.7,67644.3
1770461340000,BTC-USDT,67724.5,7.26758531,67643.9,67730.5,67616.1,67724.5
1770461400000,BTC-USDT,67885,32.63860322,67726.7,67909,67726.7,67885
1770461460000,BTC-USDT,67855.1,5.70040152,67885.1,67888.1,67834.2,67855.1
1770461520000,BTC-USDT,67888.2,4.95400321,67855,67888.2,67832.8,67888.2
1770461580000,BTC-USDT,67877.9,25.05748684,67889.8,67909,67859.8,67877.9
1770461640000,BTC-USDT,67908.9,1.15223823,67875,67909,67870.6,67908.9
1770461700000,BTC-USDT,67983,92.35700619,67908.9,68018.1,67906.1,67983
1770461760000,BTC-USDT,67943.9,3.15408531,67983.8,68005.4,67911.1,67943.9
1770461820000,BTC-USDT,68028.3,5.50504759,67939.1,68049,67937.1,68028.3
1770461880000,BTC-USDT,68018.9,1.09148519,68028,68030.1,68007.1,68018.9
1770461940000,BTC-USDT,67999.8,2.77986644,68017.1,68018.8,67972.1,67999.8
1770462000000,BTC-USDT,68038.5,2.84308267,67999.7,68038.5,67985.1,68038.5
1770462060000,BTC-USDT,68064.1,4.8622921,68040,68087.1,68040,68064.1
1770462120000,BTC-USDT,67949.4,2.63951518,68064.1,68081.9,67909,67949.4
1770462180000,BTC-USDT,67978.7,3.23150566,67949.5,67978.7,67927.5,67978.7
1770462240000,BTC-USDT,68095.5,2.59903484,67978.7,68107.2,67978.7,68095.5
1770462300000,BTC-USDT,68159.1,5.57293967,68094,68164.9,68066.8,68159.1
1770462360000,BTC-USDT,68098,3.12967449,68158.1,68161.9,68064.4,68098
1770462420000,BTC-USDT,68001.3,4.47944877,68100,68110.6,68001.3,68001.3
1770462480000,BTC-USDT,68105.9,1.91939411,68000,68126.8,68000,68105.9
1770462540000,BTC-USDT,68102,4.00470849,68106,68129,68075.9,68102
1770462600000,BTC-USDT,68065.9,1.05729608,68100.1,68100.1,68058.6,68065.9
1770462660000,BTC-USDT,68079,6.37598347,68065.9,68118.1,68053.4,68079
1770462720000,BTC-USDT,68000.2,10.27128316,68077.6,68077.6,67958.5,68000.2
1770462780000,BTC-USDT,68038.2,2.17132836,68004.7,68056.8,68004.7,68038.2
1770462840000,BTC-USDT,67943.4,2.240359,68040,68041,67943.4,67943.4
1770462900000,BTC-USDT,67996,4.16555403,67945.7,68029.6,67945.7,67996
1770462960000,BTC-USDT,68024.1,0.94473322,67996.5,68068,67996.5,68024.1
1770463020000,BTC-USDT,68023,1.58126789,68023.6,68047.9,67987.9,68023
1770463080000,BTC-USDT,67977,2.78984804,68020.2,68020.2,67965.1,67977
1770463140000,BTC-USDT,68052,4.01667529,67976.9,68062,67976.9,68052
1770463200000,BTC-USDT,68072.2,4.83393136,68052,68100,68052,68072.2
1770463260000,BTC-USDT,68044.2,1.87424006,68066,68069.7,68036.1,68044.2
1770463320000,BTC-USDT,67973,3.56831662,68043.6,68051.9,67973,67973
1770463380000,BTC-USDT,67942.7,2.17976119,67971.2,68002.9,67942.7,67942.7
1770463440000,BTC-USDT,67891,1.43662011,67942.1,67942.1,67880.9,67891
1770463500000,BTC-USDT,67921.4,3.56884777,67890.9,67921.4,67875,67921.4
1770463560000,BTC-USDT,67925.3,5.89293125,67921.3,67956.3,67891.5,67925.3
1770463620000,BTC-USDT,67972.3,4.73753321,67925.5,68000,67925.5,67972.3
1770463680000,BTC-USDT,67971.4,4.85486351,67969.2,67971.4,67918.1,67971.4
1770463740000,BTC-USDT,67929,3.64426596,67971.4,68000,67929,67929
1770463800000,BTC-USDT,68013.9,6.24463201,67929.1,68035.9,67929.1,68013.9
1770463860000,BTC-USDT,68020,2.61125824,68013,68022,67989.7,68020
1770463920000,BTC-USDT,67975.5,5.31278637,68022,68064.6,67975.5,67975.5
1770463980000,BTC-USDT,67932.1,8.50934309,67975.8,67979.6,67924.7,67932.1
1770464040000,BTC-USDT,67963.4,0.70698561,67932.1,67965.5,67932,67963.4
1770464100000,BTC-USDT,67975.9,1.39488383,67963.4,68000,67961.8,67975.9
1770464160000,BTC-USDT,67948.2,2.9406406,67975.9,67988.7,67948.2,67948.2
1770464220000,BTC-USDT,67907.3,6.27499588,67948.2,67948.3,67843.2,67907.3
1770464280000,BTC-USDT,67866.1,1.61033507,67907.4,67954.4,67866.1,67866.1
1770464340000,BTC-USDT,67863.5,6.02163598,67861.7,67890.1,67818.2,67863.5
1770464400000,BTC-USDT,67886.7,3.89507793,67866.2,67920.9,67866.2,67886.7
1770464460000,BTC-USDT,67843.4,1.57585364,67886.6,67890.7,67836.5,67843.4
1770464520000,BTC-USDT,67806,7.23728051,67843.3,67843.3,67806,67806
1770464580000,BTC-USDT,67852,9.33301476,67806,67863.1,67801,67852
1770464640000,BTC-USDT,67826.8,1.85663168,67851.5,67878.2,67826.8,67826.8
1770464700000,BTC-USDT,67867.8,5.15467377,67826.8,67913.2,67826.8,67867.8
1770464760000,BTC-USDT,67882.7,5.73765661,67871.9,67913.2,67854.1,67882.7
1770464820000,BTC-USDT,67853.9,0.67359076,67881,67894.9,67853.7,67853.9
1770464880000,BTC-USDT,67805,3.93508706,67859,67865.5,67796.7,67805
1770464940000,BTC-USDT,67777.4,4.76479081,67807.1,67825.5,67758.6,67777.4
1770465000000,BTC-USDT,67836.6,15.82704192,67772.7,67841.8,67755.1,67836.6
1770465060000,BTC-USDT,67844.1,2.52708264,67836.6,67869.1,67818.6,67844.1
1770465120000,BTC-USDT,67732.5,5.71056358,67840.1,67840.1,67706.1,67732.5
1770465180000,BTC-USDT,67731.7,1.34498805,67732.6,67767.7,67731.7,67731.7
1770465240000,BTC-USDT,67731.5,9.57116187,67731.7,67752.5,67706.8,67731.5
1770465300000,BTC-USDT,67754.5,3.87534527,67731.5,67775.1,67731.5,67754.5
1770465360000,BTC-USDT,67799.9,2.91347529,67754.5,67802.5,67751.5,67799.9
1770465420000,BTC-USDT,67864.2,2.8230671,67800,67885.9,67800,67864.2
1770465480000,BTC-USDT,67970.6,20.1163456,67864.3,68034.4,67864.3,67970.6
1770465540000,BTC-USDT,67984.8,23.05399124,67970.6,68039.6,67943.1,67984.8
1770465600000,BTC-USDT,68210.6,32.72119478,67984.8,68236,67915.3,68210.6
1770465660000,BTC-USDT,68105.1,31.49074357,68207.3,68365.7,68095.3,68105.1
1770465720000,BTC-USDT,68302.2,22.70799265,68105.1,68338.7,68105.1,68302.2
1770465780000,BTC-USDT,68393.8,8.25997822,68302.2,68449.2,68266.1,68393.8
1770465840000,BTC-USDT,68422.7,9.32150154,68396.6,68447.2,68324.2,68422.7
1770465900000,BTC-USDT,68409.9,7.61031074,68416,68422.1,68288.1,68409.9
1770465960000,BTC-USDT,68448.4,7.3160535,68404.4,68466.6,68393.5,68448.4
1770466020000,BTC-USDT,68568.3,10.28627414,68444.9,68571.4,68378.5,68568.3
1770466080000,BTC-USDT,68669.5,40.90460439,68571.4,68688.6,68533.3,68669.5
1770466140000,BTC-USDT,68783.9,47.67443085,68663.1,68842.6,68663.1,68783.9
1770466200000,BTC-USDT,68768.8,17.61526054,68782.6,68874.2,68688.3,68768.8
1770466260000,BTC-USDT,68624.9,4.06128943,68764.1,68771.1,68611.9,68624.9
1770466320000,BTC-USDT,68837.4,7.10983522,68624.9,68847.8,68597.9,68837.4
1770466380000,BTC-USDT,68918.2,10.81241223,68835.7,68973.1,68835.7,68918.2
1770466440000,BTC-USDT,68851.7,7.63961074,68918.2,68918.2,68836.3,68851.7
1770466500000,BTC-USDT,69114.6,36.1570935,68851.6,69202.2,68731.6,69114.6
1770466560000,BTC-USDT,69200.1,24.17482918,69114.6,69292.4,69082.9,69200.1
1770466620000,BTC-USDT,69140,37.21797516,69207.3,69264.2,69126.2,69140
1770466680000,BTC-USDT,69562.3,65.59597769,69128.7,69646.6,69081.5,69562.3
1770466740000,BTC-USDT,69868.9,91.33925667,69566.3,70000.9,69428.5,69868.9
1770466800000,BTC-USDT,69510.2,53.25816513,69864.5,69864.6,69472.5,69510.2
1770466860000,BTC-USDT,69409,29.02046332,69517.6,69597.3,69400,69409
1770466920000,BTC-USDT,69440.5,17.11309025,69415.9,69446.4,69292.5,69440.5
1770466980000,BTC-USDT,69316.3,9.91983703,69441.9,69458.7,69284.7,69316.3
1770467040000,BTC-USDT,69286.1,20.68646578,69323.6,69336.4,69200,69286.1
1770467100000,BTC-USDT,69265.4,4.89859845,69264.4,69292.3,69181.8,69265.4
1770467160000,BTC-USDT,69295.7,7.01395526,69265.4,69316.2,69258.3,69295.7
1770467220000,BTC-USDT,69314,7.43352717,69297.5,69328.9,69167.1,69314
1770467280000,BTC-USDT,69408.8,11.13638551,69315.6,69468.9,69280.1,69408.8
1770467340000,BTC-USDT,69321.2,3.16891747,69412.1,69412.1,69321.2,69321.2
1770467400000,BTC-USDT,69627.7,110.18029445,69320,69994.7,69289.1,69627.7
1770467460000,BTC-USDT,69750.4,51.51884826,69617.3,69878.7,69607.8,69750.4
1770467520000,BTC-USDT,69669.4,19.13967412,69741.9,69840,69649.9,69669.4
1770467580000,BTC-USDT,69665.5,22.57490303,69651.4,69730.9,69567.6,69665.5
1770467640000,BTC-USDT,69594.4,15.77260379,69665.4,69697.5,69576.2,69594.4
1770467700000,BTC-USDT,69623.7,8.42739192,69597.9,69649.8,69542.1,69623.7
1770467760000,BTC-USDT,69681.6,6.54601028,69622.9,69710.1,69530.5,69681.6
1770467820000,BTC-USDT,69501.1,3.20206692,69682.2,69682.2,69481.3,69501.1
1770467880000,BTC-USDT,69401.5,4.2296422,69501.2,69501.2,69377,69401.5
1770467940000,BTC-USDT,69296.4,12.70742371,69407.5,69408.5,69292.3,69296.4
1770468000000,BTC-USDT,69341.5,4.88683929,69296.4,69356.3,69263.4,69341.5
1770468060000,BTC-USDT,69299,7.12682232,69341.4,69431.6,69293.7,69299
1770468120000,BTC-USDT,69337.9,3.38380304,69299.1,69367,69299.1,69337.9
1770468180000,BTC-USDT,69168.2,23.89750749,69344.8,69358.5,69120.1,69168.2
1770468240000,BTC-USDT,69160.7,24.49372464,69168.9,69232.8,69132.7,69160.7
1770468300000,BTC-USDT,69116.2,24.58520716,69160.7,69213.2,69083.9,69116.2
1770468360000,BTC-USDT,69175.8,6.07439088,69119.6,69183.4,69085.4,69175.8
1770468420000,BTC-USDT,69275.1,5.56259646,69172.1,69300,69168.4,69275.1
1770468480000,BTC-USDT,69255.6,1.87155816,69284.8,69293.5,69244.1,69255.6
1770468540000,BTC-USDT,69248,3.45372859,69255.5,69259,69210.4,69248
1770468600000,BTC-USDT,69217.9,3.47068566,69250.6,69317.7,69200,69217.9
1770468660000,BTC-USDT,69060,14.94017442,69218.8,69218.8,69004.3,69060
1770468720000,BTC-USDT,69019.9,21.33902413,69062,69065.7,68959.5,69019.9
1770468780000,BTC-USDT,68888.6,30.77111235,69020,69029.3,68832.1,68888.6
1770468840000,BTC-USDT,68813,26.79553101,68888.6,68932.5,68812.9,68813
1770468900000,BTC-USDT,68905.4,4.94898511,68812.9,68955.4,68811,68905.4
1770468960000,BTC-USDT,68938.9,9.99426747,68903.9,68954.1,68880.1,68938.9
1770469020000,BTC-USDT,69052.8,11.5971242,68939.2,69055.1,68926.3,69052.8
1770469080000,BTC-USDT,68953.8,5.14594964,69054.2,69054.2,68922.6,68953.8
1770469140000,BTC-USDT,69028.8,1.96928726,68953.8,69039.3,68953.8,69028.8
1770469200000,BTC-USDT,69112,3.9658659,69029.6,69113.8,69026.9,69112
1770469260000,BTC-USDT,69206.7,11.7583307,69114,69263.9,69114,69206.7
1770469320000,BTC-USDT,68954.5,8.01560465,69206.7,69206.7,68954.5,68954.5
1770469380000,BTC-USDT,69053.5,11.77953043,68954.6,69064.5,68905,69053.5
1770469440000,BTC-USDT,69149.7,3.34792872,69053.4,69149.7,69007.2,69149.7
1770469500000,BTC-USDT,69108.1,14.31604595,69149.9,69159.5,69072.7,69108.1
1770469560000,BTC-USDT,69060.8,5.37552425,69108,69113.8,69035.6,69060.8
1770469620000,BTC-USDT,69013.1,6.00431701,69067.1,69088.4,69001.9,69013.1
1770469680000,BTC-USDT,68993.4,2.95363586,69015.5,69038.5,68973.1,68993.4
1770469740000,BTC-USDT,69118.1,2.20574273,68998.5,69173.6,68998.5,69118.1
1770469800000,BTC-USDT,69082.7,1.68089735,69127.3,69143.5,69082.7,69082.7
1770469860000,BTC-USDT,69110.5,3.62889897,69082.7,69173.6,69076.6,69110.5
1770469920000,BTC-USDT,69024.8,28.19798032,69110.1,69110.1,69000.4,69024.8
1770469980000,BTC-USDT,68963.9,4.25319932,69024.8,69024.8,68937.1,68963.9
1770470040000,BTC-USDT,68998.8,0.61884884,68968.3,68999.1,68968.3,68998.8
1770470100000,BTC-USDT,68959.5,8.19903283,68999.1,69056.5,68951,68959.5
1770470160000,BTC-USDT,69004,3.01287545,68955.3,69014.2,68935.1,69004
1770470220000,BTC-USDT,68993.9,1.22639451,69009,69014.2,68980,68993.9
1770470280000,BTC-USDT,69037.8,7.40639668,69003.2,69100,69003.2,69037.8
1770470340000,BTC-USDT,69139.8,5.26779889,69037.9,69184.5,69037.9,69139.8
1770470400000,BTC-USDT,69136.7,2.49909349,69152.7,69179.5,69082.4,69136.7
1770470460000,BTC-USDT,69120.9,1.47951772,69131.8,69131.8,69070.1,69120.9
1770470520000,BTC-USDT,69103.2,1.68112341,69120.9,69171.9,69103.2,69103.2
1770470580000,BTC-USDT,69214.6,9.23984518,69103.1,69214.6,69057,69214.6
1770470640000,BTC-USDT,69219.5,2.79595557,69214.5,69219.5,69139.7,69219.5
1770470700000,BTC-USDT,69216.3,9.20826119,69203.7,69259.1,69174.7,69216.3
1770470760000,BTC-USDT,69204.1,1.85293729,69223.1,69231,69183.5,69204.1
1770470820000,BTC-USDT,69285.6,3.70546658,69204.2,69285.6,69174.8,69285.6
1770470880000,BTC-USDT,69235.1,0.51176579,69282.3,69282.3,69234.7,69235.1
1770470940000,BTC-USDT,69258.5,1.18137611,69236,69270.6,69234,69258.5
1770471000000,BTC-USDT,69290.1,7.12841127,69265.8,69365.6,69253.2,69290.1
1770471060000,BTC-USDT,69145.6,5.85122872,69286.5,69286.5,69100.1,69145.6
1770471120000,BTC-USDT,69032,4.56551066,69154.6,69161,69032,69032
1770471180000,BTC-USDT,69072.6,5.15084742,69032,69075.2,69008,69072.6
1770471240000,BTC-USDT,69113.2,5.967781,69073.7,69210.6,69073.7,69113.2
1770471300000,BTC-USDT,69085.9,6.87753791,69113.2,69174.3,69060,69085.9
1770471360000,BTC-USDT,69034.4,6.01490043,69080.6,69080.6,68968.4,69034.4
1770471420000,BTC-USDT,69040.1,7.69031947,69034,69088.2,68980.1,69040.1
1770471480000,BTC-USDT,68956.5,8.92047617,69041.9,69093.1,68939.3,68956.5
1770471540000,BTC-USDT,68841.6,29.69514864,68956.5,69013.5,68831,68841.6
1770471600000,BTC-USDT,68951.6,6.38979766,68843.9,68960,68822.2,68951.6
1770471660000,BTC-USDT,68958.8,4.38718005,68959.8,69015.4,68943.7,68958.8
1770471720000,BTC-USDT,68963,2.31158808,68958.8,69000,68941.8,68963
1770471780000,BTC-USDT,68906.4,3.97264024,68953.8,68953.8,68896,68906.4
1770471840000,BTC-USDT,68904.2,3.75001787,68906.4,68923.2,68846,68904.2
1770471900000,BTC-USDT,68926.9,1.48032801,68904.3,68974,68878,68926.9
1770471960000,BTC-USDT,68990.1,0.69809547,68929.1,69006.1,68929.1,68990.1
1770472020000,BTC-USDT,68980.1,8.12247996,68990.2,69000.3,68957.9,68980.1
1770472080000,BTC-USDT,68962.2,2.55544765,68980,68994.1,68958.1,68962.2
1770472140000,BTC-USDT,69009.7,1.33272065,68960.3,69037,68957.9,69009.7
1770472200000,BTC-USDT,69009.8,2.67090527,69015,69080,69007,69009.8
1770472260000,BTC-USDT,69045,0.54196975,69006.7,69049.3,69006.7,69045
1770472320000,BTC-USDT,69073,7.41020558,69043.4,69077.4,68937.2,69073
1770472380000,BTC-USDT,69077.2,1.84650778,69071.9,69119.4,69045.4,69077.2
1770472440000,BTC-USDT,69045.7,1.64421319,69077.3,69098.1,69020,69045.7
1770472500000,BTC-USDT,69000.5,0.86805264,69040.1,69044.6,69000.5,69000.5
1770472560000,BTC-USDT,69027.5,3.99983014,69000,69027.5,68990.2,69027.5
1770472620000,BTC-USDT,69045.6,0.65503648,69027.5,69057.8,69005.7,69045.6
1770472680000,BTC-USDT,69008.9,3.34912003,69045.8,69053.8,69000,69008.9
1770472740000,BTC-USDT,69099.4,12.98458129,69009,69099.4,69008.9,69099.4
1770472800000,BTC-USDT,69065.6,9.42297998,69100,69136.1,69053.1,69065.6
1770472860000,BTC-USDT,69021.8,0.85443111,69063,69063.1,69008.2,69021.8
1770472920000,BTC-USDT,69040.8,1.59296233,69021.9,69119.4,69021.9,69040.8
1770472980000,BTC-USDT,69043.1,0.6925497,69047,69057.1,69023.5,69043.1
1770473040000,BTC-USDT,69092.2,2.83082415,69043.1,69092.3,69028.7,69092.2
1770473100000,BTC-USDT,69020,5.20413084,69092.2,69092.2,69020,69020
1770473160000,BTC-USDT,68966.5,1.02552725,69019.8,69019.8,68950.5,68966.5
1770473220000,BTC-USDT,69013.3,2.63169412,68971,69036.5,68964.2,69013.3
1770473280000,BTC-USDT,69023.4,0.71150045,69012.5,69074.9,69012.5,69023.4
1770473340000,BTC-USDT,69041,0.58653111,69025.1,69079.2,69025.1,69041
1770473400000,BTC-USDT,69068.6,8.18011641,69041.1,69108.7,69008,69068.6
1770473460000,BTC-USDT,69181.6,4.20765337,69074.8,69181.6,69043.3,69181.6
1770473520000,BTC-USDT,69167.5,0.91610497,69181.8,69195.5,69129.9,69167.5
1770473580000,BTC-USDT,69035.4,2.77303419,69167.5,69167.5,69017.9,69035.4
1770473640000,BTC-USDT,69025.7,3.76717815,69030.6,69030.6,68944.2,69025.7
1770473700000,BTC-USDT,68885.8,3.71227096,69020.6,69020.6,68880.6,68885.8
1770473760000,BTC-USDT,68866.7,1.66744121,68885.9,68921.2,68866.7,68866.7
1770473820000,BTC-USDT,68968.3,2.14369907,68869.4,68977.6,68869.4,68968.3
1770473880000,BTC-USDT,69037.9,0.76340838,68972.3,69043.7,68954.1,69037.9
1770473940000,BTC-USDT,69028.6,1.64759441,69037.9,69037.9,68992.2,69028.6
1770474000000,BTC-USDT,69003,16.37981125,69028.7,69055.2,68983.9,69003
1770474060000,BTC-USDT,69037.2,0.82945866,68999.5,69037.2,68980,69037.2
1770474120000,BTC-USDT,69040.9,23.31516754,69040,69059.4,68993.9,69040.9
1770474180000,BTC-USDT,69072.7,1.22218799,69041,69092.7,69020.1,69072.7
1770474240000,BTC-USDT,69053.2,3.72237842,69071.6,69073.9,69027.4,69053.2
1770474300000,BTC-USDT,69044.8,0.59065521,69053.2,69053.2,69016.3,69044.8
1770474360000,BTC-USDT,69071.5,22.87742943,69045.1,69148.4,69045.1,69071.5
1770474420000,BTC-USDT,69025.5,0.71194008,69071.3,69071.3,69021,69025.5
1770474480000,BTC-USDT,69041.1,1.28707682,69021,69044.4,68980,69041.1
1770474540000,BTC-USDT,68971.1,11.88576138,69044.5,69044.5,68971.1,68971.1
1770474600000,BTC-USDT,69011.7,1.67078352,68971.1,69015.8,68948.8,69011.7
1770474660000,BTC-USDT,68965.5,2.19481969,69011.7,69042.4,68949.3,68965.5
1770474720000,BTC-USDT,68977.6,0.81593212,68971.2,68999.7,68971.2,68977.6
1770474780000,BTC-USDT,68955.7,0.67675833,68977.6,68990.2,68955.7,68955.7
1770474840000,BTC-USDT,68921.3,3.65701594,68955.7,68978.9,68918.9,68921.3
1770474900000,BTC-USDT,68875.3,7.42067327,68921.2,68938.9,68866.7,68875.3
1770474960000,BTC-USDT,68960.7,3.0137357,68875.3,68996.1,68866.7,68960.7
1770475020000,BTC-USDT,68864.4,4.40126989,68958.7,68958.7,68864.3,68864.4
1770475080000,BTC-USDT,68616.4,25.59566394,68864.4,68872.1,68616.4,68616.4
1770475140000,BTC-USDT,68571.3,24.68156669,68616.5,68656.2,68459.6,68571.3
1770475200000,BTC-USDT,68746.6,12.81878298,68572.2,68872.5,68553.5,68746.6
1770475260000,BTC-USDT,68702,18.87051554,68742.6,68839.4,68688.1,68702
1770475320000,BTC-USDT,68673.7,9.04148041,68694.5,68734.4,68607.2,68673.7
1770475380000,BTC-USDT,68747.8,4.89734212,68679.1,68770.7,68679.1,68747.8
1770475440000,BTC-USDT,68809.3,7.92747759,68754.2,68809.3,68735.2,68809.3
1770475500000,BTC-USDT,68799.5,4.02868162,68810.8,68846,68744.7,68799.5
1770475560000,BTC-USDT,68713.8,2.13105977,68799.5,68811.5,68693.5,68713.8
1770475620000,BTC-USDT,68605.3,8.85198908,68713.8,68746.5,68567.7,68605.3
1770475680000,BTC-USDT,68420,21.23229463,68605.3,68612.6,68361.5,68420
1770475740000,BTC-USDT,68459.9,15.08317523,68420,68516.7,68420,68459.9
1770475800000,BTC-USDT,68592.4,4.57589266,68460,68631.9,68460,68592.4
1770475860000,BTC-USDT,68587.1,3.38093394,68592.3,68603,68501.5,68587.1
1770475920000,BTC-USDT,68581.4,6.1735812,68587.5,68708.7,68577.1,68581.4
1770475980000,BTC-USDT,68544.3,2.37683315,68580,68587.4,68529.7,68544.3
1770476040000,BTC-USDT,68556.4,1.04225974,68539.4,68578.3,68539.3,68556.4
1770476100000,BTC-USDT,68566.5,1.35993503,68553.8,68576.3,68529.6,68566.5
1770476160000,BTC-USDT,68580.4,3.3829474,68566.6,68619.9,68534.5,68580.4
1770476220000,BTC-USDT,68605.7,3.9392283,68580.5,68635.6,68568.3,68605.7
1770476280000,BTC-USDT,68675,2.86723081,68607.7,68708.6,68598.6,68675
1770476340000,BTC-USDT,68650,10.565523,68669.4,68676.1,68635.2,68650
1770476400000,BTC-USDT,68667.5,6.02648425,68650,68732.9,68558.4,68667.5
1770476460000,BTC-USDT,68772.1,2.97807857,68667.5,68777.6,68655.1,68772.1
1770476520000,BTC-USDT,68800.4,6.25552104,68777.6,68829,68722.9,68800.4
1770476580000,BTC-USDT,68850.2,3.95771108,68800.4,68855,68786.7,68850.2
1770476640000,BTC-USDT,69004.3,16.00023779,68850.3,69059.7,68846.4,69004.3
1770476700000,BTC-USDT,69072.7,18.78444564,69004.4,69136.8,68985.6,69072.7
1770476760000,BTC-USDT,68988.3,4.34315988,69069.8,69079.9,68985.9,68988.3
1770476820000,BTC-USDT,68985.4,8.0924626,68988.2,69027.3,68894,68985.4
1770476880000,BTC-USDT,68945.4,2.02096499,68985.4,68985.4,68910.6,68945.4
1770476940000,BTC-USDT,68980.8,1.75324516,68940,69017.5,68936.8,68980.8
1770477000000,BTC-USDT,68852.6,6.93617848,68979.4,68979.4,68852.6,68852.6
1770477060000,BTC-USDT,68924.6,1.67991067,68852.6,68947.3,68841.5,68924.6
1770477120000,BTC-USDT,68931.2,3.45527372,68929.6,68942.4,68896.4,68931.2
1770477180000,BTC-USDT,69000,2.52619665,68928.7,69000,68905.3,69000
1770477240000,BTC-USDT,69115.5,12.36237447,69000,69192.8,68987.7,69115.5
1770477300000,BTC-USDT,69122,11.0967884,69125.8,69222.8,69093.4,69122
1770477360000,BTC-USDT,69082.4,4.85995182,69121.4,69161.3,69053.1,69082.4
1770477420000,BTC-USDT,68984.8,2.37739292,69081.5,69092.7,68981.8,68984.8
1770477480000,BTC-USDT,69022,2.19564694,68984.7,69053.7,68984.7,69022
1770477540000,BTC-USDT,69093.7,3.17360852,69022,69128.7,68991.3,69093.7
1770477600000,BTC-USDT,69208.7,16.42281214,69093.7,69216.8,69093.7,69208.7
1770477660000,BTC-USDT,69293.3,14.89242801,69208.7,69369.9,69208.6,69293.3
1770477720000,BTC-USDT,69438.2,16.85954846,69293.3,69525.3,69216.8,69438.2
1770477780000,BTC-USDT,69413.2,33.45970032,69440.9,69452.2,69358.9,69413.2
1770477840000,BTC-USDT,69345.1,11.46208962,69418.5,69433.8,69332.7,69345.1
1770477900000,BTC-USDT,69200,4.33826028,69345.2,69345.2,69200,69200
1770477960000,BTC-USDT,69268.3,3.70194902,69200.1,69299.9,69184.2,69268.3
1770478020000,BTC-USDT,69210.7,2.36764469,69268.4,69268.4,69195.5,69210.7
1770478080000,BTC-USDT,69220,8.73820665,69212.4,69220,69158.7,69220
1770478140000,BTC-USDT,69270.2,3.02716945,69220,69290.7,69220,69270.2
1770478200000,BTC-USDT,69226.4,2.47353578,69270.5,69313.3,69187.9,69226.4
1770478260000,BTC-USDT,69384.8,21.6884475,69224,69402.9,69187.9,69384.8
1770478320000,BTC-USDT,69483.8,6.29237412,69384.8,69534.3,69333.6,69483.8
1770478380000,BTC-USDT,69615.6,54.18943234,69486.1,69782.4,69431.2,69615.6
1770478440000,BTC-USDT,69505.7,17.09967035,69616,69693.1,69505.7,69505.7
1770478500000,BTC-USDT,69596.9,5.06032185,69505.7,69619.9,69480,69596.9
1770478560000,BTC-USDT,69483.7,3.75970054,69591.8,69591.8,69472.4,69483.7
1770478620000,BTC-USDT,69456.7,2.45964471,69486.6,69556.5,69434.8,69456.7
1770478680000,BTC-USDT,69481.7,4.35706532,69459.5,69513.5,69447.5,69481.7
1770478740000,BTC-USDT,69516.4,2.66017425,69481.7,69550.3,69481.7,69516.4
1770478800000,BTC-USDT,69468.1,3.12869811,69516.4,69557.3,69467.8,69468.1
1770478860000,BTC-USDT,69479.1,6.54932972,69467.8,69497.7,69429.6,69479.1
1770478920000,BTC-USDT,69304.3,10.84330215,69479,69479,69268.6,69304.3
1770478980000,BTC-USDT,69352.6,2.74445056,69304.4,69382,69304.4,69352.6
1770479040000,BTC-USDT,69318.6,2.70414011,69363.2,69364.7,69311.1,69318.6
1770479100000,BTC-USDT,69368.6,4.18385561,69318.6,69398.2,69318.6,69368.6
1770479160000,BTC-USDT,69377.4,3.49279215,69367.6,69400,69367.6,69377.4
1770479220000,BTC-USDT,69486.9,2.58260054,69377.4,69487,69377.4,69486.9
1770479280000,BTC-USDT,69369.2,10.43247576,69486.9,69486.9,69342.3,69369.2
1770479340000,BTC-USDT,69349.7,2.27744265,69369.2,69381.8,69345.7,69349.7
1770479400000,BTC-USDT,69140,44.5209061,69356.7,69356.7,69076.2,69140
1770479460000,BTC-USDT,69132.4,12.41375212,69142.9,69216,69132.3,69132.4
1770479520000,BTC-USDT,69109.4,3.87152788,69132.4,69180.3,69109.4,69109.4
1770479580000,BTC-USDT,69071.5,4.83536278,69109.4,69150,69071.4,69071.5
1770479640000,BTC-USDT,69091.2,10.53052337,69074.6,69112.7,69055,69091.2
1770479700000,BTC-USDT,69125.5,6.04589455,69091.3,69159.5,69055.2,69125.5
1770479760000,BTC-USDT,69079.9,7.99960636,69126.4,69142,69079.9,69079.9
1770479820000,BTC-USDT,69170.1,2.49164491,69079.9,69176.8,69079.9,69170.1
1770479880000,BTC-USDT,69111.1,3.22709353,69162.3,69180,69108.2,69111.1
1770479940000,BTC-USDT,69159.9,1.70388302,69107,69171.1,69106.9,69159.9
1770480000000,BTC-USDT,69158.6,4.54197287,69159.9,69229,69144.3,69158.6
1770480060000,BTC-USDT,69255,3.48903867,69158.7,69299.8,69106.9,69255
1770480120000,BTC-USDT,69135.1,2.14339898,69258.2,69263.3,69135.1,69135.1
1770480180000,BTC-USDT,69171.3,5.59604541,69135,69191.5,69120.6,69171.3
1770480240000,BTC-USDT,69198.1,4.22871441,69173.9,69198.1,69129.9,69198.1
1770480300000,BTC-USDT,69635.9,344.80079998,69200,69888,68987.7,69635.9
1770480360000,BTC-USDT,69690.9,82.3907391,69638.5,69888,69381.4,69690.9
1770480420000,BTC-USDT,69607.8,21.38832875,69693.7,69815.5,69579.8,69607.8
1770480480000,BTC-USDT,69450.8,106.5812085,69607.7,69690.8,69200.8,69450.8
1770480540000,BTC-USDT,69507.1,168.49007986,69450.7,69621.2,69200,69507.1
1770480600000,BTC-USDT,69301.4,31.64889902,69502.7,69529.1,69301.4,69301.4
1770480660000,BTC-USDT,69370.1,120.29948947,69301.4,69583.9,69188.2,69370.1
1770480720000,BTC-USDT,69369.6,128.38511116,69370.1,69563.3,69179.7,69369.6
1770480780000,BTC-USDT,69456.3,136.22519232,69369.7,69648.5,69282.1,69456.3
1770480840000,BTC-USDT,69458.3,76.19920984,69460,69623.6,69274.3,69458.3
1770480900000,BTC-USDT,69618.5,80.66428566,69458.8,69640,69348.9,69618.5
1770480960000,BTC-USDT,69586.8,81.66568502,69620,69756.7,69427.2,69586.8
1770481020000,BTC-USDT,69390.7,42.54423036,69591.8,69657.3,69348.1,69390.7
1770481080000,BTC-USDT,69294.4,16.00181577,69390.7,69465.4,69294.4,69294.4
1770481140000,BTC-USDT,69314.6,7.12121113,69303.5,69341.9,69263.3,69314.6
1770481200000,BTC-USDT,69398.1,1.44900414,69310.6,69398.1,69288.7,69398.1
1770481260000,BTC-USDT,69445.7,3.4950842,69400,69481.9,69399.9,69445.7
1770481320000,BTC-USDT,69393.4,9.5725104,69445.6,69502.2,69387.3,69393.4
1770481380000,BTC-USDT,69420.1,1.72590215,69393.4,69421.9,69330.9,69420.1
1770481440000,BTC-USDT,69408.9,1.84202898,69420.2,69429.9,69383.2,69408.9
1770481500000,BTC-USDT,69373.8,3.58913285,69409,69472.2,69355.3,69373.8
1770481560000,BTC-USDT,69360,0.7603727,69373.9,69392.7,69310.3,69360
1770481620000,BTC-USDT,69311.7,6.345497,69360.1,69400,69290.7,69311.7
1770481680000,BTC-USDT,69315.6,2.48795188,69311.7,69339.7,69306.9,69315.6
1770481740000,BTC-USDT,69304.7,0.19124705,69315.7,69335,69304.7,69304.7
1770481800000,BTC-USDT,69388.3,0.73007024,69304.8,69388.3,69304.8,69388.3
1770481860000,BTC-USDT,69351.9,0.47719754,69388.3,69404.9,69351.9,69351.9
1770481920000,BTC-USDT,69428.7,2.08537852,69351.9,69428.7,69330.3,69428.7
1770481980000,BTC-USDT,69400.3,2.97297107,69428.7,69470.5,69398.4,69400.3
1770482040000,BTC-USDT,69351.7,0.46834188,69400,69400,69337.1,69351.7
1770482100000,BTC-USDT,69297.1,0.65016275,69351.6,69351.6,69286.9,69297.1
1770482160000,BTC-USDT,69191,8.47565197,69295.4,69295.4,69190.9,69191
1770482220000,BTC-USDT,69211.4,2.07462481,69190.9,69230.3,69142.9,69211.4
1770482280000,BTC-USDT,69277.3,3.23792386,69215.5,69306,69215.5,69277.3
1770482340000,BTC-USDT,69383.7,1.74856867,69282.1,69430.4,69282.1,69383.7
1770482400000,BTC-USDT,69331.4,7.34021298,69383.2,69412.3,69316.2,69331.4
1770482460000,BTC-USDT,69277.1,1.29956758,69331.3,69331.3,69272.4,69277.1
1770482520000,BTC-USDT,69245.3,1.38262925,69277.2,69318.2,69245.2,69245.3
1770482580000,BTC-USDT,69289.5,1.8269818,69246.8,69292.8,69246.8,69289.5
1770482640000,BTC-USDT,69342.6,1.03574928,69289.4,69342.6,69261.3,69342.6
1770482700000,BTC-USDT,69235.3,3.99020114,69330.7,69369.9,69233,69235.3
1770482760000,BTC-USDT,69164.1,4.94892895,69235.3,69235.3,69099.7,69164.1
1770482820000,BTC-USDT,69122.2,2.1220324,69170.6,69185.4,69083.3,69122.2
1770482880000,BTC-USDT,69095.7,2.19163024,69122.2,69159.9,69095.7,69095.7
1770482940000,BTC-USDT,69082.5,2.32859653,69094.5,69138.9,69074.6,69082.5
1770483000000,BTC-USDT,68971.9,16.63696729,69082.4,69087.8,68900,68971.9
1770483060000,BTC-USDT,69008,3.24552539,68971.9,69048.8,68971.9,69008
1770483120000,BTC-USDT,68993.4,2.68412507,69007.9,69060,68977.8,68993.4
1770483180000,BTC-USDT,68983.8,1.09971027,68984.5,69044.3,68977.7,68983.8
1770483240000,BTC-USDT,68999.9,8.13828519,68995.2,69061.2,68970.5,68999.9
1770483300000,BTC-USDT,68993.2,4.53928253,69005.7,69051.6,68955.5,68993.2
1770483360000,BTC-USDT,68897.2,4.62973483,68993.1,68993.1,68825.1,68897.2
1770483420000,BTC-USDT,68954.6,3.44328321,68897.6,68964.5,68886.2,68954.6
1770483480000,BTC-USDT,69003.2,0.57604056,68954.9,69020.1,68950.2,69003.2
1770483540000,BTC-USDT,68964.6,2.47876384,69003.2,69052.3,68964.6,68964.6
1770483600000,BTC-USDT,68974.4,2.70041712,68964.7,69074.3,68964.7,68974.4
1770483660000,BTC-USDT,68971.9,1.69048608,68973.8,69033.3,68943.9,68971.9
1770483720000,BTC-USDT,68920.1,1.13381987,68960,68983.3,68900,68920.1
1770483780000,BTC-USDT,69029.4,4.31044097,68923.7,69047.1,68923.7,69029.4
1770483840000,BTC-USDT,69081.1,1.38793026,69027.6,69084.3,68982.9,69081.1
1770483900000,BTC-USDT,68993.7,1.40465404,69084.2,69084.3,68992.1,68993.7
1770483960000,BTC-USDT,68900,0.5327321,68996.4,69021.8,68900,68900
1770484020000,BTC-USDT,68809.1,12.99798944,68900.1,68918.1,68727.2,68809.1
1770484080000,BTC-USDT,68847.6,6.61045144,68809.1,68872.3,68795.7,68847.6
1770484140000,BTC-USDT,68835.4,4.63662246,68852.3,68919.9,68813.7,68835.4
1770484200000,BTC-USDT,68732.3,15.12222341,68826.8,68838.9,68663.8,68732.3
1770484260000,BTC-USDT,68690.5,13.76395007,68745.3,68745.3,68666.8,68690.5
1770484320000,BTC-USDT,68748.9,3.70109002,68690.6,68784.7,68646,68748.9
1770484380000,BTC-USDT,68746.4,0.95703401,68748.9,68789.9,68740,68746.4
1770484440000,BTC-USDT,68744.8,0.50590086,68743.7,68765,68726.4,68744.8
1770484500000,BTC-USDT,68792.3,5.68534696,68751.9,68816.1,68723.4,68792.3
1770484560000,BTC-USDT,68746.5,1.27598988,68792.4,68809.8,68741.8,68746.5
1770484620000,BTC-USDT,68669.6,2.13298817,68746.6,68760,68666.3,68669.6
1770484680000,BTC-USDT,68801.9,17.57112456,68676.8,68801.9,68548.7,68801.9
1770484740000,BTC-USDT,68898.8,6.12687701,68803.5,68909,68800.4,68898.8
1770484800000,BTC-USDT,68903.6,1.16282347,68898.9,68951.6,68870.7,68903.6
1770484860000,BTC-USDT,68932.8,2.15548074,68903.5,68958.6,68848.7,68932.8
1770484920000,BTC-USDT,68884.2,1.04880904,68932.8,68932.8,68880,68884.2
1770484980000,BTC-USDT,68947.2,1.21064212,68884.1,68947.3,68856.5,68947.2
1770485040000,BTC-USDT,68942.7,0.96989649,68947.2,68968.4,68932,68942.7
1770485100000,BTC-USDT,68976.3,0.64933787,68942.7,68995.4,68932.9,68976.3
1770485160000,BTC-USDT,69069.7,1.45620018,68978.3,69089.2,68978.3,69069.7
1770485220000,BTC-USDT,69020.1,4.37178324,69073.9,69131,69020.1,69020.1
1770485280000,BTC-USDT,69087.3,1.43323929,69020.1,69115,69020.1,69087.3
1770485340000,BTC-USDT,69075.8,0.52195416,69087.2,69115.4,69052.9,69075.8
1770485400000,BTC-USDT,69045.6,1.34341117,69080,69119.1,69040,69045.6
1770485460000,BTC-USDT,69045.7,0.34408794,69048.4,69058.1,69017.3,69045.7
1770485520000,BTC-USDT,68987.6,1.3195062,69045.7,69045.7,68980,68987.6
1770485580000,BTC-USDT,68974.6,2.13021769,68987.7,69047.9,68949.7,68974.6
1770485640000,BTC-USDT,69002.4,0.65327404,68978.2,69003.8,68978.2,69002.4
1770485700000,BTC-USDT,69062.7,2.01035806,69003.9,69071.4,69002.6,69062.7
1770485760000,BTC-USDT,69153,1.61865262,69059.1,69153,69056.4,69153
1770485820000,BTC-USDT,69259.7,8.54159899,69153.2,69259.7,69153.2,69259.7
1770485880000,BTC-USDT,69300.4,16.08900511,69259.9,69300.4,69201.7,69300.4
1770485940000,BTC-USDT,69411.8,35.27231331,69300.3,69415,69293.3,69411.8
1770486000000,BTC-USDT,69304.4,7.16437986,69414.9,69414.9,69255.9,69304.4
1770486060000,BTC-USDT,69242.9,2.45262383,69304.5,69317,69235.2,69242.9
1770486120000,BTC-USDT,69232,0.96601195,69242.9,69242.9,69216.9,69232
1770486180000,BTC-USDT,69343.9,1.19304821,69234.4,69343.9,69234.4,69343.9
1770486240000,BTC-USDT,69309.4,4.84142011,69344,69355,69309.4,69309.4
1770486300000,BTC-USDT,69307.2,0.57979873,69306,69340,69290.9,69307.2
1770486360000,BTC-USDT,69258.8,1.52653162,69308.3,69336.1,69234.9,69258.8
1770486420000,BTC-USDT,69225.2,0.71560164,69258.8,69280,69216.8,69225.2
1770486480000,BTC-USDT,69246.2,5.2166049,69225.2,69265.2,69225.2,69246.2
1770486540000,BTC-USDT,69256.9,2.67444448,69248.9,69276.9,69219.4,69256.9
1770486600000,BTC-USDT,69253.4,1.31439637,69256.8,69265.2,69230.4,69253.4
1770486660000,BTC-USDT,69200,1.0467723,69254.8,69254.8,69200,69200
1770486720000,BTC-USDT,69172.4,2.4071453,69200.1,69200.1,69116.5,69172.4
1770486780000,BTC-USDT,69143.5,1.90932658,69172.3,69172.4,69127.9,69143.5
1770486840000,BTC-USDT,69104,0.44496137,69143.5,69143.6,69104,69104
1770486900000,BTC-USDT,69095.7,0.92932002,69104,69122,69063.8,69095.7
1770486960000,BTC-USDT,69175.5,2.01397311,69095.6,69186.7,69095.6,69175.5
1770487020000,BTC-USDT,69175.2,0.68310989,69177.2,69180.6,69153.2,69175.2
1770487080000,BTC-USDT,69199.6,0.53928185,69180.5,69207.3,69174.7,69199.6
1770487140000,BTC-USDT,69188.9,1.02262479,69199.5,69210.8,69162.2,69188.9
1770487200000,BTC-USDT,69210,1.09306276,69183.1,69220.1,69172.5,69210
1770487260000,BTC-USDT,69172.9,0.54985046,69213.2,69218.6,69172.8,69172.9
1770487320000,BTC-USDT,69151.3,0.68398336,69172.9,69172.9,69113.4,69151.3
1770487380000,BTC-USDT,69243.1,1.28391181,69155.4,69243.2,69155.4,69243.1
1770487440000,BTC-USDT,69193.2,1.39269459,69243.2,69284.7,69147.2,69193.2
1770487500000,BTC-USDT,69259.7,1.26470319,69193.2,69259.7,69180.1,69259.7
1770487560000,BTC-USDT,69235.8,2.17640493,69259.7,69266.9,69183.3,69235.8
1770487620000,BTC-USDT,69191.4,1.16742902,69235.8,69245.4,69191.3,69191.4
1770487680000,BTC-USDT,69086.3,4.73746821,69191.4,69191.4,69086.3,69086.3
1770487740000,BTC-USDT,69060.6,2.33384282,69085.8,69116.4,69051.5,69060.6
1770487800000,BTC-USDT,69016.5,0.94925107,69060.6,69093.7,69016.5,69016.5
1770487860000,BTC-USDT,69020.2,1.57245989,69016.3,69026.7,69013,69020.2
1770487920000,BTC-USDT,69041.1,1.03379214,69020.1,69082.8,69012.2,69041.1
1770487980000,BTC-USDT,69076.6,0.68267485,69048.7,69076.6,69042.8,69076.6
1770488040000,BTC-USDT,69049.2,0.92348674,69080,69089.7,69045.2,69049.2
1770488100000,BTC-USDT,69062.6,0.72877636,69049.1,69072.4,69049.1,69062.6
1770488160000,BTC-USDT,69093.3,2.23603823,69062.7,69100,69025.2,69093.3
1770488220000,BTC-USDT,69227,15.68509554,69097.8,69230.6,69097.8,69227
1770488280000,BTC-USDT,69188.2,2.79905554,69230.6,69235.2,69176.9,69188.2
1770488340000,BTC-USDT,69271.8,3.63530988,69188.1,69319.1,69188.1,69271.8
1770488400000,BTC-USDT,69322.7,2.21189786,69272,69367.5,69233.9,69322.7
1770488460000,BTC-USDT,69484.3,2.75915219,69328.1,69494.4,69328.1,69484.3
1770488520000,BTC-USDT,69420.2,4.89084583,69484.4,69529.3,69420.2,69420.2
1770488580000,BTC-USDT,69356.9,1.21767618,69420.1,69421.5,69321.4,69356.9
1770488640000,BTC-USDT,69353.6,0.64200397,69357,69379.2,69343.7,69353.6
1770488700000,BTC-USDT,69270.8,6.70170671,69353.6,69353.7,69231.1,69270.8
1770488760000,BTC-USDT,69259,1.49745591,69266.2,69272.9,69246.5,69259
1770488820000,BTC-USDT,69269.5,4.41735083,69259.1,69275.8,69247.7,69269.5
1770488880000,BTC-USDT,69274.4,1.6480025,69269.9,69278.9,69257.5,69274.4
1770488940000,BTC-USDT,69353.6,1.69310591,69274.3,69365.4,69274.3,69353.6
1770489000000,BTC-USDT,69328.6,1.37687586,69357,69391.8,69308.2,69328.6
1770489060000,BTC-USDT,69301.7,1.57732142,69321.2,69342.9,69276,69301.7
1770489120000,BTC-USDT,69386.4,0.80409377,69301.6,69392.3,69283.3,69386.4
1770489180000,BTC-USDT,69508,4.61452548,69382.3,69509.5,69382.3,69508
1770489240000,BTC-USDT,69538.1,2.99993997,69504.9,69554.4,69435.2,69538.1
1770489300000,BTC-USDT,69627.2,5.95968844,69534.9,69658.7,69520,69627.2
1770489360000,BTC-USDT,69482.2,5.55604891,69630.7,69640,69463.6,69482.2
1770489420000,BTC-USDT,69443,1.610256,69482.1,69516.8,69443,69443
1770489480000,BTC-USDT,69489.1,1.0874761,69441.2,69503.9,69420.1,69489.1
1770489540000,BTC-USDT,69462.3,0.53701112,69482.5,69489.5,69450,69462.3
1770489600000,BTC-USDT,69414.8,1.12701068,69462.4,69463.6,69414.7,69414.8
1770489660000,BTC-USDT,69405.3,1.5643021,69414.7,69419.1,69380,69405.3
1770489720000,BTC-USDT,69487.5,1.10843459,69405.3,69488.8,69402,69487.5
1770489780000,BTC-USDT,69538.6,4.92019736,69488.4,69544,69454.8,69538.6
1770489840000,BTC-USDT,69518.5,1.6860737,69531,69554.4,69518.5,69518.5
1770489900000,BTC-USDT,69489.7,0.99832589,69517.2,69524,69475.5,69489.7
1770489960000,BTC-USDT,69476.2,0.61863107,69489.6,69489.6,69464,69476.2
1770490020000,BTC-USDT,69448.5,1.0898621,69476.3,69495.2,69427.1,69448.5
1770490080000,BTC-USDT,69551.5,0.91888969,69450.9,69563,69450.5,69551.5
1770490140000,BTC-USDT,69645.4,2.53764941,69551.5,69645.4,69540.9,69645.4
1770490200000,BTC-USDT,69600.2,3.88159925,69646.5,69655.6,69586.1,69600.2
1770490260000,BTC-USDT,69632.9,5.86843381,69615,69699.1,69591.1,69632.9
1770490320000,BTC-USDT,69614.2,2.24998303,69620.7,69628.4,69593.3,69614.2
1770490380000,BTC-USDT,69579.4,2.91141601,69616.4,69646.1,69556.4,69579.4
1770490440000,BTC-USDT,69549.1,3.37195571,69566,69578.9,69500.1,69549.1
1770490500000,BTC-USDT,69453,2.57556033,69550.8,69550.8,69450.9,69453
1770490560000,BTC-USDT,69425.8,1.06663105,69453,69491.3,69425.7,69425.8
1770490620000,BTC-USDT,69442.2,1.86102809,69425.8,69489.5,69425.8,69442.2
1770490680000,BTC-USDT,69465.7,1.46787259,69442.1,69495,69423.1,69465.7
1770490740000,BTC-USDT,69514.6,9.076288,69470.4,69536.1,69470.4,69514.6
1770490800000,BTC-USDT,69432.5,6.69997621,69513.7,69527.2,69425.8,69432.5
1770490860000,BTC-USDT,69440.1,1.79982993,69432.5,69476.3,69432.5,69440.1
1770490920000,BTC-USDT,69394,0.94126047,69440.1,69445.1,69379,69394
1770490980000,BTC-USDT,69420.1,12.829576,69394,69555.7,69394,69420.1
1770491040000,BTC-USDT,69491.4,0.77936477,69422.5,69491.4,69412.1,69491.4
1770491100000,BTC-USDT,69495,1.82065345,69487.2,69513,69447.9,69495
1770491160000,BTC-USDT,69558.6,1.39417627,69495.1,69570.3,69475.9,69558.6
1770491220000,BTC-USDT,69558.4,2.28243301,69559.2,69582.1,69508.4,69558.4
1770491280000,BTC-USDT,69521.3,0.90458707,69563.1,69569.1,69516.6,69521.3
1770491340000,BTC-USDT,69380.3,0.92238155,69516.6,69516.6,69374.3,69380.3
1770491400000,BTC-USDT,69366.1,0.89594638,69380,69408.6,69342.1,69366.1
1770491460000,BTC-USDT,69327.9,0.87584071,69362.3,69364.6,69315.8,69327.9
1770491520000,BTC-USDT,69335.6,2.16103903,69327.9,69335.6,69292.6,69335.6
1770491580000,BTC-USDT,69352.8,0.99118429,69335.7,69372.1,69325.2,69352.8
1770491640000,BTC-USDT,69357,1.42814743,69350.3,69366.6,69350.2,69357
1770491700000,BTC-USDT,69357.3,0.31116006,69357,69376.7,69348,69357.3
1770491760000,BTC-USDT,69383,1.70102135,69357.7,69409.2,69357.6,69383
1770491820000,BTC-USDT,69379,2.81089377,69379.8,69388.3,69366.8,69379
1770491880000,BTC-USDT,69387.1,0.78831889,69383.5,69399.7,69370.6,69387.1
1770491940000,BTC-USDT,69388.1,1.06388097,69387.2,69404.4,69355.4,69388.1
1770492000000,BTC-USDT,69369.2,0.94839515,69388.1,69388.4,69350.9,69369.2
1770492060000,BTC-USDT,69369.1,0.6300932,69367.5,69369.2,69355.5,69369.1
1770492120000,BTC-USDT,69455.6,0.80163032,69369.1,69455.6,69369,69455.6
1770492180000,BTC-USDT,69518.3,2.16778795,69456.4,69542,69456.4,69518.3
1770492240000,BTC-USDT,69504.1,1.92383736,69518.2,69536,69491,69504.1
1770492300000,BTC-USDT,69471.4,0.50745821,69502.1,69502.1,69464.2,69471.4
1770492360000,BTC-USDT,69480,0.71734702,69474.3,69506.8,69474.3,69480
1770492420000,BTC-USDT,69466.5,5.73330679,69477.2,69482.4,69452.3,69466.5
1770492480000,BTC-USDT,69489.5,0.36733226,69464.6,69492.8,69440.1,69489.5
1770492540000,BTC-USDT,69428.1,1.31909169,69489.4,69489.4,69426.4,69428.1
1770492600000,BTC-USDT,69390.4,0.55948607,69426.6,69426.6,69386.7,69390.4
1770492660000,BTC-USDT,69343.2,1.87979081,69390.3,69390.3,69291.1,69343.2
1770492720000,BTC-USDT,69374.1,2.64736344,69343.3,69379.8,69331.2,69374.1
1770492780000,BTC-USDT,69364.8,0.96212897,69374.1,69379.8,69364.8,69364.8
1770492840000,BTC-USDT,69358.8,1.60149088,69364.8,69404.6,69332.1,69358.8
1770492900000,BTC-USDT,69392.3,1.69569662,69355.4,69395,69355.4,69392.3
1770492960000,BTC-USDT,69369.2,2.02355996,69392.6,69407.1,69358.4,69369.2
1770493020000,BTC-USDT,69451.1,2.17489682,69368.7,69492.9,69368.7,69451.1
1770493080000,BTC-USDT,69432.9,3.50553086,69451,69451,69369.7,69432.9
1770493140000,BTC-USDT,69427.9,0.47943763,69432.9,69432.9,69412.3,69427.9
1770493200000,BTC-USDT,69431.8,1.69588751,69426.7,69462.6,69415.1,69431.8
1770493260000,BTC-USDT,69433.2,1.7799496,69432.4,69454.4,69416.5,69433.2
1770493320000,BTC-USDT,69411.6,0.78109504,69431.3,69431.3,69404.4,69411.6
1770493380000,BTC-USDT,69351.6,4.89551731,69404.4,69404.4,69340,69351.6
1770493440000,BTC-USDT,69356.9,3.72298704,69351.7,69363.7,69350,69356.9
1770493500000,BTC-USDT,69350.1,7.55266161,69356.8,69358.2,69340.1,69350.1
1770493560000,BTC-USDT,69383.5,151.23710327,69350.1,69500,69317.3,69383.5
1770493620000,BTC-USDT,69437.8,2.14496646,69383.5,69439.3,69383.4,69437.8
1770493680000,BTC-USDT,69486,2.03815489,69437.9,69503.6,69437.9,69486
1770493740000,BTC-USDT,69427.9,0.85044904,69486,69486,69426.6,69427.9
1770493800000,BTC-USDT,69442.2,0.40163368,69427.9,69456.3,69425.2,69442.2
1770493860000,BTC-USDT,69430.5,1.02360486,69442.3,69453.6,69430.5,69430.5
1770493920000,BTC-USDT,69439.1,1.12154833,69431.3,69448.4,69425.6,69439.1
1770493980000,BTC-USDT,69357,1.8556903,69439.1,69459.9,69345.5,69357
1770494040000,BTC-USDT,69372.6,4.89230042,69357,69403,69346.6,69372.6
1770494100000,BTC-USDT,69342.4,0.83065638,69372.6,69372.6,69342.4,69342.4
1770494160000,BTC-USDT,69293.6,0.52474301,69344.4,69346.5,69292.6,69293.6
1770494220000,BTC-USDT,69284.2,0.62802112,69292.7,69296,69270.5,69284.2
1770494280000,BTC-USDT,69316.8,0.24116875,69284.3,69323.2,69284.3,69316.8
1770494340000,BTC-USDT,69371.9,4.71894199,69317.3,69398.6,69277.6,69371.9
1770494400000,BTC-USDT,69275.9,1.17834319,69371.8,69371.8,69275.9,69275.9
1770494460000,BTC-USDT,69358.3,0.87927459,69279.4,69369.5,69279.4,69358.3
1770494520000,BTC-USDT,69390.7,1.80231937,69360.6,69392.8,69353.9,69390.7
1770494580000,BTC-USDT,69398.6,0.71544986,69389.7,69425.2,69382.8,69398.6
1770494640000,BTC-USDT,69410.4,0.22875061,69403.3,69420,69403.2,69410.4
1770494700000,BTC-USDT,69373.4,2.45177804,69410.3,69417.3,69354,69373.4
1770494760000,BTC-USDT,69348.1,0.87683717,69374,69403.2,69348.1,69348.1
1770494820000,BTC-USDT,69362.6,0.98697204,69345.2,69362.6,69307.8,69362.6
1770494880000,BTC-USDT,69359.5,0.46975076,69363.2,69363.2,69348.8,69359.5
1770494940000,BTC-USDT,69300.2,0.67712104,69359.6,69359.6,69285.7,69300.2
1770495000000,BTC-USDT,69285.2,0.25176535,69300.2,69305.3,69283.9,69285.2
1770495060000,BTC-USDT,69262.7,1.47100529,69285.1,69285.1,69256.1,69262.7
1770495120000,BTC-USDT,69383.6,0.97859739,69262.8,69398.5,69262.8,69383.6
1770495180000,BTC-USDT,69364.7,0.50443785,69382.1,69401.1,69364.7,69364.7
1770495240000,BTC-USDT,69313.5,1.10193635,69363.2,69363.2,69313.4,69313.5
1770495300000,BTC-USDT,69321.2,5.27376524,69313.4,69333.3,69310,69321.2
1770495360000,BTC-USDT,69324,0.53276595,69321.1,69335.3,69292.5,69324
1770495420000,BTC-USDT,69371.4,1.95804206,69326.6,69371.4,69326.6,69371.4
1770495480000,BTC-USDT,69377.4,0.44800229,69375.3,69398.5,69375.3,69377.4
1770495540000,BTC-USDT,69356.5,0.82289027,69377.4,69377.4,69307.7,69356.5
1770495600000,BTC-USDT,69420,2.81493513,69356.6,69440,69349.3,69420
1770495660000,BTC-USDT,69400.1,1.98719946,69421.7,69467.9,69400,69400.1
1770495720000,BTC-USDT,69376.5,1.45052013,69400.1,69444.5,69376.5,69376.5
1770495780000,BTC-USDT,69389.1,0.32424748,69373.8,69400.1,69373.8,69389.1
1770495840000,BTC-USDT,69426.6,1.12727033,69389.1,69426.6,69389.1,69426.6
1770495900000,BTC-USDT,69429,0.59615778,69429.2,69457.1,69426,69429
1770495960000,BTC-USDT,69417.1,0.77294169,69429,69440.6,69412.6,69417.1
1770496020000,BTC-USDT,69468.5,2.94688307,69417.1,69488.3,69417.1,69468.5
1770496080000,BTC-USDT,69466.8,1.51507654,69468.5,69482.1,69454.6,69466.8
1770496140000,BTC-USDT,69439.8,0.14884559,69466.8,69466.8,69439.8,69439.8
1770496200000,BTC-USDT,69452.7,0.64448851,69439.9,69457.8,69435.9,69452.7
1770496260000,BTC-USDT,69431.6,1.11614442,69452.7,69485,69431.6,69431.6
1770496320000,BTC-USDT,69415.3,1.13183746,69430.9,69432.9,69378.6,69415.3
1770496380000,BTC-USDT,69473,2.78429627,69415.3,69482.5,69408.8,69473
1770496440000,BTC-USDT,69539.9,1.28108022,69473,69539.9,69465.2,69539.9
1770496500000,BTC-USDT,69591.5,1.16103329,69537.1,69613.1,69537.1,69591.5
1770496560000,BTC-USDT,69598.2,0.46378224,69591.5,69610.3,69587.2,69598.2
1770496620000,BTC-USDT,69622.1,0.53150867,69594.7,69622.1,69580.1,69622.1
1770496680000,BTC-USDT,69616.2,0.48194514,69622,69626.3,69613,69616.2
1770496740000,BTC-USDT,69596.2,2.47769738,69616.1,69616.1,69580.1,69596.2
1770496800000,BTC-USDT,69613,0.89750849,69596.1,69613,69573.1,69613
1770496860000,BTC-USDT,69573.1,1.61364894,69612.9,69619.4,69571.1,69573.1
1770496920000,BTC-USDT,69602.3,0.54220104,69573.1,69608.2,69547.6,69602.3
1770496980000,BTC-USDT,69591.4,0.65074223,69599.1,69606,69589.8,69591.4
1770497040000,BTC-USDT,69548.9,2.62754469,69591.4,69591.4,69548.9,69548.9
1770497100000,BTC-USDT,69571.7,0.4739894,69548.9,69589.7,69548.9,69571.7
1770497160000,BTC-USDT,69578.3,0.973985,69571.6,69624.3,69568.2,69578.3
1770497220000,BTC-USDT,69589.8,0.3324995,69572.2,69601.8,69572.2,69589.8
1770497280000,BTC-USDT,69601.5,0.11980127,69591,69611,69581,69601.5
1770497340000,BTC-USDT,69571.2,0.14053204,69600,69600,69571.2,69571.2
1770497400000,BTC-USDT,69587.3,0.37350275,69571.2,69600.9,69571.1,69587.3
1770497460000,BTC-USDT,69652.2,0.58720757,69587.3,69654.3,69587.3,69652.2
1770497520000,BTC-USDT,69724.3,4.60108722,69649.7,69732.2,69609.9,69724.3
1770497580000,BTC-USDT,69674.1,6.57252225,69719.3,69733.3,69673.4,69674.1
1770497640000,BTC-USDT,69639.5,3.88803408,69676.9,69698.2,69634.4,69639.5
1770497700000,BTC-USDT,69594.7,1.52165239,69639.6,69639.6,69594.4,69594.7
1770497760000,BTC-USDT,69545.9,1.4224069,69594.5,69594.5,69510.6,69545.9
1770497820000,BTC-USDT,69545.5,0.64070735,69554.1,69560,69541.9,69545.5
1770497880000,BTC-USDT,69645.2,6.38002905,69547.1,69655.4,69547,69645.2
1770497940000,BTC-USDT,69630.3,1.41540433,69645.3,69648.7,69605.7,69630.3
1770498000000,BTC-USDT,69680.4,1.22640155,69630.3,69703.5,69630.3,69680.4
1770498060000,BTC-USDT,69563.8,2.63810117,69680.4,69694.7,69552.2,69563.8
1770498120000,BTC-USDT,69495.3,2.59076234,69563.8,69563.8,69495.3,69495.3
1770498180000,BTC-USDT,69547.3,0.50769939,69494.8,69547.3,69484,69547.3
1770498240000,BTC-USDT,69538.7,1.10312146,69547.5,69552,69516.6,69538.7
1770498300000,BTC-USDT,69553.9,0.69966229,69536.7,69556.4,69526.1,69553.9
1770498360000,BTC-USDT,69543.5,0.05775488,69554.7,69554.7,69529.7,69543.5
1770498420000,BTC-USDT,69508.8,1.37743278,69543.6,69579.5,69505.8,69508.8
1770498480000,BTC-USDT,69490.3,0.75622437,69508.7,69522.4,69450,69490.3
1770498540000,BTC-USDT,69511.1,0.70837038,69492.7,69520.6,69492.7,69511.1
1770498600000,BTC-USDT,69496,0.9605568,69508.6,69515.5,69488.8,69496
1770498660000,BTC-USDT,69536.6,1.09605476,69496.1,69569.2,69496.1,69536.6
1770498720000,BTC-USDT,69573.4,0.96291768,69536.5,69573.5,69536.5,69573.4
1770498780000,BTC-USDT,69560.9,0.82461638,69572,69576.6,69548.8,69560.9
1770498840000,BTC-USDT,69530.7,2.10548225,69559.8,69559.8,69489.6,69530.7
1770498900000,BTC-USDT,69495.4,1.34938614,69530.6,69530.6,69494,69495.4
1770498960000,BTC-USDT,69461.5,2.20808905,69495.4,69495.4,69450,69461.5
1770499020000,BTC-USDT,69433.9,3.16395248,69461.5,69461.6,69421.2,69433.9
1770499080000,BTC-USDT,69456,0.6334865,69433.9,69470.5,69433.8,69456
1770499140000,BTC-USDT,69485.4,0.62776023,69456.1,69489.2,69456.1,69485.4
1770499200000,BTC-USDT,69485.2,0.58709819,69479.4,69503.1,69456.1,69485.2
1770499260000,BTC-USDT,69522.5,0.83755208,69485.2,69522.5,69485.2,69522.5
1770499320000,BTC-USDT,69534.9,1.06854669,69522.5,69551.9,69516.3,69534.9
1770499380000,BTC-USDT,69543.6,2.45925618,69534.7,69562.5,69528.3,69543.6
1770499440000,BTC-USDT,69543.4,0.23886681,69543.6,69543.6,69508.7,69543.4
1770499500000,BTC-USDT,69536.5,4.66145547,69543.6,69599.9,69536.5,69536.5
1770499560000,BTC-USDT,69566.8,0.75248958,69536.5,69579.3,69522.7,69566.8
1770499620000,BTC-USDT,69588,9.26255753,69566.9,69614.2,69566.9,69588
1770499680000,BTC-USDT,69578.6,0.3125646,69588,69588,69548.3,69578.6
1770499740000,BTC-USDT,69501.1,2.12753713,69578.7,69607.5,69501.1,69501.1
1770499800000,BTC-USDT,69538.9,0.35831344,69501,69538.9,69485.2,69538.9
1770499860000,BTC-USDT,69593.6,4.26364671,69538.8,69605.6,69538.8,69593.6
1770499920000,BTC-USDT,69610.1,5.62979954,69593.5,69617,69584.8,69610.1
1770499980000,BTC-USDT,69620.3,2.38310785,69615.1,69659.5,69606.5,69620.3
1770500040000,BTC-USDT,69647,43.59004958,69620,69648.6,69595.3,69647
1770500100000,BTC-USDT,69638,1.48285406,69646.9,69646.9,69632.5,69638
1770500160000,BTC-USDT,69641.7,3.17262011,69638,69659.2,69632.5,69641.7
1770500220000,BTC-USDT,69634.3,0.94699668,69640.5,69640.5,69632.5,69634.3
1770500280000,BTC-USDT,69632.5,23.52394456,69634.4,69661.7,69632.5,69632.5
1770500340000,BTC-USDT,69512.7,26.05437949,69632.5,69632.6,69512.7,69512.7
1770500400000,BTC-USDT,69555.4,2.15879926,69512.7,69555.4,69505.1,69555.4
1770500460000,BTC-USDT,69554,0.76897089,69558.6,69587.6,69531.2,69554
1770500520000,BTC-USDT,69530,0.67980836,69539.8,69549.2,69530,69530
1770500580000,BTC-USDT,69544.1,8.76253128,69530.1,69568.9,69520,69544.1
1770500640000,BTC-USDT,69460,1.56371992,69543.4,69543.5,69458.9,69460
1770500700000,BTC-USDT,69374.9,3.30601624,69460,69476.3,69369.2,69374.9
1770500760000,BTC-USDT,69360.1,2.41292787,69375,69403.4,69360,69360.1
1770500820000,BTC-USDT,69497.8,1.17407598,69366.2,69497.8,69366.2,69497.8
1770500880000,BTC-USDT,69475.4,0.86177986,69497.8,69497.8,69457.7,69475.4
1770500940000,BTC-USDT,69471.3,1.24757568,69474.3,69474.3,69439.6,69471.3
1770501000000,BTC-USDT,69446.2,0.81141159,69471.4,69480,69446.1,69446.2
1770501060000,BTC-USDT,69460,0.62818665,69446.1,69480.6,69440.1,69460
1770501120000,BTC-USDT,69449.3,1.10880665,69460,69481.5,69444.9,69449.3
1770501180000,BTC-USDT,69452.6,0.86396116,69449.4,69463.5,69443.8,69452.6
1770501240000,BTC-USDT,69479.2,0.13525308,69449,69482.1,69442.9,69479.2
1770501300000,BTC-USDT,69420.1,4.97937623,69479.3,69483.8,69420,69420.1
1770501360000,BTC-USDT,69482.5,1.31495146,69420,69489.6,69420,69482.5
1770501420000,BTC-USDT,69426.6,8.70995128,69482.5,69490,69405.3,69426.6
1770501480000,BTC-USDT,69442.5,4.00307766,69422.4,69459.5,69408.8,69442.5
1770501540000,BTC-USDT,69506.4,2.53689483,69442.6,69506.4,69442.5,69506.4
1770501600000,BTC-USDT,69471.4,1.88244322,69506.4,69506.4,69469,69471.4
1770501660000,BTC-USDT,69479.3,2.61596559,69471.5,69486.3,69469.1,69479.3
1770501720000,BTC-USDT,69489.1,0.93828418,69479.4,69496.1,69460.1,69489.1
1770501780000,BTC-USDT,69491,1.20000404,69489.1,69515.2,69472.6,69491
1770501840000,BTC-USDT,69518,2.07406299,69491,69528.4,69491,69518
1770501900000,BTC-USDT,69501.2,1.90540896,69518,69518,69484.7,69501.2
1770501960000,BTC-USDT,69500.4,3.88375221,69501.2,69513.7,69480,69500.4
1770502020000,BTC-USDT,69699.9,8.38728216,69504.6,69700,69504.6,69699.9
1770502080000,BTC-USDT,69685.5,0.69253209,69695.8,69700,69671.6,69685.5
1770502140000,BTC-USDT,69655.5,1.16650841,69685.4,69685.6,69655.5,69655.5
1770502200000,BTC-USDT,69617.6,3.4683668,69655.5,69655.5,69607.1,69617.6
1770502260000,BTC-USDT,69619.7,2.17925304,69617.6,69631.3,69609.7,69619.7
1770502320000,BTC-USDT,69589.6,3.25145227,69619.6,69619.7,69567.4,69589.6
1770502380000,BTC-USDT,69519,26.19887751,69589.6,69590.5,69465.5,69519
1770502440000,BTC-USDT,69558.8,0.88112244,69519.1,69568.9,69517.8,69558.8
1770502500000,BTC-USDT,69523.1,0.71976862,69558.7,69568.2,69501.1,69523.1
1770502560000,BTC-USDT,69551.4,1.05375925,69523.5,69551.4,69519.1,69551.4
1770502620000,BTC-USDT,69523.8,1.46166756,69551.4,69556,69511.8,69523.8
1770502680000,BTC-USDT,69434.8,3.68305991,69523.9,69523.9,69421,69434.8
1770502740000,BTC-USDT,69492.3,1.90306628,69434.9,69500.6,69434.9,69492.3
1770502800000,BTC-USDT,69528.2,1.40189582,69492.1,69541.8,69475.4,69528.2
1770502860000,BTC-USDT,69491.2,0.45082667,69531.9,69531.9,69484,69491.2
1770502920000,BTC-USDT,69508.3,1.35524475,69490.7,69510.1,69490.7,69508.3
1770502980000,BTC-USDT,69525,1.31494125,69508.3,69525,69496.6,69525
1770503040000,BTC-USDT,69480,2.28180008,69524.3,69524.3,69468.5,69480
1770503100000,BTC-USDT,69496.1,3.2294337,69479.9,69499.1,69479.9,69496.1
1770503160000,BTC-USDT,69455.8,1.0870958,69492,69492,69455.8,69455.8
1770503220000,BTC-USDT,69496.5,7.39797538,69455.9,69503.1,69455.8,69496.5
1770503280000,BTC-USDT,69532.8,1.51556111,69496.4,69538.1,69496.4,69532.8
1770503340000,BTC-USDT,69571.7,1.49546511,69532.8,69580.4,69532.7,69571.7
1770503400000,BTC-USDT,69505,2.29699642,69571.7,69571.7,69496.5,69505
1770503460000,BTC-USDT,69519.3,0.66694612,69505.6,69519.4,69505,69519.3
1770503520000,BTC-USDT,69528.7,1.18966162,69519.3,69537.1,69509.4,69528.7
1770503580000,BTC-USDT,69487.6,1.92368416,69532.3,69532.4,69487.6,69487.6
1770503640000,BTC-USDT,69511.8,0.66836337,69487.7,69511.9,69487.6,69511.8
1770503700000,BTC-USDT,69525.2,0.86159795,69511.9,69525.3,69511.8,69525.2
1770503760000,BTC-USDT,69487.7,4.15871779,69526.3,69553.1,69487.7,69487.7
1770503820000,BTC-USDT,69394.6,5.3405082,69487.7,69487.8,69381.4,69394.6
1770503880000,BTC-USDT,69413.4,0.58183994,69394.6,69428.5,69394.6,69413.4
1770503940000,BTC-USDT,69442.3,0.27818458,69413.4,69448.7,69411.9,69442.3
1770504000000,BTC-USDT,69480.4,1.32454954,69444.5,69515.9,69440.9,69480.4
1770504060000,BTC-USDT,69492,1.19832793,69480.4,69508.3,69479.1,69492
1770504120000,BTC-USDT,69454.2,0.46013402,69492,69492,69454.1,69454.2
1770504180000,BTC-USDT,69406.1,0.63385774,69454.2,69454.2,69404.2,69406.1
1770504240000,BTC-USDT,69403.2,1.72681905,69406.2,69406.2,69372,69403.2
1770504300000,BTC-USDT,69360.7,0.81138768,69405,69422.7,69360.7,69360.7
1770504360000,BTC-USDT,69396.8,0.96301503,69360.3,69396.8,69324.5,69396.8
1770504420000,BTC-USDT,69367.5,0.85974444,69396.9,69408.2,69342.6,69367.5
1770504480000,BTC-USDT,69376.3,0.62841644,69367.6,69376.8,69361.4,69376.3
1770504540000,BTC-USDT,69376.2,0.11454584,69376.3,69376.4,69372.9,69376.2
1770504600000,BTC-USDT,69455.5,1.21851929,69376.3,69455.6,69374.9,69455.5
1770504660000,BTC-USDT,69426.8,0.69360379,69455.6,69464.6,69423.7,69426.8
1770504720000,BTC-USDT,69424.1,2.37754774,69431.8,69453.8,69410.4,69424.1
1770504780000,BTC-USDT,69437.8,0.72891942,69424.2,69451.8,69416.1,69437.8
1770504840000,BTC-USDT,69415.9,0.53913116,69437.7,69437.7,69415.9,69415.9
1770504900000,BTC-USDT,69437.7,1.76291921,69416,69449.1,69416,69437.7
1770504960000,BTC-USDT,69475.4,1.8767999,69437.8,69475.6,69437.8,69475.4
1770505020000,BTC-USDT,69488.3,3.13917812,69478.2,69489.7,69478.2,69488.3
1770505080000,BTC-USDT,69446,1.0231164,69488.3,69488.3,69417.3,69446
1770505140000,BTC-USDT,69405.9,1.88247644,69446,69462.9,69395,69405.9
1770505200000,BTC-USDT,69372.4,1.05239615,69406,69437.7,69372.4,69372.4
1770505260000,BTC-USDT,69352,2.75742696,69372.4,69377.1,69288.1,69352
1770505320000,BTC-USDT,69312,3.5620902,69352,69390,69312,69312
1770505380000,BTC-USDT,69259,3.99097953,69312.1,69312.1,69224.7,69259
1770505440000,BTC-USDT,69166.1,21.34598361,69257.3,69284.6,69137.9,69166.1
1770505500000,BTC-USDT,69107.7,7.70834557,69166.1,69241.9,69100,69107.7
1770505560000,BTC-USDT,68967.9,18.65568522,69107.8,69129.7,68954.5,68967.9
1770505620000,BTC-USDT,68906.2,45.07714951,68964.7,68990.7,68866.7,68906.2
1770505680000,BTC-USDT,68998,9.9984156,68906.3,68999.6,68902.1,68998
1770505740000,BTC-USDT,68941.9,5.00211925,68998,68998,68941.9,68941.9
1770505800000,BTC-USDT,69051.3,52.9548469,68941.9,69072.6,68918.1,69051.3
1770505860000,BTC-USDT,69075,0.8386568,69052,69084.3,69052,69075
1770505920000,BTC-USDT,69030.8,1.9232463,69075,69075,69009.8,69030.8
1770505980000,BTC-USDT,69041.1,3.55299269,69030.8,69057.9,69008,69041.1
1770506040000,BTC-USDT,69068,1.21116829,69042,69084.2,69042,69068
1770506100000,BTC-USDT,69075.2,4.1941226,69068.1,69089.5,69053.6,69075.2
1770506160000,BTC-USDT,69051.6,1.54698726,69075.3,69124.5,69019.8,69051.6
1770506220000,BTC-USDT,69009.6,1.68758323,69051.6,69081.9,68976.3,69009.6
1770506280000,BTC-USDT,68991,1.43814638,69012.5,69027.9,68985.1,68991
1770506340000,BTC-USDT,68932.2,3.57521047,68991,68996.4,68932.2,68932.2
1770506400000,BTC-USDT,68879.5,6.40352827,68933,68933,68875.1,68879.5
1770506460000,BTC-USDT,68798.5,9.89810964,68881,68881,68793.1,68798.5
1770506520000,BTC-USDT,68844,3.26482028,68800.6,68857.2,68782,68844
1770506580000,BTC-USDT,68931,2.71671981,68843.9,68951.2,68843.9,68931
1770506640000,BTC-USDT,68960,3.03807516,68932.8,68966.3,68908.1,68960
1770506700000,BTC-USDT,68977,0.21663976,68960,68981.4,68941.4,68977
1770506760000,BTC-USDT,69022.4,2.14607107,68977.8,69043.5,68977.8,69022.4
1770506820000,BTC-USDT,69028.9,1.70960937,69021.9,69029.3,68989.5,69028.9
1770506880000,BTC-USDT,69079.1,2.21864814,69030.5,69079.1,69030.1,69079.1
1770506940000,BTC-USDT,69035.3,4.43561606,69079.2,69117.4,69035.3,69035.3
1770507000000,BTC-USDT,69107.3,4.48339892,69035.3,69132.7,69035.3,69107.3
1770507060000,BTC-USDT,69088.7,1.33432128,69108.1,69113.8,69064.4,69088.7
1770507120000,BTC-USDT,69083,1.04145265,69089.3,69126,69075.1,69083
1770507180000,BTC-USDT,69131.4,0.95795562,69083.1,69137.9,69077.1,69131.4
1770507240000,BTC-USDT,69142,0.97283526,69134.3,69150.5,69125.8,69142
1770507300000,BTC-USDT,69219.3,2.80817926,69141.8,69233,69141.8,69219.3
1770507360000,BTC-USDT,69233.6,13.84506402,69226.6,69293.5,69178,69233.6
1770507420000,BTC-USDT,69253.6,0.22745617,69236.6,69253.8,69228.2,69253.6
1770507480000,BTC-USDT,69222.5,0.73024968,69253.6,69253.6,69186.6,69222.5
1770507540000,BTC-USDT,69245.9,1.12064769,69222.1,69262.8,69194,69245.9
1770507600000,BTC-USDT,69288.9,0.77109595,69245.8,69289,69239,69288.9
1770507660000,BTC-USDT,69284.2,1.97983775,69281.8,69284.2,69253.1,69284.2
1770507720000,BTC-USDT,69229.8,1.59851349,69284.1,69284.2,69204,69229.8
1770507780000,BTC-USDT,69259,0.42952185,69229.9,69270,69229.9,69259
1770507840000,BTC-USDT,69259.1,2.16998645,69259,69289.9,69259,69259.1
1770507900000,BTC-USDT,69278,0.62989482,69259,69287.9,69259,69278
1770507960000,BTC-USDT,69268.6,1.35728254,69277.9,69278,69250.4,69268.6
1770508020000,BTC-USDT,69329.9,1.71014304,69269.7,69329.9,69269.7,69329.9
1770508080000,BTC-USDT,69363.7,2.1169301,69329.9,69379,69322.1,69363.7
1770508140000,BTC-USDT,69361.1,0.26188989,69373.6,69380,69352.8,69361.1
1770508200000,BTC-USDT,69358,0.39045365,69352.9,69358,69345.2,69358
1770508260000,BTC-USDT,69409.1,3.85726802,69358,69456.9,69358,69409.1
1770508320000,BTC-USDT,69403.8,2.65700168,69409,69409.1,69374,69403.8
1770508380000,BTC-USDT,69333,1.16235127,69403.7,69403.7,69309,69333
1770508440000,BTC-USDT,69347.8,0.86700279,69328.1,69347.8,69328.1,69347.8
1770508500000,BTC-USDT,69301.3,1.41793674,69347.7,69347.7,69253.9,69301.3
1770508560000,BTC-USDT,69295.9,1.83131373,69301.3,69319.3,69287.1,69295.9
1770508620000,BTC-USDT,69304.1,3.95597903,69296,69310.4,69292.4,69304.1
1770508680000,BTC-USDT,69332.4,2.77954457,69305.5,69340.7,69305.5,69332.4
1770508740000,BTC-USDT,69296.3,1.58095526,69332.3,69332.4,69281.6,69296.3
1770508800000,BTC-USDT,69229,2.38740933,69296.1,69318.7,69208.1,69229
1770508860000,BTC-USDT,69244.9,3.32880573,69224.9,69273.4,69165.9,69244.9
1770508920000,BTC-USDT,69289.6,0.44479408,69245,69302.9,69241.9,69289.6
1770508980000,BTC-USDT,69334.6,1.53641969,69289.1,69334.6,69275.1,69334.6
1770509040000,BTC-USDT,69389.8,0.83855629,69334,69389.8,69322.2,69389.8
1770509100000,BTC-USDT,69408.9,1.33588662,69390,69409,69346.6,69408.9
1770509160000,BTC-USDT,69404.1,0.91402839,69405.1,69423,69388.4,69404.1
1770509220000,BTC-USDT,69403.6,1.66117987,69407,69436.2,69357,69403.6
1770509280000,BTC-USDT,69363.1,0.9609863,69404.5,69404.5,69363,69363.1
1770509340000,BTC-USDT,69339.8,0.73340171,69363,69363,69331,69339.8
1770509400000,BTC-USDT,69316,0.88501819,69339.7,69349.8,69297.3,69316
1770509460000,BTC-USDT,69316.5,1.31769039,69316,69334.6,69294.1,69316.5
1770509520000,BTC-USDT,69353.9,0.78714507,69316,69353.9,69316,69353.9
1770509580000,BTC-USDT,69380.9,5.47422583,69355.8,69397.3,69355.8,69380.9
1770509640000,BTC-USDT,69358.1,0.77914753,69378.9,69378.9,69358.1,69358.1
1770509700000,BTC-USDT,69313.3,2.53788211,69359.6,69365.6,69301.1,69313.3
1770509760000,BTC-USDT,69273.8,1.9281046,69310,69310,69271.1,69273.8
1770509820000,BTC-USDT,69251.4,0.66746522,69273.5,69273.5,69250.1,69251.4
1770509880000,BTC-USDT,69216.8,0.54768156,69252,69266.9,69216.8,69216.8
1770509940000,BTC-USDT,69134.8,6.65864971,69216.1,69243.1,69111.2,69134.8
1770510000000,BTC-USDT,69154,2.36541652,69134.9,69179.5,69126.1,69154
1770510060000,BTC-USDT,69115.9,3.75785717,69153.8,69180.4,69102.8,69115.9
1770510120000,BTC-USDT,69068.8,9.35683214,69115.9,69119,69063.7,69068.8
1770510180000,BTC-USDT,69059.6,2.672124,69068.8,69074.9,69043.2,69059.6
1770510240000,BTC-USDT,69040.6,0.6969814,69059.7,69065.5,69040.6,69040.6
1770510300000,BTC-USDT,69072.3,2.241174,69040.7,69098.2,69007.8,69072.3
1770510360000,BTC-USDT,69142.4,2.51658204,69075,69186.6,69073.2,69142.4
1770510420000,BTC-USDT,69099.5,1.03926746,69142.3,69142.3,69099.5,69099.5
1770510480000,BTC-USDT,69093.9,1.99174218,69097.8,69097.8,69067.8,69093.9
1770510540000,BTC-USDT,69045.1,1.54296702,69094,69094,69041.8,69045.1
1770510600000,BTC-USDT,69047.4,1.99254176,69045,69069.8,69022.3,69047.4
1770510660000,BTC-USDT,69032,0.72191997,69051.2,69056.6,69025.2,69032
1770510720000,BTC-USDT,69063,2.17892296,69032.1,69070.5,69032.1,69063
1770510780000,BTC-USDT,69081,1.57171691,69063.1,69100,69046,69081
1770510840000,BTC-USDT,69020.3,4.19321635,69081,69099.9,69000.1,69020.3
1770510900000,BTC-USDT,69025.1,1.43528377,69017.2,69041,68997.3,69025.1
1770510960000,BTC-USDT,69064,2.15366913,69022.8,69064,68968.5,69064
1770511020000,BTC-USDT,69133.8,2.82100942,69065.4,69156.2,69065.4,69133.8
1770511080000,BTC-USDT,69143.4,0.86481832,69132.2,69166,69127.1,69143.4
1770511140000,BTC-USDT,69078.2,2.33592674,69145,69145,69078.2,69078.2
1770511200000,BTC-USDT,68950.1,0.69762598,69081.6,69081.6,68936,68950.1
1770511260000,BTC-USDT,68923,3.93652436,68950,68997.9,68897.7,68923
1770511320000,BTC-USDT,68888.9,0.69979052,68922.9,68948.1,68888.9,68888.9
1770511380000,BTC-USDT,68965.9,4.14547567,68889,68987.9,68889,68965.9
1770511440000,BTC-USDT,68965.1,1.03754334,68962.6,69015.9,68962,68965.1
1770511500000,BTC-USDT,68949,3.48369752,68965,68982.2,68933.6,68949
1770511560000,BTC-USDT,68945,1.25481545,68949,68950.7,68901.6,68945
1770511620000,BTC-USDT,68999.1,0.81149441,68947.1,69019,68947.1,68999.1
1770511680000,BTC-USDT,68953.3,5.36953804,68996.2,69025.5,68948.2,68953.3
1770511740000,BTC-USDT,69092.1,3.26236182,68953.2,69135.6,68953.2,69092.1
1770511800000,BTC-USDT,69190.9,3.81961277,69092,69192.5,69092,69190.9
1770511860000,BTC-USDT,69143.6,1.27516933,69191,69191,69143.6,69143.6
1770511920000,BTC-USDT,69079.5,0.93473818,69143,69143,69052.7,69079.5
1770511980000,BTC-USDT,69086.4,1.19621206,69083,69100,69069,69086.4
1770512040000,BTC-USDT,68990.1,4.41340845,69086.5,69088.4,68990,68990.1
1770512100000,BTC-USDT,69038.9,1.59344103,68994.9,69041.9,68994.9,69038.9
1770512160000,BTC-USDT,69045.5,0.75480167,69038.8,69049,69022.3,69045.5
1770512220000,BTC-USDT,69033.7,4.67180693,69045.5,69100.9,69022.2,69033.7
1770512280000,BTC-USDT,69021.3,2.08466957,69034.9,69046.6,69005.8,69021.3
1770512340000,BTC-USDT,69134.1,10.56483123,69021.4,69161.9,69020.1,69134.1
1770512400000,BTC-USDT,69234.9,9.30118893,69134.1,69235,69097.1,69234.9
1770512460000,BTC-USDT,69179,2.4451881,69231.9,69239,69165.2,69179
1770512520000,BTC-USDT,69201.6,2.59533549,69172,69201.7,69153.1,69201.6
1770512580000,BTC-USDT,69246.9,0.85438258,69201.7,69246.9,69201.7,69246.9
1770512640000,BTC-USDT,69273.7,4.16940182,69246.8,69282,69246.8,69273.7
1770512700000,BTC-USDT,69268.5,3.09579712,69272.8,69282.9,69242.4,69268.5
1770512760000,BTC-USDT,69305.3,5.18719201,69268.5,69310.3,69253.9,69305.3
1770512820000,BTC-USDT,69251.2,1.3688153,69305.8,69305.8,69212.3,69251.2
1770512880000,BTC-USDT,69290.1,2.21749429,69251.3,69325.1,69251.3,69290.1
1770512940000,BTC-USDT,69306.1,1.12284195,69291.9,69322,69291.9,69306.1
1770513000000,BTC-USDT,69329.2,2.10638462,69305,69342,69264.6,69329.2
1770513060000,BTC-USDT,69290.8,2.7897987,69329.3,69336,69290.8,69290.8
1770513120000,BTC-USDT,69331,2.78449002,69292.9,69333.5,69290.8,69331
1770513180000,BTC-USDT,69354,2.66748831,69331,69359.9,69318.1,69354
1770513240000,BTC-USDT,69380,2.64983817,69354,69400,69354,69380
1770513300000,BTC-USDT,69296.4,0.83628681,69377.9,69377.9,69293.1,69296.4
1770513360000,BTC-USDT,69253.5,0.57566649,69303.3,69312,69243,69253.5
1770513420000,BTC-USDT,69280.9,0.83177806,69252.1,69287.9,69252.1,69280.9
1770513480000,BTC-USDT,69305.4,1.59033872,69280.9,69339.9,69280.9,69305.4
1770513540000,BTC-USDT,69276.2,1.53982036,69305.4,69305.4,69268.3,69276.2
1770513600000,BTC-USDT,69262.9,1.06789788,69276.2,69289.4,69245.8,69262.9
1770513660000,BTC-USDT,69257.9,1.61096087,69260.6,69261,69240.1,69257.9
1770513720000,BTC-USDT,69256,4.27393153,69257.9,69328.9,69250.1,69256
1770513780000,BTC-USDT,69208.9,5.15445275,69256,69272,69186,69208.9
1770513840000,BTC-USDT,69158.1,0.84820026,69199.9,69199.9,69155.8,69158.1
1770513900000,BTC-USDT,69171.6,1.04527989,69158.1,69181.6,69135.8,69171.6
1770513960000,BTC-USDT,69139.2,1.1544409,69171.7,69171.7,69120.1,69139.2
1770514020000,BTC-USDT,69147.5,1.04622653,69139.2,69147.5,69120.1,69147.5
1770514080000,BTC-USDT,69151.5,1.32008733,69149.2,69171,69141.5,69151.5
1770514140000,BTC-USDT,69151.7,1.81222204,69151.6,69155.9,69132,69151.7
1770514200000,BTC-USDT,69131.3,3.89762187,69151.8,69166.5,69085,69131.3
1770514260000,BTC-USDT,69186,1.81566404,69143,69206.9,69135.3,69186
1770514320000,BTC-USDT,69260,1.33778585,69184.1,69264.2,69184.1,69260
1770514380000,BTC-USDT,69223.7,0.823028,69260,69260,69221,69223.7
1770514440000,BTC-USDT,69234.4,0.48486511,69221,69250,69220,69234.4
1770514500000,BTC-USDT,69332.1,2.0385102,69234.9,69360.6,69234.9,69332.1
1770514560000,BTC-USDT,69329.1,0.85474742,69331.3,69352.9,69320,69329.1
1770514620000,BTC-USDT,69363.6,1.18679635,69329.1,69363.6,69323,69363.6
1770514680000,BTC-USDT,69360.3,1.13007213,69363.9,69363.9,69331.3,69360.3
1770514740000,BTC-USDT,69353.1,2.71325467,69360.9,69361,69340,69353.1
1770514800000,BTC-USDT,69328,2.60212565,69350.2,69378.9,69309.9,69328
1770514860000,BTC-USDT,69343,0.63402001,69327.1,69347.6,69322.5,69343
1770514920000,BTC-USDT,69337.1,0.3921104,69342.9,69353.2,69337.1,69337.1
1770514980000,BTC-USDT,69294,1.7244003,69337.1,69337.1,69256.9,69294
1770515040000,BTC-USDT,69332.5,1.47536792,69294,69332.5,69293.6,69332.5
1770515100000,BTC-USDT,69388,2.07712719,69333.3,69400,69333.3,69388
1770515160000,BTC-USDT,69348.1,8.29049476,69386.1,69408.9,69343.6,69348.1
1770515220000,BTC-USDT,69310.3,1.0675738,69348,69348,69286.2,69310.3
1770515280000,BTC-USDT,69287.1,2.12679533,69310,69328.9,69259.3,69287.1
1770515340000,BTC-USDT,69303.1,1.24564447,69287,69303.1,69264.6,69303.1
1770515400000,BTC-USDT,69369.1,2.76112778,69303.1,69387.5,69302,69369.1
1770515460000,BTC-USDT,69477.4,3.38713082,69369,69490.6,69362.1,69477.4
1770515520000,BTC-USDT,69445.8,3.85220193,69480.1,69500,69429.1,69445.8
1770515580000,BTC-USDT,69459.9,9.49179131,69446.2,69465.5,69439.5,69459.9
1770515640000,BTC-USDT,69442.1,6.95085845,69459.9,69473.9,69441,69442.1
1770515700000,BTC-USDT,69434.9,14.40640633,69442.1,69444.7,69409.4,69434.9
1770515760000,BTC-USDT,69361,4.50342512,69434.9,69434.9,69330,69361
1770515820000,BTC-USDT,69352.8,1.44480699,69360.9,69361,69329.1,69352.8
1770515880000,BTC-USDT,69364.1,0.8294741,69345.1,69374.9,69345.1,69364.1
1770515940000,BTC-USDT,69385.3,2.56155874,69364,69400,69364,69385.3
1770516000000,BTC-USDT,69274.9,49.44507044,69385.4,69423.1,69247.9,69274.9
1770516060000,BTC-USDT,69323.3,10.19321164,69274.9,69328.6,69274.9,69323.3
1770516120000,BTC-USDT,69329,6.13033218,69323.3,69335.2,69300.1,69329
1770516180000,BTC-USDT,69303.8,5.37649897,69329,69342.3,69303.7,69303.8
1770516240000,BTC-USDT,69299.9,1.25267946,69303.8,69303.8,69282.3,69299.9
1770516300000,BTC-USDT,69316.4,1.97368359,69300,69340,69299,69316.4
1770516360000,BTC-USDT,69320.5,4.06076167,69316.5,69336,69298.6,69320.5
1770516420000,BTC-USDT,69326.6,1.14100395,69320.4,69335.6,69310,69326.6
1770516480000,BTC-USDT,69344.8,1.61085616,69326.6,69344.8,69314.3,69344.8
1770516540000,BTC-USDT,69423.2,2.36306451,69346.6,69446.2,69342.3,69423.2
1770516600000,BTC-USDT,69459.6,2.85177301,69423.2,69464.6,69409.5,69459.6
1770516660000,BTC-USDT,69487.3,6.91918342,69458.2,69487.3,69441.6,69487.3
1770516720000,BTC-USDT,69476.8,19.15613162,69477.1,69497.9,69463.2,69476.8
1770516780000,BTC-USDT,69440.2,1.51547636,69476.6,69476.6,69422.4,69440.2
1770516840000,BTC-USDT,69417.9,1.86413369,69440.2,69440.2,69405.7,69417.9
1770516900000,BTC-USDT,69398,3.02851876,69409.9,69409.9,69366,69398
1770516960000,BTC-USDT,69432.3,1.19026558,69398,69450,69395.1,69432.3
1770517020000,BTC-USDT,69470.6,2.2573761,69436,69497.9,69436,69470.6
1770517080000,BTC-USDT,69448.4,1.32228711,69468,69468,69421.4,69448.4
1770517140000,BTC-USDT,69496.5,5.8793753,69448.3,69496.5,69440.1,69496.5
1770517200000,BTC-USDT,69590,12.91373423,69498,69591,69498,69590
1770517260000,BTC-USDT,69626.3,11.43858551,69590,69626.3,69547.6,69626.3
1770517320000,BTC-USDT,69688.7,6.10195531,69626.2,69707.9,69620.2,69688.7
1770517380000,BTC-USDT,69598,7.09530017,69685.8,69685.8,69598,69598
1770517440000,BTC-USDT,69623.1,2.31025614,69598,69636.9,69582.1,69623.1
1770517500000,BTC-USDT,69564.8,5.70379022,69623,69623,69561,69564.8
1770517560000,BTC-USDT,69546.1,2.3021133,69562.7,69563,69540.4,69546.1
1770517620000,BTC-USDT,69466.5,1.8262311,69547,69547,69466.5,69466.5
1770517680000,BTC-USDT,69414.6,3.61499592,69464.4,69477.3,69383.1,69414.6
1770517740000,BTC-USDT,69438.4,0.21604528,69414.7,69449.4,69414.7,69438.4
1770517800000,BTC-USDT,69539,5.72579506,69437.7,69539,69437.7,69539
1770517860000,BTC-USDT,69515.9,0.87983137,69540,69545.4,69515.8,69515.9
1770517920000,BTC-USDT,69461.9,1.75651974,69515.8,69515.8,69442.8,69461.9
1770517980000,BTC-USDT,69413.7,3.25671368,69462,69473,69410.4,69413.7
1770518040000,BTC-USDT,69349.6,5.03106435,69420,69429.6,69342.1,69349.6
1770518100000,BTC-USDT,69355,14.36463264,69343,69384.2,69300.1,69355
1770518160000,BTC-USDT,69304.3,5.07216114,69348.9,69356.1,69304.3,69304.3
1770518220000,BTC-USDT,69298.2,3.62225198,69306.3,69306.3,69285.7,69298.2
1770518280000,BTC-USDT,69321.8,1.46796234,69298.3,69356.1,69298.3,69321.8
1770518340000,BTC-USDT,69310,0.35610348,69320.1,69332.7,69286.3,69310
1770518400000,BTC-USDT,69304.8,3.05083318,69308.4,69312.9,69255.9,69304.8
1770518460000,BTC-USDT,69334.6,1.56271987,69303.7,69340,69291,69334.6
1770518520000,BTC-USDT,69313,0.82512685,69329.1,69334.1,69304.2,69313
1770518580000,BTC-USDT,69296.7,0.61249265,69316.4,69323,69280,69296.7
1770518640000,BTC-USDT,69330.7,2.39549238,69296.7,69352,69296.7,69330.7
1770518700000,BTC-USDT,69289.5,0.94246601,69327.7,69327.8,69289.4,69289.5
1770518760000,BTC-USDT,69324.9,2.67549119,69289.5,69324.9,69257,69324.9
1770518820000,BTC-USDT,69343.1,1.57692948,69326.9,69372,69323.2,69343.1
1770518880000,BTC-USDT,69334.6,1.02309997,69343.2,69343.2,69327.5,69334.6
1770518940000,BTC-USDT,69320.7,1.06464463,69334.4,69334.4,69314,69320.7
1770519000000,BTC-USDT,69360.4,0.62776935,69325.9,69376.9,69325.9,69360.4
1770519060000,BTC-USDT,69393,0.86020697,69360.5,69393,69360.5,69393
1770519120000,BTC-USDT,69362.1,1.58814922,69393,69394.9,69360.5,69362.1
1770519180000,BTC-USDT,69273.7,3.03856688,69360.4,69371.9,69250.1,69273.7
1770519240000,BTC-USDT,69202.8,11.8373788,69273.6,69273.7,69165.9,69202.8
1770519300000,BTC-USDT,69260.9,0.86338818,69202.9,69281.9,69202.9,69260.9
1770519360000,BTC-USDT,69278.2,1.52338615,69257,69301.4,69256,69278.2
1770519420000,BTC-USDT,69278.1,1.16456593,69278.2,69287.6,69268,69278.1
1770519480000,BTC-USDT,69335.4,1.73849378,69278.2,69335.9,69278.2,69335.4
1770519540000,BTC-USDT,69371,1.52433935,69335.9,69387.8,69335.9,69371
1770519600000,BTC-USDT,69416.9,1.70318277,69373.6,69444.2,69373.5,69416.9
1770519660000,BTC-USDT,69376.5,8.85211381,69417,69417,69348.7,69376.5
1770519720000,BTC-USDT,69344,4.81228798,69372.7,69372.7,69315.3,69344
1770519780000,BTC-USDT,69298.1,0.771907,69340.9,69346,69298.1,69298.1
1770519840000,BTC-USDT,69296.4,4.7587025,69295.9,69340,69265.2,69296.4
1770519900000,BTC-USDT,69305.9,2.92682743,69296.4,69334.1,69296.4,69305.9
1770519960000,BTC-USDT,69266.2,5.39566087,69304.8,69321.1,69249,69266.2
1770520020000,BTC-USDT,69278,33.27810513,69266.3,69310.8,69220.7,69278
1770520080000,BTC-USDT,69259.6,1.90314773,69276.1,69286,69254.8,69259.6
1770520140000,BTC-USDT,69290,3.02677074,69259.7,69312,69259.7,69290
1770520200000,BTC-USDT,69289.1,0.73208862,69289.6,69291.1,69267.6,69289.1
1770520260000,BTC-USDT,69215.5,6.52659616,69285,69285,69200,69215.5
1770520320000,BTC-USDT,69198,10.93592615,69215.6,69240,69194,69198
1770520380000,BTC-USDT,69249.4,1.53694788,69198,69254.8,69195.1,69249.4
1770520440000,BTC-USDT,69251.9,0.13544095,69250.1,69259,69250.1,69251.9
1770520500000,BTC-USDT,69283,3.18144486,69250.6,69283,69248.3,69283
1770520560000,BTC-USDT,69284,3.17042299,69283,69284,69271.9,69284
1770520620000,BTC-USDT,69250.6,0.72290164,69284,69284,69250.6,69250.6
1770520680000,BTC-USDT,69227.1,0.95342941,69250.7,69277,69227.1,69227.1
1770520740000,BTC-USDT,69220.8,1.18424259,69228,69244,69220.8,69220.8
1770520800000,BTC-USDT,69271.9,1.22261108,69220.8,69299.9,69220.8,69271.9
1770520860000,BTC-USDT,69319.2,9.91376844,69274.1,69358.3,69268.3,69319.2
1770520920000,BTC-USDT,69369,1.75320702,69319.1,69385.6,69319.1,69369
1770520980000,BTC-USDT,69350.9,1.61039831,69368.5,69376.1,69348.6,69350.9
1770521040000,BTC-USDT,69346.6,0.19378102,69352.9,69356.7,69344.3,69346.6
1770521100000,BTC-USDT,69349.1,1.16276811,69346.7,69355,69327.4,69349.1
1770521160000,BTC-USDT,69376.3,0.8792909,69350.1,69378.9,69350.1,69376.3
1770521220000,BTC-USDT,69374,0.48755002,69378.5,69385.7,69362.8,69374
1770521280000,BTC-USDT,69348.6,1.03800213,69374,69375.9,69340.2,69348.6
1770521340000,BTC-USDT,69338.6,0.71447506,69344.3,69344.3,69324,69338.6
1770521400000,BTC-USDT,69315.3,1.41576771,69338,69340,69286.4,69315.3
1770521460000,BTC-USDT,69318.8,0.41983704,69315.4,69332.9,69310.3,69318.8
1770521520000,BTC-USDT,69344.3,14.44357204,69318.8,69344.3,69318.8,69344.3
1770521580000,BTC-USDT,69383,1.10078815,69344.3,69422.7,69344.3,69383
1770521640000,BTC-USDT,69400.1,0.72972591,69384.2,69422.9,69384.2,69400.1
1770521700000,BTC-USDT,69366.1,15.72813646,69403.1,69410.9,69323.4,69366.1
1770521760000,BTC-USDT,69374.9,1.95135677,69368.3,69391.2,69352.1,69374.9
1770521820000,BTC-USDT,69315.5,2.37684715,69373.5,69373.5,69315.4,69315.5
1770521880000,BTC-USDT,69307.9,1.19228365,69315.5,69326,69293.7,69307.9
1770521940000,BTC-USDT,69303,0.77455413,69307.9,69307.9,69289,69303
1770522000000,BTC-USDT,69302,0.58986358,69303.6,69306.6,69297,69302
1770522060000,BTC-USDT,69273.9,1.65378383,69302,69314,69241.3,69273.9
1770522120000,BTC-USDT,69240.6,1.34885149,69274,69279,69227.8,69240.6
1770522180000,BTC-USDT,69257.8,0.93670413,69240.7,69262.9,69240.7,69257.8
1770522240000,BTC-USDT,69258.7,0.50213725,69257.8,69260,69250.5,69258.7
1770522300000,BTC-USDT,69292,1.84396758,69257.6,69292,69253.5,69292
1770522360000,BTC-USDT,69291.1,0.71192169,69293.3,69293.7,69259.5,69291.1
1770522420000,BTC-USDT,69258.5,4.83268319,69291.2,69304.6,69258.5,69258.5
1770522480000,BTC-USDT,69237,2.61493719,69256,69256,69230.4,69237
1770522540000,BTC-USDT,69185.1,10.41113039,69236.5,69236.5,69185.1,69185.1
1770522600000,BTC-USDT,69161,1.94818317,69186.4,69189.1,69150,69161
1770522660000,BTC-USDT,69176,0.86035737,69161,69179.3,69160.1,69176
1770522720000,BTC-USDT,69187.3,2.90545388,69174,69207.5,69174,69187.3
1770522780000,BTC-USDT,69174,1.10529095,69187.3,69201,69174,69174
1770522840000,BTC-USDT,69155.1,5.26410699,69174,69175.7,69155,69155.1
1770522900000,BTC-USDT,69127.7,7.32452358,69155,69166.1,69127.7,69127.7
1770522960000,BTC-USDT,69090.9,3.98926278,69127.6,69142.1,69090.9,69090.9
1770523020000,BTC-USDT,69082.1,4.04798899,69090.1,69091.3,69066.3,69082.1
1770523080000,BTC-USDT,69131.7,0.31102331,69082,69131.7,69082,69131.7
1770523140000,BTC-USDT,69101.1,1.10447068,69134.1,69141.9,69101.1,69101.1
1770523200000,BTC-USDT,69104,1.95624233,69101.1,69116.3,69096.1,69104
1770523260000,BTC-USDT,69160,1.29198288,69103.9,69160,69103.9,69160
1770523320000,BTC-USDT,69176.8,2.7730722,69164.5,69197.1,69156.2,69176.8
1770523380000,BTC-USDT,69146.1,3.8040275,69176.8,69189.1,69146,69146.1
1770523440000,BTC-USDT,69166.9,0.67020489,69146.1,69173.7,69146.1,69166.9
1770523500000,BTC-USDT,69193.8,0.58623096,69167,69193.8,69163.4,69193.8
1770523560000,BTC-USDT,69202.7,2.43074983,69193.8,69212.1,69193.2,69202.7
1770523620000,BTC-USDT,69205.9,0.91189392,69206,69219,69202,69205.9
1770523680000,BTC-USDT,69200.4,0.52899811,69206,69215.9,69195.9,69200.4
1770523740000,BTC-USDT,69207.9,0.78752559,69200.3,69207.9,69179,69207.9
1770523800000,BTC-USDT,69175.2,1.24437999,69207.9,69207.9,69172.4,69175.2
1770523860000,BTC-USDT,69177,0.04220336,69174.8,69186.5,69174.8,69177
1770523920000,BTC-USDT,69170.7,9.13688185,69177,69191.3,69170,69170.7
1770523980000,BTC-USDT,69054.4,4.96194798,69170.7,69170.7,69054.4,69054.4
1770524040000,BTC-USDT,69068.4,0.83740162,69054,69070.9,69050.1,69068.4
1770524100000,BTC-USDT,69031,2.34817306,69068.3,69076.7,69020,69031
1770524160000,BTC-USDT,69010.5,20.80442991,69031,69044.3,68971,69010.5
1770524220000,BTC-USDT,69077.4,3.11945142,69013.2,69077.4,69009.9,69077.4
1770524280000,BTC-USDT,69150.5,1.36979596,69077.5,69177,69077.5,69150.5
1770524340000,BTC-USDT,69184.8,1.33564618,69150.5,69198.7,69139.1,69184.8
1770524400000,BTC-USDT,69156.1,0.8911529,69184,69191.5,69145.2,69156.1
1770524460000,BTC-USDT,69219.1,11.53733287,69156.2,69224.7,69156.2,69219.1
1770524520000,BTC-USDT,69295,6.97018243,69219,69296.9,69201,69295
1770524580000,BTC-USDT,69271.8,5.0449282,69295.1,69308.4,69261.3,69271.8
1770524640000,BTC-USDT,69294.9,1.2495941,69271.6,69299.9,69270,69294.9
1770524700000,BTC-USDT,69302.9,1.58378128,69294.8,69320.9,69278.1,69302.9
1770524760000,BTC-USDT,69292.8,1.74144636,69302.9,69328.5,69292.8,69292.8
1770524820000,BTC-USDT,69281.9,8.31553978,69291.2,69300,69264.3,69281.9
1770524880000,BTC-USDT,69261.9,1.94114584,69281.9,69297.4,69255,69261.9
1770524940000,BTC-USDT,69231.9,7.64459809,69263,69263,69214.7,69231.9
1770525000000,BTC-USDT,69290.5,3.1228368,69238.1,69290.6,69238.1,69290.5
1770525060000,BTC-USDT,69275.2,1.92799622,69289.5,69289.5,69275.1,69275.2
1770525120000,BTC-USDT,69263.1,0.47961746,69275.1,69277.4,69256.7,69263.1
1770525180000,BTC-USDT,69223.8,1.3045478,69263,69263,69218.1,69223.8
1770525240000,BTC-USDT,69219.6,1.03293497,69223.7,69252.8,69211.1,69219.6
1770525300000,BTC-USDT,69217.1,1.12499287,69219.6,69241.6,69207.1,69217.1
1770525360000,BTC-USDT,69167,2.75559259,69212.1,69212.1,69120.1,69167
1770525420000,BTC-USDT,69225.5,1.20251379,69167.1,69238,69167.1,69225.5
1770525480000,BTC-USDT,69257.1,1.05721533,69225.6,69261.1,69225.6,69257.1
1770525540000,BTC-USDT,69247,2.59015177,69256.9,69274.8,69246.6,69247
1770525600000,BTC-USDT,69259.9,1.36298148,69247,69262,69240.1,69259.9
1770525660000,BTC-USDT,69254,0.29329732,69260,69260,69241.3,69254
1770525720000,BTC-USDT,69259.9,0.59974379,69254,69272,69251.2,69259.9
1770525780000,BTC-USDT,69246.6,1.1216774,69260,69260,69246.6,69246.6
1770525840000,BTC-USDT,69242.3,2.90455007,69246.7,69246.7,69226.2,69242.3
1770525900000,BTC-USDT,69225.4,1.12880908,69242.7,69246.2,69191.6,69225.4
1770525960000,BTC-USDT,69218.8,0.13108612,69225.5,69225.5,69194.9,69218.8
1770526020000,BTC-USDT,69216.3,0.67872219,69218.7,69238.1,69213.9,69216.3
1770526080000,BTC-USDT,69233.9,0.6013593,69218.9,69233.9,69218.9,69233.9
1770526140000,BTC-USDT,69250.3,1.70001789,69233.9,69267.9,69233.9,69250.3
1770526200000,BTC-USDT,69253.5,6.12768417,69254,69277.5,69253.1,69253.5
1770526260000,BTC-USDT,69259.2,0.61717403,69253.5,69264.9,69251.8,69259.2
1770526320000,BTC-USDT,69277.9,0.57574887,69263.5,69278,69263.5,69277.9
1770526380000,BTC-USDT,69284,0.2231126,69277.9,69291.4,69269.9,69284
1770526440000,BTC-USDT,69290,0.89992703,69284,69296.2,69280.8,69290
1770526500000,BTC-USDT,69298.3,1.09253753,69290,69300,69290,69298.3
1770526560000,BTC-USDT,69312.2,1.35012793,69298.3,69317.5,69298.3,69312.2
1770526620000,BTC-USDT,69280.5,0.88469415,69312.1,69312.1,69275.3,69280.5
1770526680000,BTC-USDT,69285.2,1.76477731,69280.4,69288,69262.1,69285.2
1770526740000,BTC-USDT,69345.7,11.14409521,69286.9,69370.3,69284.4,69345.7
1770526800000,BTC-USDT,69299.1,1.79465652,69345.6,69345.7,69299,69299.1
1770526860000,BTC-USDT,69262.1,3.02798606,69299.1,69328.4,69262.1,69262.1
1770526920000,BTC-USDT,69251,1.52942435,69260.5,69275.7,69240,69251
1770526980000,BTC-USDT,69266.9,1.41839423,69251,69274,69242.3,69266.9
1770527040000,BTC-USDT,69252.9,3.10097468,69266.9,69266.9,69238.8,69252.9
1770527100000,BTC-USDT,69243.9,1.18722833,69248.1,69260.5,69234.1,69243.9
1770527160000,BTC-USDT,69253.1,0.837019,69244,69261.9,69244,69253.1
1770527220000,BTC-USDT,69254,2.71702957,69253.1,69273.9,69253.1,69254
1770527280000,BTC-USDT,69306.8,1.40134479,69254,69314.2,69254,69306.8
1770527340000,BTC-USDT,69298.9,0.98545302,69306.8,69318.6,69286.3,69298.9
1770527400000,BTC-USDT,69272.5,22.174763,69301.9,69336.7,69257.1,69272.5
1770527460000,BTC-USDT,69309,12.23504874,69272.5,69350.1,69272.5,69309
1770527520000,BTC-USDT,69385.9,22.88256876,69309,69405.4,69309,69385.9
1770527580000,BTC-USDT,69381.7,0.56637372,69385.9,69386,69362.7,69381.7
1770527640000,BTC-USDT,69386.2,2.24550894,69381.7,69386.7,69379.6,69386.2
1770527700000,BTC-USDT,69406,1.86230475,69386.2,69420,69386,69406
1770527760000,BTC-USDT,69364.4,6.21612381,69404.5,69404.5,69347.9,69364.4
1770527820000,BTC-USDT,69347,1.97010266,69362,69362,69330.9,69347
1770527880000,BTC-USDT,69365.9,5.85401021,69346.9,69366,69338.7,69365.9
1770527940000,BTC-USDT,69345.3,4.27187354,69365.9,69365.9,69345.3,69345.3
1770528000000,BTC-USDT,69311.2,4.30086758,69356.5,69356.5,69311.2,69311.2
1770528060000,BTC-USDT,69268,1.68156527,69311.3,69330,69267.8,69268
1770528120000,BTC-USDT,69291,1.13752072,69267.9,69291,69227.8,69291
1770528180000,BTC-USDT,69267.7,1.65614541,69291,69291,69240,69267.7
1770528240000,BTC-USDT,69267,2.77591242,69268.8,69282.9,69248,69267
1770528300000,BTC-USDT,69260.1,0.41938947,69266.9,69273,69252.4,69260.1
1770528360000,BTC-USDT,69234.6,1.63829594,69260.2,69260.2,69234.6,69234.6
1770528420000,BTC-USDT,69242,1.8784479,69234.7,69258.1,69220.1,69242
1770528480000,BTC-USDT,69244,0.13009479,69242,69255.3,69242,69244
1770528540000,BTC-USDT,69274.1,4.99209979,69244.1,69293.6,69244.1,69274.1
1770528600000,BTC-USDT,69236,0.23588771,69274,69274,69236,69236
1770528660000,BTC-USDT,69265,15.0394811,69236,69275.1,69204.1,69265
1770528720000,BTC-USDT,69206.2,2.00989594,69264.9,69264.9,69204.1,69206.2
1770528780000,BTC-USDT,69198.8,10.73066737,69206.2,69228.6,69189.6,69198.8
1770528840000,BTC-USDT,69198.8,7.43965229,69198.7,69207.9,69170.3,69198.8
1770528900000,BTC-USDT,69195,4.997594,69198.8,69198.8,69167.5,69195
1770528960000,BTC-USDT,69212.6,9.92470308,69194.9,69218.5,69194.9,69212.6
1770529020000,BTC-USDT,69224,0.86174351,69216.9,69236.1,69210.1,69224
1770529080000,BTC-USDT,69235,0.6671962,69224,69245.2,69224,69235
1770529140000,BTC-USDT,69248.1,0.38458821,69235,69258.4,69235,69248.1
1770529200000,BTC-USDT,69235.2,0.33449242,69250,69250,69224.6,69235.2
1770529260000,BTC-USDT,69244,0.5444166,69236.1,69263.9,69236.1,69244
1770529320000,BTC-USDT,69190.9,2.07225592,69243.9,69243.9,69149.6,69190.9
1770529380000,BTC-USDT,69199.9,0.11157554,69193.9,69200,69186,69199.9
1770529440000,BTC-USDT,69190.9,0.2907398,69199.9,69200,69189,69190.9
1770529500000,BTC-USDT,69179.4,1.78736201,69191,69191,69166.9,69179.4
1770529560000,BTC-USDT,69198.5,2.6794974,69179.5,69198.5,69179.4,69198.5
1770529620000,BTC-USDT,69183.1,5.54361548,69198.4,69215.6,69172.6,69183.1
1770529680000,BTC-USDT,69187.9,0.56586261,69183.1,69196.5,69183.1,69187.9
1770529740000,BTC-USDT,69206.5,0.45804644,69188,69218.9,69188,69206.5
1770529800000,BTC-USDT,69169.9,1.41158848,69206.4,69206.4,69167.4,69169.9
1770529860000,BTC-USDT,69181.9,0.4889184,69170,69182,69170,69181.9
1770529920000,BTC-USDT,69193.8,1.47034596,69182,69193.9,69175.3,69193.8
1770529980000,BTC-USDT,69206.3,0.37612937,69193.9,69216.4,69193.9,69206.3
1770530040000,BTC-USDT,69208.5,0.48473864,69206.2,69227,69206.2,69208.5
1770530100000,BTC-USDT,69209,0.64664745,69208.5,69216.8,69207.6,69209
1770530160000,BTC-USDT,69207.6,1.07274618,69209.1,69249.6,69207.6,69207.6
1770530220000,BTC-USDT,69227.3,0.18798776,69207.7,69227.4,69207.6,69227.3
1770530280000,BTC-USDT,69231,0.72993299,69227.4,69247.9,69227.4,69231
1770530340000,BTC-USDT,69222.8,1.2555552,69231,69231.1,69221,69222.8
1770530400000,BTC-USDT,69254.3,1.36378302,69223.3,69254.3,69223,69254.3
1770530460000,BTC-USDT,69221,0.89893118,69254.2,69254.2,69221,69221
1770530520000,BTC-USDT,69170.2,3.68979607,69221.1,69242.6,69162.5,69170.2
1770530580000,BTC-USDT,69102.7,2.73196215,69170.2,69170.2,69102.6,69102.7
1770530640000,BTC-USDT,69098.1,3.23239754,69102.6,69106.2,69094.1,69098.1
1770530700000,BTC-USDT,69125.3,0.71837401,69096.6,69129.4,69088.1,69125.3
1770530760000,BTC-USDT,69167,0.70684674,69127.8,69167,69127.8,69167
1770530820000,BTC-USDT,69098,3.55759733,69167,69205.4,69095.2,69098
1770530880000,BTC-USDT,69115.4,0.83381304,69098.1,69125.3,69098,69115.4
1770530940000,BTC-USDT,69141.6,2.2195343,69115.5,69154,69115.5,69141.6
1770531000000,BTC-USDT,69145.9,0.62678084,69141.6,69157,69141.6,69145.9
1770531060000,BTC-USDT,69155.9,0.09005386,69151.4,69155.9,69140,69155.9
1770531120000,BTC-USDT,69168.3,1.15394114,69157,69177.1,69157,69168.3
1770531180000,BTC-USDT,69260.1,19.76910819,69168.4,69266,69168.4,69260.1
1770531240000,BTC-USDT,69340,33.46478833,69260.1,69386.5,69246.7,69340
1770531300000,BTC-USDT,69333.8,3.31746557,69345.1,69364.4,69303.8,69333.8
1770531360000,BTC-USDT,69311,26.46344067,69333.7,69372.5,69228.2,69311
1770531420000,BTC-USDT,69368.6,8.63812564,69311.1,69411.7,69311.1,69368.6
1770531480000,BTC-USDT,69379,7.11504558,69368.6,69411.8,69320.3,69379
1770531540000,BTC-USDT,69378.9,5.61222442,69380.4,69384.3,69344.1,69378.9
1770531600000,BTC-USDT,69370.3,3.63248125,69378.9,69390.9,69348.5,69370.3
1770531660000,BTC-USDT,69357.5,5.47636223,69374.9,69384.6,69340.9,69357.5
1770531720000,BTC-USDT,69358.9,2.44025017,69357,69379.1,69355.1,69358.9
1770531780000,BTC-USDT,69360.8,3.58337494,69358.9,69364,69342.7,69360.8
1770531840000,BTC-USDT,69380.3,2.49823508,69360.8,69389.1,69360.8,69380.3
1770531900000,BTC-USDT,69363,2.82287571,69380.4,69380.4,69340.9,69363
1770531960000,BTC-USDT,69361.2,8.06863155,69363,69376.6,69346.6,69361.2
1770532020000,BTC-USDT,69373.4,3.38185048,69361.3,69380,69347.7,69373.4
1770532080000,BTC-USDT,69345.2,1.13857754,69373.3,69373.4,69322.5,69345.2
1770532140000,BTC-USDT,69367.1,6.1407802,69343.6,69391.6,69329,69367.1
1770532200000,BTC-USDT,69346.7,1.02791915,69367.1,69367.1,69327.6,69346.7
1770532260000,BTC-USDT,69319.9,0.24130817,69346.7,69346.7,69308,69319.9
1770532320000,BTC-USDT,69294,2.48629141,69319.9,69319.9,69286.5,69294
1770532380000,BTC-USDT,69270.1,0.74094338,69294,69300.5,69268.6,69270.1
1770532440000,BTC-USDT,69248.9,0.86358254,69270.1,69287,69248.9,69248.9
1770532500000,BTC-USDT,69283,7.60533128,69247.7,69311.5,69247.7,69283
1770532560000,BTC-USDT,69304,1.01127915,69284.8,69325.2,69284.8,69304
1770532620000,BTC-USDT,69295.6,0.67172539,69304.1,69309.7,69287.5,69295.6
1770532680000,BTC-USDT,69322,1.35689656,69295.6,69327,69287.5,69322
1770532740000,BTC-USDT,69330.1,0.94735683,69322,69330.2,69306.7,69330.1
1770532800000,BTC-USDT,69322.1,0.348825,69330.2,69340.8,69316.9,69322.1
1770532860000,BTC-USDT,69305.1,0.17436133,69322.1,69326.2,69305.1,69305.1
1770532920000,BTC-USDT,69308,0.40360454,69305.1,69322.4,69305,69308
1770532980000,BTC-USDT,69293.5,4.03453922,69311,69322.3,69273.5,69293.5
1770533040000,BTC-USDT,69322.3,0.56817957,69293.3,69322.3,69280.5,69322.3
1770533100000,BTC-USDT,69363,0.26413134,69322.3,69363,69322.3,69363
1770533160000,BTC-USDT,69366.4,5.81871431,69363.3,69419.7,69363.3,69366.4
1770533220000,BTC-USDT,69357.7,1.01418841,69366.4,69366.4,69331.5,69357.7
1770533280000,BTC-USDT,69320.1,0.90591471,69357.7,69357.7,69320.1,69320.1
1770533340000,BTC-USDT,69333.2,0.620942,69322,69337.3,69322,69333.2
1770533400000,BTC-USDT,69323,0.52555629,69333.3,69337.2,69322.5,69323
1770533460000,BTC-USDT,69318.1,0.04817802,69323.1,69323.1,69318,69318.1
1770533520000,BTC-USDT,69289,0.75672417,69318,69318,69281.7,69289
1770533580000,BTC-USDT,69312.6,0.31526901,69288.9,69312.6,69281.8,69312.6
1770533640000,BTC-USDT,69335,0.20888121,69312.5,69337,69312.5,69335
1770533700000,BTC-USDT,69355.1,3.92489497,69334,69355.1,69322.4,69355.1
1770533760000,BTC-USDT,69332,2.45058502,69355.1,69355.7,69329.2,69332
1770533820000,BTC-USDT,69321,0.82949134,69332.5,69334,69315.4,69321
1770533880000,BTC-USDT,69295,0.46161441,69321.1,69321.1,69292.3,69295
1770533940000,BTC-USDT,69359.5,1.67554144,69295,69366.9,69295,69359.5
1770534000000,BTC-USDT,69380,2.58905156,69360.1,69391,69360.1,69380
1770534060000,BTC-USDT,69383.9,8.83424704,69380,69424.5,69370.7,69383.9
1770534120000,BTC-USDT,69365.1,0.58042705,69383.9,69386,69358,69365.1
1770534180000,BTC-USDT,69312.6,5.32318443,69369.6,69370,69312.6,69312.6
1770534240000,BTC-USDT,69336,1.26467426,69312.6,69338.4,69300,69336
1770534300000,BTC-USDT,69361.1,1.65609924,69336,69371,69329,69361.1
1770534360000,BTC-USDT,69360.3,2.26357432,69361.1,69380.9,69349.5,69360.3
1770534420000,BTC-USDT,69346.2,1.42134922,69360.3,69364.6,69338,69346.2
1770534480000,BTC-USDT,69349.8,2.67154438,69346.2,69354.5,69323.1,69349.8
1770534540000,BTC-USDT,69269.7,3.04956198,69349.7,69349.7,69245.9,69269.7
1770534600000,BTC-USDT,69260.4,2.00228368,69269.8,69281.1,69219,69260.4
1770534660000,BTC-USDT,69324.9,16.52979856,69259.3,69336.8,69237.6,69324.9
1770534720000,BTC-USDT,69401.6,15.23493504,69331,69417.7,69327,69401.6
1770534780000,BTC-USDT,69401.4,10.32057791,69401.6,69423.6,69381.3,69401.4
1770534840000,BTC-USDT,69385.2,3.66070512,69401.4,69420,69381,69385.2
1770534900000,BTC-USDT,69405,2.90269656,69385.2,69407.7,69367.3,69405
1770534960000,BTC-USDT,69430,2.92350746,69406.5,69437.6,69400.2,69430
1770535020000,BTC-USDT,69469.9,11.86435649,69430,69478.1,69430,69469.9
1770535080000,BTC-USDT,69428,7.5876866,69469.9,69478.8,69428,69428
1770535140000,BTC-USDT,69434.2,3.21766679,69425.4,69469.1,69423.9,69434.2
1770535200000,BTC-USDT,69391.7,1.84515511,69434.2,69434.3,69324.3,69391.7
1770535260000,BTC-USDT,69351.8,3.63926152,69391.9,69391.9,69333,69351.8
1770535320000,BTC-USDT,69417.9,5.55331827,69351.8,69417.9,69336.4,69417.9
1770535380000,BTC-USDT,69436.8,0.78636624,69417.9,69440.7,69417.9,69436.8
1770535440000,BTC-USDT,69479.9,6.78326752,69436.7,69480,69429,69479.9
1770535500000,BTC-USDT,69482.1,2.97830222,69479.9,69484.6,69479,69482.1
1770535560000,BTC-USDT,69467.9,7.31757871,69482,69491.4,69448,69467.9
1770535620000,BTC-USDT,69485,3.85882578,69467.9,69487,69457.6,69485
1770535680000,BTC-USDT,69445.5,4.9823743,69485.1,69485.1,69445.5,69445.5
1770535740000,BTC-USDT,69458.5,1.35960003,69445.5,69458.6,69432.1,69458.5
1770535800000,BTC-USDT,69423,2.99870861,69458.5,69458.5,69417.7,69423
1770535860000,BTC-USDT,69440,3.85854219,69422.9,69440,69408.8,69440
1770535920000,BTC-USDT,69483.9,2.34902178,69440,69489.4,69440,69483.9
1770535980000,BTC-USDT,69580.2,25.57684954,69483.8,69646.3,69483.8,69580.2
1770536040000,BTC-USDT,69578.3,15.84122061,69577,69627.7,69550.9,69578.3
1770536100000,BTC-USDT,69568.6,10.40321123,69578.3,69623.3,69568.5,69568.6
1770536160000,BTC-USDT,69533.9,2.66773094,69568.5,69568.5,69520.7,69533.9
1770536220000,BTC-USDT,69559.9,0.73356681,69533.9,69560,69517.3,69559.9
1770536280000,BTC-USDT,69581.5,1.61018653,69559.9,69589.5,69559.9,69581.5
1770536340000,BTC-USDT,69550.7,3.22699359,69581.5,69581.5,69533.9,69550.7
1770536400000,BTC-USDT,69535.8,1.24003889,69550.7,69550.8,69526.6,69535.8
1770536460000,BTC-USDT,69540,1.6536172,69535.8,69545.1,69501.5,69540
1770536520000,BTC-USDT,69528.8,1.21170551,69540,69540,69517,69528.8
1770536580000,BTC-USDT,69500.3,1.10839156,69528.8,69528.8,69500.3,69500.3
1770536640000,BTC-USDT,69502,1.10067581,69500.3,69508.6,69480.3,69502
1770536700000,BTC-USDT,69532,4.75642475,69502,69569.6,69502,69532
1770536760000,BTC-USDT,69551.9,1.03629449,69532.7,69552,69523.2,69551.9
1770536820000,BTC-USDT,69532.3,2.06596561,69551.9,69551.9,69508.6,69532.3
1770536880000,BTC-USDT,69549.3,1.68460852,69532.3,69559,69532,69549.3
1770536940000,BTC-USDT,69554.7,2.28596699,69549.2,69586.3,69549.2,69554.7
1770537000000,BTC-USDT,69570.9,1.23947204,69553.5,69576.1,69553.5,69570.9
1770537060000,BTC-USDT,69616.1,2.85956481,69571,69619.6,69570.9,69616.1
1770537120000,BTC-USDT,69580.9,1.35668213,69616.1,69616.2,69568.2,69580.9
1770537180000,BTC-USDT,69587.9,1.76641934,69580.8,69587.9,69538.9,69587.9
1770537240000,BTC-USDT,69613,8.83435459,69587.9,69635.1,69587.9,69613
1770537300000,BTC-USDT,69652,7.17324017,69613,69661.9,69613,69652
1770537360000,BTC-USDT,69624,6.38900234,69652,69666,69624,69624
1770537420000,BTC-USDT,69679.9,16.09532773,69624,69680,69624,69679.9
1770537480000,BTC-USDT,69688.3,5.42830132,69679.9,69709.3,69638.1,69688.3
1770537540000,BTC-USDT,69701.9,1.21440373,69688.3,69703.5,69677,69701.9
1770537600000,BTC-USDT,69649.7,4.19881935,69701.9,69708,69647.2,69649.7
1770537660000,BTC-USDT,69626.9,1.44941287,69649.7,69663.9,69626.9,69626.9
1770537720000,BTC-USDT,69639.1,4.86765644,69627,69648.3,69625.1,69639.1
1770537780000,BTC-USDT,69714.2,6.1895957,69639.1,69714.2,69639,69714.2
1770537840000,BTC-USDT,69840.7,8.55232724,69714.2,69876,69714.2,69840.7
1770537900000,BTC-USDT,69795.7,13.59297965,69840,69840,69728.8,69795.7
1770537960000,BTC-USDT,69817,5.43955022,69795.6,69841,69773.6,69817
1770538020000,BTC-USDT,69761.2,2.61757614,69817,69817,69761.2,69761.2
1770538080000,BTC-USDT,69728.2,3.32206538,69761.3,69761.3,69720.2,69728.2
1770538140000,BTC-USDT,69717,0.77335097,69728.2,69733,69715.9,69717
1770538200000,BTC-USDT,69610.2,2.00512182,69715.9,69715.9,69610.1,69610.2
1770538260000,BTC-USDT,69651.4,11.59389854,69610.1,69651.4,69565.6,69651.4
1770538320000,BTC-USDT,69691,2.46526037,69652,69693.9,69652,69691
1770538380000,BTC-USDT,69634,0.5064644,69691,69691,69634,69634
1770538440000,BTC-USDT,69613.1,5.09937235,69634,69664,69601.2,69613.1
1770538500000,BTC-USDT,69647.9,0.93702295,69613,69665.9,69606.1,69647.9
1770538560000,BTC-USDT,69615.8,0.49706394,69646,69646,69615.7,69615.8
1770538620000,BTC-USDT,69552,5.84713154,69615.7,69615.7,69552,69552
1770538680000,BTC-USDT,69543.9,2.34496191,69551.3,69563.5,69514.2,69543.9
1770538740000,BTC-USDT,69574.9,5.10585043,69543.9,69574.9,69507.9,69574.9
1770538800000,BTC-USDT,69651.5,6.34348188,69574.9,69656,69574.1,69651.5
1770538860000,BTC-USDT,69801.3,8.6490326,69649.2,69821.9,69649.2,69801.3
1770538920000,BTC-USDT,70059.5,66.57106709,69801.2,70080.6,69801.2,70059.5
1770538980000,BTC-USDT,69938.9,23.97388917,70059.6,70091.9,69902,69938.9
1770539040000,BTC-USDT,70069.9,3.39586545,69938.1,70086.7,69914.9,70069.9
1770539100000,BTC-USDT,70013.2,12.33901774,70076.4,70083,69969,70013.2
1770539160000,BTC-USDT,69995.4,7.36741774,70013.3,70057.3,69969,69995.4
1770539220000,BTC-USDT,70044,2.1939595,69995.4,70047.9,69964.6,70044
1770539280000,BTC-USDT,70196.9,43.21785505,70044,70380,70039.7,70196.9
1770539340000,BTC-USDT,70200.3,33.21502512,70193.1,70283.1,70177,70200.3
1770539400000,BTC-USDT,70128.5,8.91450917,70200.2,70266,70116.7,70128.5
1770539460000,BTC-USDT,70268.3,7.26750564,70128,70282,70068.1,70268.3
1770539520000,BTC-USDT,70439.9,26.57786424,70268.3,70486,70268.3,70439.9
1770539580000,BTC-USDT,70492.5,44.13819019,70437,70523.5,70368.3,70492.5
1770539640000,BTC-USDT,70716,32.00599411,70492.4,70837.5,70460.1,70716
1770539700000,BTC-USDT,70540.1,12.42782941,70715.1,70726.9,70540,70540.1
1770539760000,BTC-USDT,70603.7,7.57076657,70540,70617.6,70510.3,70603.7
1770539820000,BTC-USDT,70535.4,12.00168577,70603.5,70621.1,70535.4,70535.4
1770539880000,BTC-USDT,70546.1,15.00784121,70534.9,70551.4,70438.8,70546.1
1770539940000,BTC-USDT,70457.9,17.2351716,70546.1,70608,70457.9,70457.9
1770540000000,BTC-USDT,70480.5,16.7746899,70457.9,70482,70370.9,70480.5
1770540060000,BTC-USDT,70525,7.85064485,70482.9,70530,70400.6,70525
1770540120000,BTC-USDT,70473.4,3.96473471,70525.1,70525.1,70422.1,70473.4
1770540180000,BTC-USDT,70463,1.9268283,70473.3,70488.5,70439.9,70463
1770540240000,BTC-USDT,70350,4.76459043,70466.1,70466.1,70346.8,70350
1770540300000,BTC-USDT,70355.9,5.16605395,70350.1,70415.4,70345.1,70355.9
1770540360000,BTC-USDT,70335.7,3.36860616,70354.1,70396.9,70312.6,70335.7
1770540420000,BTC-USDT,70476,25.3978545,70339.9,70489.2,70271.8,70476
1770540480000,BTC-USDT,70530,15.48472504,70481,70536.5,70434.1,70530
1770540540000,BTC-USDT,70575.5,3.16885738,70530,70576,70530,70575.5
1770540600000,BTC-USDT,70466.8,6.71465157,70575.5,70575.5,70449.1,70466.8
1770540660000,BTC-USDT,70478.9,3.31339267,70466.8,70553.6,70444.1,70478.9
1770540720000,BTC-USDT,70523.9,10.90889973,70478.4,70538,70449.1,70523.9
1770540780000,BTC-USDT,70494,3.51241871,70523.9,70523.9,70444.4,70494
1770540840000,BTC-USDT,70570.6,14.75767981,70488.6,70600,70488.6,70570.6
1770540900000,BTC-USDT,70540,2.13860871,70570.7,70586.5,70502.5,70540
1770540960000,BTC-USDT,70600,2.26737155,70539.1,70600,70539.1,70600
1770541020000,BTC-USDT,70669.6,17.7570149,70600,70689.6,70599.9,70669.6
1770541080000,BTC-USDT,70688.6,8.22729781,70669.5,70712,70659,70688.6
1770541140000,BTC-USDT,70659.7,16.28149482,70688.5,70688.5,70603.2,70659.7
1770541200000,BTC-USDT,70622.1,10.46159978,70659.7,70710.6,70609.8,70622.1
1770541260000,BTC-USDT,70540.5,12.50627599,70622.2,70703,70540.5,70540.5
1770541320000,BTC-USDT,70548.7,4.16949792,70540,70568.9,70517.2,70548.7
1770541380000,BTC-USDT,70541.2,3.23716358,70548.6,70559,70470.9,70541.2
1770541440000,BTC-USDT,70507.3,3.74361842,70541.2,70541.2,70494,70507.3
1770541500000,BTC-USDT,70500.3,5.77467236,70503.8,70562,70488,70500.3
1770541560000,BTC-USDT,70527.8,2.33777542,70504.4,70539.9,70500,70527.8
1770541620000,BTC-USDT,70589.2,9.77265751,70527.9,70589.2,70501,70589.2
1770541680000,BTC-USDT,70589.4,3.2389329,70589.1,70673.6,70570.9,70589.4
1770541740000,BTC-USDT,70582.6,6.63754058,70584.1,70630.6,70544,70582.6
1770541800000,BTC-USDT,70539.8,3.98344961,70582.5,70590.5,70514.8,70539.8
1770541860000,BTC-USDT,70443,15.46822566,70539.7,70539.7,70405.6,70443
1770541920000,BTC-USDT,70356.1,5.16534375,70443,70444.8,70351.4,70356.1
1770541980000,BTC-USDT,70389.3,2.69204927,70356,70399.3,70352.1,70389.3
1770542040000,BTC-USDT,70400.4,7.36558016,70389.4,70405.5,70340.7,70400.4
1770542100000,BTC-USDT,70314.8,5.37884009,70403.3,70416.2,70300.1,70314.8
1770542160000,BTC-USDT,70358.6,7.22475941,70314.8,70382.4,70314.7,70358.6
1770542220000,BTC-USDT,70407,2.02548276,70358.6,70458.4,70358.6,70407
1770542280000,BTC-USDT,70444.9,1.51513275,70410.7,70482,70402.1,70444.9
1770542340000,BTC-USDT,70423.7,0.5228585,70445,70458.9,70416.1,70423.7
1770542400000,BTC-USDT,70381,2.19082891,70425.9,70425.9,70366,70381
1770542460000,BTC-USDT,70402,0.52651971,70380.9,70416.2,70374.1,70402
1770542520000,BTC-USDT,70399.9,3.6793648,70409.5,70432.3,70374,70399.9
1770542580000,BTC-USDT,70456.5,1.16019021,70399.9,70478.9,70399.9,70456.5
1770542640000,BTC-USDT,70437,1.04489923,70454.7,70454.7,70394.6,70437
1770542700000,BTC-USDT,70419.6,0.83462052,70437,70447.9,70393.5,70419.6
1770542760000,BTC-USDT,70426.9,1.47491117,70419.6,70442.9,70399,70426.9
1770542820000,BTC-USDT,70443.4,1.76371328,70426.9,70447.8,70426.8,70443.4
1770542880000,BTC-USDT,70491.3,6.81413025,70443.3,70509.7,70439.4,70491.3
1770542940000,BTC-USDT,70446.2,1.1280913,70491.3,70491.3,70446.2,70446.2
1770543000000,BTC-USDT,70566,2.95954102,70446.3,70571.9,70446.3,70566
1770543060000,BTC-USDT,70578,1.51521379,70565.2,70594.9,70524.6,70578
1770543120000,BTC-USDT,70527.3,4.25963159,70577.9,70577.9,70513.8,70527.3
1770543180000,BTC-USDT,70494.1,3.30130668,70529,70530.9,70455,70494.1
1770543240000,BTC-USDT,70350.6,8.49599736,70494,70494,70330.6,70350.6
1770543300000,BTC-USDT,70246.2,27.20497972,70349.4,70349.4,70135.4,70246.2
1770543360000,BTC-USDT,70169.1,6.23996846,70246.2,70258.2,70164,70169.1
1770543420000,BTC-USDT,70152.5,4.84076601,70169.1,70185,70126.6,70152.5
1770543480000,BTC-USDT,70218.2,1.50896373,70155.2,70238.9,70143,70218.2
1770543540000,BTC-USDT,70297.6,3.43153344,70218.2,70300,70195.1,70297.6
1770543600000,BTC-USDT,70210,1.97340683,70297.6,70360.9,70210,70210
1770543660000,BTC-USDT,70230.2,6.59749802,70207.3,70240.6,70158.5,70230.2
1770543720000,BTC-USDT,70187.8,1.10949181,70230.1,70230.1,70174.4,70187.8
1770543780000,BTC-USDT,70139.9,2.83372476,70187.9,70188,70139.9,70139.9
1770543840000,BTC-USDT,70128.5,0.43355102,70139.3,70150,70128.1,70128.5
1770543900000,BTC-USDT,70143.5,1.34987761,70128.5,70221.9,70128.4,70143.5
1770543960000,BTC-USDT,70176.9,2.50491433,70143.5,70183.8,70143.5,70176.9
1770544020000,BTC-USDT,70191,4.17957453,70176.9,70206.3,70173.9,70191
1770544080000,BTC-USDT,70204.9,1.66875067,70191.7,70243.9,70188.1,70204.9
1770544140000,BTC-USDT,70170.1,4.00843879,70204.9,70211.8,70138.7,70170.1
1770544200000,BTC-USDT,70138.7,1.19068715,70169.1,70193.4,70138.7,70138.7
1770544260000,BTC-USDT,70098.1,4.81825545,70136.1,70136.1,70097.6,70098.1
1770544320000,BTC-USDT,70167.8,1.8727929,70098.1,70179.9,70098.1,70167.8
1770544380000,BTC-USDT,70185.1,12.6697923,70165.3,70185.1,70134.2,70185.1
1770544440000,BTC-USDT,70225.9,5.01390951,70185,70231.9,70151.3,70225.9
1770544500000,BTC-USDT,70227.3,3.36483055,70224.1,70263.2,70206.1,70227.3
1770544560000,BTC-USDT,70281,2.23097232,70230.9,70293,70224.1,70281
1770544620000,BTC-USDT,70214,2.67072523,70281,70281,70203.6,70214
1770544680000,BTC-USDT,70223,1.04535357,70213.9,70223,70206,70223
1770544740000,BTC-USDT,70102.6,9.99307599,70225.5,70250,70102.4,70102.6
1770544800000,BTC-USDT,70332.1,21.94006873,70109.6,70335.2,70109.6,70332.1
1770544860000,BTC-USDT,70293.3,3.07901712,70332,70332,70271.7,70293.3
1770544920000,BTC-USDT,70328.6,0.51176872,70293.3,70332.2,70293.3,70328.6
1770544980000,BTC-USDT,70310.1,4.68361697,70328.5,70399.9,70310,70310.1
1770545040000,BTC-USDT,70259,3.69088294,70310,70310,70236.6,70259
1770545100000,BTC-USDT,70297.7,1.88345079,70259.1,70324.5,70231.3,70297.7
1770545160000,BTC-USDT,70316,3.29874899,70296.1,70316,70272.8,70316
1770545220000,BTC-USDT,70337,0.58529725,70316,70339,70314.9,70337
1770545280000,BTC-USDT,70408.4,3.90677018,70338,70454,70337.9,70408.4
1770545340000,BTC-USDT,70378,1.82727054,70412.3,70412.3,70351,70378
1770545400000,BTC-USDT,70410.1,5.77433816,70378,70419.9,70374.8,70410.1
1770545460000,BTC-USDT,70380,1.10396622,70410,70411,70379.9,70380
1770545520000,BTC-USDT,70327,1.84592962,70379.9,70379.9,70314.8,70327
1770545580000,BTC-USDT,70357.1,3.38842938,70326.9,70357.1,70268,70357.1
1770545640000,BTC-USDT,70331,1.57198422,70357.1,70358,70311.5,70331
1770545700000,BTC-USDT,70364.7,1.23502052,70331,70364.7,70310.2,70364.7
1770545760000,BTC-USDT,70389.7,0.82666834,70364.7,70413.3,70364.7,70389.7
1770545820000,BTC-USDT,70400,0.28620861,70387,70400,70371.2,70400
1770545880000,BTC-USDT,70364.7,9.64864639,70399.9,70414,70350,70364.7
1770545940000,BTC-USDT,70280,3.71424304,70366,70373.7,70280,70280
1770546000000,BTC-USDT,70322.1,1.23912919,70280.1,70332.8,70280,70322.1
1770546060000,BTC-USDT,70073.7,117.24779309,70322.1,70328.5,70040,70073.7
1770546120000,BTC-USDT,70021.7,25.39894722,70073.8,70089.5,69983.3,70021.7
1770546180000,BTC-USDT,69931.1,17.16276556,70025.7,70059.8,69888.8,69931.1
1770546240000,BTC-USDT,69988.9,2.4230461,69938.1,70002.9,69926.2,69988.9
1770546300000,BTC-USDT,69950,8.76725145,69988.9,70022.5,69895.1,69950
1770546360000,BTC-USDT,70000,5.42551758,69955,70033.7,69955,70000
1770546420000,BTC-USDT,70150.8,7.90924409,69998.1,70199.9,69990.8,70150.8
1770546480000,BTC-USDT,70096.7,2.52435754,70143.1,70169,70073.8,70096.7
1770546540000,BTC-USDT,70047.1,0.75587616,70096.7,70104.9,70024.4,70047.1
1770546600000,BTC-USDT,70041.4,1.14125271,70047,70081.7,70020,70041.4
1770546660000,BTC-USDT,70087.2,1.18261809,70043.8,70117.3,70031,70087.2
1770546720000,BTC-USDT,70055.8,2.33277191,70085,70086.9,70036.1,70055.8
1770546780000,BTC-USDT,70025.4,2.25249826,70061.9,70121,70018,70025.4
1770546840000,BTC-USDT,70098.6,3.02256716,70027.9,70105.6,70018.1,70098.6
1770546900000,BTC-USDT,70169,1.8615288,70098.6,70169,70098.6,70169
1770546960000,BTC-USDT,70221.8,4.24318483,70173.4,70221.8,70146,70221.8
1770547020000,BTC-USDT,70282,5.47319122,70218.5,70308.3,70205,70282
1770547080000,BTC-USDT,70302,2.95254763,70280.1,70308,70229.1,70302
1770547140000,BTC-USDT,70259,1.18750108,70301.9,70305.8,70250.5,70259
1770547200000,BTC-USDT,70219.1,1.79401536,70258.9,70258.9,70208.9,70219.1
1770547260000,BTC-USDT,70218.7,0.24317183,70219,70229,70205.9,70218.7
1770547320000,BTC-USDT,70270.1,2.7410079,70218.6,70289.8,70218.3,70270.1
1770547380000,BTC-USDT,70238.2,2.27431644,70270.1,70270.1,70238.1,70238.2
1770547440000,BTC-USDT,70232.9,2.61491895,70238.2,70259,70229,70232.9
1770547500000,BTC-USDT,70274.4,0.25038878,70232.8,70281.4,70232.8,70274.4
1770547560000,BTC-USDT,70289,0.78045917,70275.6,70297.9,70258.1,70289
1770547620000,BTC-USDT,70271.9,1.85470722,70282.1,70286,70251.6,70271.9
1770547680000,BTC-USDT,70321.1,3.04273955,70270,70333.2,70270,70321.1
1770547740000,BTC-USDT,70341.6,2.5682905,70318.7,70374.5,70316.1,70341.6
1770547800000,BTC-USDT,70347.4,2.66958551,70341.6,70384.7,70331.1,70347.4
1770547860000,BTC-USDT,70343,11.41139255,70350,70413.1,70333.7,70343
1770547920000,BTC-USDT,70314.5,2.10549964,70346.3,70361,70310.9,70314.5
1770547980000,BTC-USDT,70305.3,1.5957748,70314.4,70314.4,70278.1,70305.3
1770548040000,BTC-USDT,70286.8,4.00697221,70303.4,70305.4,70270.6,70286.8
1770548100000,BTC-USDT,70260,2.04354577,70281.7,70281.7,70238.1,70260
1770548160000,BTC-USDT,70267.5,2.22830485,70263.4,70268.3,70241,70267.5
1770548220000,BTC-USDT,70282.1,0.88261399,70267.5,70282.8,70244,70282.1
1770548280000,BTC-USDT,70242.5,1.03755922,70282,70282,70239.8,70242.5
1770548340000,BTC-USDT,70269.5,5.74309846,70246.3,70269.5,70209.7,70269.5
1770548400000,BTC-USDT,70234.8,1.47877064,70270,70270,70216.6,70234.8
1770548460000,BTC-USDT,70295.3,0.58300086,70234.9,70295.3,70218.1,70295.3
1770548520000,BTC-USDT,70378,10.43830326,70299.8,70380.7,70299.8,70378
1770548580000,BTC-USDT,70386.8,2.08722063,70367.1,70416.1,70351.4,70386.8
1770548640000,BTC-USDT,70404.3,1.15197807,70386.8,70430.6,70378.1,70404.3
1770548700000,BTC-USDT,70514.2,5.27859954,70402.5,70525.1,70402.5,70514.2
1770548760000,BTC-USDT,70472.1,1.96560433,70514.1,70514.1,70461.7,70472.1
1770548820000,BTC-USDT,70470.4,0.58254551,70472,70475,70444,70470.4
1770548880000,BTC-USDT,70456.4,0.77749657,70470.9,70473,70456.4,70456.4
1770548940000,BTC-USDT,70432.9,1.36939229,70454.4,70463,70423.6,70432.9
1770549000000,BTC-USDT,70386,1.98077717,70433,70437,70356.7,70386
1770549060000,BTC-USDT,70416.1,2.24992124,70386.1,70430.9,70386.1,70416.1
1770549120000,BTC-USDT,70482.5,4.58691813,70416.1,70498,70400,70482.5
1770549180000,BTC-USDT,70583.2,16.59252739,70482.6,70583.3,70482.6,70583.2
1770549240000,BTC-USDT,70637,5.51910757,70583.3,70637,70559.9,70637
1770549300000,BTC-USDT,70623.5,14.56031457,70630.5,70649.9,70578,70623.5
1770549360000,BTC-USDT,70772.6,36.0049272,70623.8,70772.7,70607.9,70772.6
1770549420000,BTC-USDT,70840,27.12822515,70772.7,70933.2,70772.7,70840
1770549480000,BTC-USDT,70753.5,2.3322757,70842.1,70857.1,70695.6,70753.5
1770549540000,BTC-USDT,70670.5,6.92930432,70753.4,70753.5,70625.1,70670.5
1770549600000,BTC-USDT,70631,3.16790172,70670.5,70687.9,70602,70631
1770549660000,BTC-USDT,70696.6,0.40580031,70631,70713.3,70605.3,70696.6
1770549720000,BTC-USDT,70688.5,4.30272252,70696.7,70700.1,70644.8,70688.5
1770549780000,BTC-USDT,70619.8,1.90159624,70688.5,70696.5,70619.8,70619.8
1770549840000,BTC-USDT,70597,1.94830614,70615.5,70626,70575.2,70597
1770549900000,BTC-USDT,70586,1.29480934,70599,70622.7,70568.4,70586
1770549960000,BTC-USDT,70579.7,1.16976026,70586,70605,70538.8,70579.7
1770550020000,BTC-USDT,70700,7.33761727,70579.7,70700,70579.7,70700
1770550080000,BTC-USDT,70707.1,3.13885031,70699.9,70724.5,70669.6,70707.1
1770550140000,BTC-USDT,70700.7,0.70846748,70707,70708.5,70691.4,70700.7
1770550200000,BTC-USDT,70683,1.99386432,70696.7,70703.9,70666.1,70683
1770550260000,BTC-USDT,70774.3,7.82744702,70682.4,70862,70682.4,70774.3
1770550320000,BTC-USDT,70835.9,1.07058345,70781.6,70851.6,70768.7,70835.9
1770550380000,BTC-USDT,70925.1,36.13846382,70835.9,71048,70808.6,70925.1
1770550440000,BTC-USDT,70843.6,25.61580537,70925.1,70964.3,70804.1,70843.6
1770550500000,BTC-USDT,70943.3,11.30899446,70838.9,70968.6,70800,70943.3
1770550560000,BTC-USDT,70860,4.8598059,70939.1,70939.1,70860,70860
1770550620000,BTC-USDT,70847.1,5.2217585,70860.1,70900.5,70838,70847.1
1770550680000,BTC-USDT,70919.9,11.46997678,70844.7,70919.9,70819.1,70919.9
1770550740000,BTC-USDT,70880.9,19.91843539,70919.9,70977.5,70843.5,70880.9
1770550800000,BTC-USDT,70863,1.46780102,70880.9,70880.9,70824.1,70863
1770550860000,BTC-USDT,70829.4,1.85069332,70860.1,70863,70825.9,70829.4
1770550920000,BTC-USDT,70899.8,2.60015799,70829.4,70912.7,70827.1,70899.8
1770550980000,BTC-USDT,70819.2,3.22332099,70899.9,70901.9,70819.1,70819.2
1770551040000,BTC-USDT,70890.9,6.80094408,70819.1,70890.9,70801,70890.9
1770551100000,BTC-USDT,70838.1,8.28340393,70891,70901,70827.9,70838.1
1770551160000,BTC-USDT,70870.9,3.93557813,70838,70881.2,70821,70870.9
1770551220000,BTC-USDT,70939.9,1.55890757,70868,70940.2,70861.1,70939.9
1770551280000,BTC-USDT,70932.5,20.26127002,70940,71008,70900,70932.5
1770551340000,BTC-USDT,70978.1,23.47693203,70932.4,71034.2,70918.8,70978.1
1770551400000,BTC-USDT,71046.4,57.72189695,70978.1,71158,70968.4,71046.4
1770551460000,BTC-USDT,71167.3,27.47362163,71046.4,71210.4,71046.4,71167.3
1770551520000,BTC-USDT,70992.1,9.11837929,71178.8,71213.5,70958.4,70992.1
1770551580000,BTC-USDT,71029,3.9871876,70993.2,71035.9,70951.9,71029
1770551640000,BTC-USDT,71030.9,12.70521868,71029.1,71048.8,70963,71030.9
1770551700000,BTC-USDT,71000,3.83503811,71030.9,71048.9,70977.6,71000
1770551760000,BTC-USDT,70969,3.62917924,71000,71006.1,70963,70969
1770551820000,BTC-USDT,70990.9,4.92673943,70968.9,70990.9,70885.1,70990.9
1770551880000,BTC-USDT,70942.2,0.79024325,70993,70993,70938,70942.2
1770551940000,BTC-USDT,70988,1.935166,70945,70992,70945,70988
1770552000000,BTC-USDT,70920.5,2.92861434,70989,71048.8,70914.2,70920.5
1770552060000,BTC-USDT,70959.1,2.04226023,70922.9,70990.4,70910.6,70959.1
1770552120000,BTC-USDT,70870,6.0960564,70957,70957,70870,70870
1770552180000,BTC-USDT,70918.4,6.85907463,70869.5,70950,70844.6,70918.4
1770552240000,BTC-USDT,71017.1,13.79463688,70918.3,71019.5,70916,71017.1
1770552300000,BTC-USDT,71000,1.48322086,71017.1,71036.2,70988,71000
1770552360000,BTC-USDT,70892,3.10298573,71000,71000,70862,70892
1770552420000,BTC-USDT,70931.2,6.18476228,70892.7,70948.5,70845.1,70931.2
1770552480000,BTC-USDT,70909.9,0.24894077,70930,70930,70904.6,70909.9
1770552540000,BTC-USDT,70903.3,0.76325186,70904.3,70911.4,70900,70903.3
1770552600000,BTC-USDT,70932,1.33930795,70902,70933.7,70902,70932
1770552660000,BTC-USDT,70941.1,1.59222374,70928,70948.9,70914.1,70941.1
1770552720000,BTC-USDT,70867.5,4.05943284,70941.2,70942.9,70860,70867.5
1770552780000,BTC-USDT,70830.8,9.25085791,70867.6,70916.3,70826.9,70830.8
1770552840000,BTC-USDT,70859.9,1.6644172,70830.8,70864.6,70830.7,70859.9
1770552900000,BTC-USDT,70847.1,3.48824499,70859.9,70866.6,70846.2,70847.1
1770552960000,BTC-USDT,70849,1.34841887,70846.1,70865.7,70840,70849
1770553020000,BTC-USDT,70902.5,7.30552273,70848.9,70928.6,70848.9,70902.5
1770553080000,BTC-USDT,70941.9,3.36718827,70899.6,70944,70890.3,70941.9
1770553140000,BTC-USDT,70827.8,7.76400163,70942,70948.9,70817.4,70827.8
1770553200000,BTC-USDT,70853.1,4.88643852,70827.7,70862.2,70800,70853.1
1770553260000,BTC-USDT,70810,4.99784404,70853.1,70858.6,70800.1,70810
1770553320000,BTC-USDT,70771.5,16.23226233,70809.9,70809.9,70756.2,70771.5
1770553380000,BTC-USDT,70794,2.96290215,70775.4,70805.2,70770,70794
1770553440000,BTC-USDT,70791,3.17334627,70794,70811.8,70787.5,70791
1770553500000,BTC-USDT,70830.4,1.64700172,70791.1,70861.3,70791.1,70830.4
1770553560000,BTC-USDT,70830.9,2.33137652,70830.4,70872.9,70808,70830.9
1770553620000,BTC-USDT,70876.5,2.20385174,70834,70876.5,70813.2,70876.5
1770553680000,BTC-USDT,70928.1,4.04516419,70877,70948.9,70877,70928.1
1770553740000,BTC-USDT,70955.3,5.06096274,70928.1,70961,70906.8,70955.3
1770553800000,BTC-USDT,70898.1,3.42087707,70952.7,70952.7,70871.1,70898.1
1770553860000,BTC-USDT,70913.5,1.52372971,70898.1,70933,70880.7,70913.5
1770553920000,BTC-USDT,70894.3,1.55475049,70915.7,70924.3,70892.6,70894.3
1770553980000,BTC-USDT,70887.9,2.47996461,70894.3,70935.7,70873.1,70887.9
1770554040000,BTC-USDT,70808.1,6.19074779,70887.9,70887.9,70800,70808.1
1770554100000,BTC-USDT,70834,3.25421646,70808,70847.6,70773.1,70834
1770554160000,BTC-USDT,70921.4,8.10190703,70834.9,70921.4,70827.1,70921.4
1770554220000,BTC-USDT,70977.3,1.2061509,70921.4,70977.3,70896,70977.3
1770554280000,BTC-USDT,70963.9,18.10613328,70977.5,71031.3,70947.9,70963.9
1770554340000,BTC-USDT,70932.8,5.33325969,70963.9,70968,70896.8,70932.8
1770554400000,BTC-USDT,70903,3.21862327,70932.8,70937.5,70900,70903
1770554460000,BTC-USDT,70788,8.65136667,70905,70923.8,70763.5,70788
1770554520000,BTC-USDT,70717.7,5.71284716,70788.8,70788.8,70700,70717.7
1770554580000,BTC-USDT,70771.6,7.40897314,70727,70798.9,70727,70771.6
1770554640000,BTC-USDT,70750,0.89589987,70771.5,70798.7,70739,70750
1770554700000,BTC-USDT,70730.1,0.77268623,70750,70750,70700,70730.1
1770554760000,BTC-USDT,70812,2.62228135,70732.1,70814.7,70732.1,70812
1770554820000,BTC-USDT,71025.1,52.83258779,70808.1,71110.5,70804,71025.1
1770554880000,BTC-USDT,71041.2,4.14315879,71025,71050.2,71006.5,71041.2
1770554940000,BTC-USDT,71057,1.37233479,71040.8,71066.6,71012.6,71057
1770555000000,BTC-USDT,71020,2.5142824,71057.1,71071,71011.7,71020
1770555060000,BTC-USDT,71020.9,2.63079734,71020,71027.1,70972.1,71020.9
1770555120000,BTC-USDT,71064.6,8.54552573,71021.1,71092.7,71013.1,71064.6
1770555180000,BTC-USDT,71109.6,3.56689068,71064.7,71109.6,71063,71109.6
1770555240000,BTC-USDT,71097.9,18.99953824,71110.5,71153.8,71085.9,71097.9
1770555300000,BTC-USDT,71097,5.60408987,71098,71117,71048.1,71097
1770555360000,BTC-USDT,71128.6,0.83413929,71096.7,71146,71087,71128.6
1770555420000,BTC-USDT,71191.1,15.75684687,71127.7,71278.7,71100.4,71191.1
1770555480000,BTC-USDT,71192.3,9.04338982,71191.1,71199.8,71126,71192.3
1770555540000,BTC-USDT,71242.3,9.47558138,71192.4,71257.9,71192.4,71242.3
1770555600000,BTC-USDT,71267,10.23500996,71242.3,71282.4,71205.1,71267
1770555660000,BTC-USDT,71261.6,4.54908763,71271,71289.4,71219.9,71261.6
1770555720000,BTC-USDT,71178.6,4.21856893,71261.6,71261.7,71172.9,71178.6
1770555780000,BTC-USDT,71093,10.55652678,71183,71184.9,71069.5,71093
1770555840000,BTC-USDT,71081,4.69006372,71088.1,71097.8,71050.7,71081
1770555900000,BTC-USDT,71038.3,9.22069621,71080.9,71080.9,70972.7,71038.3
1770555960000,BTC-USDT,71041.1,5.77784111,71038.2,71086.9,71025,71041.1
1770556020000,BTC-USDT,71056.1,11.26397205,71035.1,71094,70968.5,71056.1
1770556080000,BTC-USDT,71059.1,0.39257226,71051.4,71071.5,71032.2,71059.1
1770556140000,BTC-USDT,71066,2.10481402,71057.3,71073.4,71046.1,71066
1770556200000,BTC-USDT,71097.8,3.53788844,71066.4,71117.3,71038,71097.8
1770556260000,BTC-USDT,71091.9,5.37974602,71097.7,71117.9,71066.5,71091.9
1770556320000,BTC-USDT,71117,0.77121411,71092,71117,71085.8,71117
1770556380000,BTC-USDT,71117.1,2.06725572,71117.1,71139.7,71109,71117.1
1770556440000,BTC-USDT,71109.6,3.29836657,71118.2,71125,71109.5,71109.6
1770556500000,BTC-USDT,71135.2,4.18928918,71109.5,71135.2,71074.9,71135.2
1770556560000,BTC-USDT,71193.3,3.09556996,71139.8,71197.2,71139.8,71193.3
1770556620000,BTC-USDT,71220,4.61383064,71193.3,71233.5,71193.3,71220
1770556680000,BTC-USDT,71281.1,17.6788168,71220,71325,71220,71281.1
1770556740000,BTC-USDT,71422.8,10.98086977,71281,71437.4,71279,71422.8
1770556800000,BTC-USDT,71349.8,4.86622051,71424.1,71424.1,71301.3,71349.8
1770556860000,BTC-USDT,71309.2,12.64173824,71349.9,71376.9,71300.1,71309.2
1770556920000,BTC-USDT,71360.8,1.33704898,71309.1,71360.8,71300,71360.8
1770556980000,BTC-USDT,71370.5,1.5299266,71360.7,71370.5,71311.8,71370.5
1770557040000,BTC-USDT,71452,2.04959179,71370.4,71452,71370.4,71452
1770557100000,BTC-USDT,71441.8,5.62124648,71451.9,71483,71401.4,71441.8
1770557160000,BTC-USDT,71374.3,10.75589816,71447.1,71447.1,71342.1,71374.3
1770557220000,BTC-USDT,71373.9,3.65841826,71374.6,71374.6,71337.2,71373.9
1770557280000,BTC-USDT,71454.6,6.60698178,71374.4,71455.9,71350.7,71454.6
1770557340000,BTC-USDT,71451.9,4.21670116,71454.5,71490.7,71444,71451.9
1770557400000,BTC-USDT,71358.1,7.27153565,71452,71484.1,71358,71358.1
1770557460000,BTC-USDT,71335.1,8.99090323,71369.5,71395.9,71314.1,71335.1
1770557520000,BTC-USDT,71381,2.76813283,71335.1,71381,71301.3,71381
1770557580000,BTC-USDT,71386.1,0.73586882,71381,71391.9,71356.1,71386.1
1770557640000,BTC-USDT,71311.1,6.30105717,71387.9,71388,71308.4,71311.1
1770557700000,BTC-USDT,71324.9,5.17298346,71311,71351.8,71276.9,71324.9
1770557760000,BTC-USDT,71348,3.80817233,71324.9,71348,71283.4,71348
1770557820000,BTC-USDT,71319.3,3.46748369,71348.2,71386.9,71316,71319.3
1770557880000,BTC-USDT,71226,6.81457241,71319.3,71324,71190.1,71226
1770557940000,BTC-USDT,71249,2.7229694,71226,71266.3,71196.1,71249
1770558000000,BTC-USDT,71291,1.01079281,71247.1,71291,71191.2,71291
1770558060000,BTC-USDT,71350.4,8.59230701,71292.9,71378,71291,71350.4
1770558120000,BTC-USDT,71368.4,8.24052969,71348.1,71392,71306.8,71368.4
1770558180000,BTC-USDT,71288,4.22700904,71368.4,71382.7,71288,71288
1770558240000,BTC-USDT,71221,2.94031229,71287.8,71287.8,71206.8,71221
1770558300000,BTC-USDT,71369.9,18.22044529,71223,71369.9,71223,71369.9
1770558360000,BTC-USDT,71338.5,1.49164954,71369.9,71379.7,71338.5,71338.5
1770558420000,BTC-USDT,71288,2.47932151,71338.5,71343,71265.9,71288
1770558480000,BTC-USDT,71309.5,2.51395277,71288,71341.5,71280.5,71309.5
1770558540000,BTC-USDT,71320,0.70962734,71309.4,71330,71294,71320
1770558600000,BTC-USDT,71362,2.10809012,71319.5,71362,71319.5,71362
1770558660000,BTC-USDT,71387.2,10.23940226,71362.1,71420.1,71362.1,71387.2
1770558720000,BTC-USDT,71390,0.76702035,71386.1,71399.1,71367.3,71390
1770558780000,BTC-USDT,71431.6,3.35694294,71390,71431.6,71383,71431.6
1770558840000,BTC-USDT,71398.5,2.20333562,71431.6,71431.6,71398.4,71398.5
1770558900000,BTC-USDT,71406.4,1.66674921,71398.9,71439.8,71398,71406.4
1770558960000,BTC-USDT,71361.9,7.09771341,71406.4,71413.9,71329.3,71361.9
1770559020000,BTC-USDT,71511.9,19.08406074,71361.9,71512,71361.9,71511.9
1770559080000,BTC-USDT,71459,7.2504038,71512,71512,71414.8,71459
1770559140000,BTC-USDT,71513,3.60561323,71458.9,71513,71442.1,71513
1770559200000,BTC-USDT,71422.6,8.73678046,71513,71550,71418.9,71422.6
1770559260000,BTC-USDT,71473.4,2.28387871,71430,71473.4,71430,71473.4
1770559320000,BTC-USDT,71512,3.4592832,71475.9,71533,71461.8,71512
1770559380000,BTC-USDT,71515.7,5.7566674,71510.8,71553,71462.1,71515.7
1770559440000,BTC-USDT,71448.9,8.40752361,71515.6,71515.6,71425,71448.9
1770559500000,BTC-USDT,71432.3,8.92952351,71448.9,71448.9,71400.1,71432.3
1770559560000,BTC-USDT,71380.1,2.96654561,71432,71437.5,71380.1,71380.1
1770559620000,BTC-USDT,71438.2,2.05945044,71380,71438.9,71370.5,71438.2
1770559680000,BTC-USDT,71395.3,8.72122126,71438.3,71456,71395.3,71395.3
1770559740000,BTC-USDT,71283,20.22228652,71390.4,71390.4,71277.8,71283
1770559800000,BTC-USDT,71299,10.44240659,71283,71365.9,71279.8,71299
1770559860000,BTC-USDT,71393.9,25.25033365,71299,71395.2,71299,71393.9
1770559920000,BTC-USDT,71373.7,17.8802401,71393.9,71434.9,71366.1,71373.7
1770559980000,BTC-USDT,71349.9,11.57116505,71373.7,71397,71323,71349.9
1770560040000,BTC-USDT,71373.9,7.11216194,71350,71379.7,71350,71373.9
1770560100000,BTC-USDT,71432,10.96684352,71375.9,71434.7,71356,71432
1770560160000,BTC-USDT,71438.2,1.37423046,71432,71438.3,71431.9,71438.2
1770560220000,BTC-USDT,71391.6,1.63548871,71438.3,71438.3,71386.2,71391.6
1770560280000,BTC-USDT,71308.6,6.65855626,71391.5,71391.5,71308.6,71308.6
1770560340000,BTC-USDT,71239.9,20.24074161,71307.5,71307.5,71207.7,71239.9
1770560400000,BTC-USDT,71177.2,21.81175716,71248.9,71274.6,71160.4,71177.2
1770560460000,BTC-USDT,71208.7,8.74425773,71177.3,71276.2,71177.3,71208.7
1770560520000,BTC-USDT,71235.6,1.89101933,71208.7,71264.1,71183.6,71235.6
1770560580000,BTC-USDT,71189.4,1.44137252,71232,71239.8,71182.2,71189.4
1770560640000,BTC-USDT,71167.9,2.74625437,71187.4,71217.4,71163.3,71167.9
1770560700000,BTC-USDT,71266,8.42189478,71167.9,71319,71167.9,71266
1770560760000,BTC-USDT,71221.6,4.96808079,71266,71291.9,71216.7,71221.6
1770560820000,BTC-USDT,71207.5,1.2712899,71218.2,71232.5,71202.5,71207.5
1770560880000,BTC-USDT,71168.9,1.05720822,71208,71218.8,71163.8,71168.9
1770560940000,BTC-USDT,71235.8,2.62423502,71168.9,71247.9,71164.8,71235.8
1770561000000,BTC-USDT,71238.9,1.9066908,71235.8,71274.4,71227.1,71238.9
1770561060000,BTC-USDT,71274.9,2.31342933,71238.9,71274.9,71238.9,71274.9
1770561120000,BTC-USDT,71276,3.5831684,71274.8,71288.8,71244.8,71276
1770561180000,BTC-USDT,71300.8,0.7987758,71275.9,71326,71255.3,71300.8
1770561240000,BTC-USDT,71328.1,0.90705979,71300.7,71345.1,71282.7,71328.1
1770561300000,BTC-USDT,71303.9,1.06065608,71328,71345.4,71303.9,71303.9
1770561360000,BTC-USDT,71319.7,0.99444889,71304,71319.8,71278.5,71319.7
1770561420000,BTC-USDT,71264.9,3.45986584,71319.5,71334.3,71257.3,71264.9
1770561480000,BTC-USDT,71295.9,1.95277211,71265,71305.1,71265,71295.9
1770561540000,BTC-USDT,71319,1.05841181,71297,71327.8,71276,71319
1770561600000,BTC-USDT,71305.1,1.15993447,71319,71319,71280,71305.1
1770561660000,BTC-USDT,71176.1,4.3510071,71305,71305,71175.1,71176.1
1770561720000,BTC-USDT,71102,2.55868792,71176.1,71188.5,71095.5,71102
1770561780000,BTC-USDT,71142.5,4.92601172,71105,71170,71104.3,71142.5
1770561840000,BTC-USDT,71140.1,10.96077164,71142.5,71152.7,71090.4,71140.1
1770561900000,BTC-USDT,71149.8,3.41024799,71140,71214.4,71120.6,71149.8
1770561960000,BTC-USDT,71186.5,3.10123658,71153.6,71186.9,71120.7,71186.5
1770562020000,BTC-USDT,71215.3,1.28805222,71188.9,71216,71175.9,71215.3
1770562080000,BTC-USDT,71172.7,4.6049413,71215.2,71215.2,71171.1,71172.7
1770562140000,BTC-USDT,71179.5,1.52920276,71172.6,71186.2,71144.2,71179.5
1770562200000,BTC-USDT,71215.2,2.54857448,71178.1,71215.3,71171.7,71215.2
1770562260000,BTC-USDT,71237.1,1.53371469,71215.3,71259.8,71215.2,71237.1
1770562320000,BTC-USDT,71257.4,1.1515887,71237.1,71259.8,71222.1,71257.4
1770562380000,BTC-USDT,71211.4,1.53730998,71258,71260,71200,71211.4
1770562440000,BTC-USDT,71237.1,2.94741951,71211.6,71245.5,71190.4,71237.1
1770562500000,BTC-USDT,71188.3,3.11328898,71237.1,71245.6,71188.2,71188.3
1770562560000,BTC-USDT,71187,1.17551239,71188.2,71192.4,71150.8,71187
1770562620000,BTC-USDT,71219.7,0.90158106,71193.8,71232,71170,71219.7
1770562680000,BTC-USDT,71195,1.52680754,71219.7,71219.7,71186.7,71195
1770562740000,BTC-USDT,71255.7,2.99967202,71193,71255.8,71182.4,71255.7
1770562800000,BTC-USDT,71240.9,3.44808115,71255.8,71269.8,71208.4,71240.9
1770562860000,BTC-USDT,71358.1,17.9808964,71240.9,71444.3,71228.2,71358.1
1770562920000,BTC-USDT,71381.1,4.63469066,71358.1,71398.8,71297,71381.1
1770562980000,BTC-USDT,71350.9,2.89586469,71384,71419.8,71350.1,71350.9
1770563040000,BTC-USDT,71286.6,4.56506772,71354.9,71355.3,71275.1,71286.6
1770563100000,BTC-USDT,71356,15.82865968,71286.6,71381.9,71274.8,71356
1770563160000,BTC-USDT,71333.1,1.88724481,71362.7,71379.7,71318.2,71333.1
1770563220000,BTC-USDT,71398.4,3.67570035,71333.4,71436.5,71333.4,71398.4
1770563280000,BTC-USDT,71378.9,1.83894034,71395.1,71426.8,71369.2,71378.9
1770563340000,BTC-USDT,71369.9,2.07925596,71378.8,71378.8,71355.1,71369.9
1770563400000,BTC-USDT,71443.2,14.8090051,71370,71450,71370,71443.2
1770563460000,BTC-USDT,71415.8,1.96067659,71440,71440,71384.1,71415.8
1770563520000,BTC-USDT,71407.1,2.63212962,71415.8,71419.6,71401.1,71407.1
1770563580000,BTC-USDT,71317.2,2.14045938,71407.1,71407.1,71302.6,71317.2
1770563640000,BTC-USDT,71356,2.2533679,71317.2,71356,71315.4,71356
1770563700000,BTC-USDT,71320.8,2.75521798,71355.9,71355.9,71288.8,71320.8
1770563760000,BTC-USDT,71231.4,14.46956481,71324.9,71334,71208.5,71231.4
1770563820000,BTC-USDT,71266.1,5.14803046,71228,71296.3,71212,71266.1
1770563880000,BTC-USDT,71209.1,10.73262073,71262,71262,71176.8,71209.1
1770563940000,BTC-USDT,71318.4,2.10055985,71211.9,71318.7,71211.9,71318.4
1770564000000,BTC-USDT,71415.7,3.89465509,71318.4,71449.9,71318.3,71415.7
1770564060000,BTC-USDT,71278,6.06563852,71414.6,71414.6,71276,71278
1770564120000,BTC-USDT,71257.2,0.87236576,71278,71316.9,71257.2,71257.2
1770564180000,BTC-USDT,71200.1,3.28011024,71256,71282,71200,71200.1
1770564240000,BTC-USDT,71199.9,2.45834671,71200.1,71214.6,71162.3,71199.9
1770564300000,BTC-USDT,71048.9,4.66486854,71200,71208.9,71030,71048.9
1770564360000,BTC-USDT,70901,24.27421009,71049,71074.5,70868.8,70901
1770564420000,BTC-USDT,70832,17.62915688,70906.1,70947.9,70821,70832
1770564480000,BTC-USDT,70824.1,4.48936118,70832.9,70896,70779.1,70824.1
1770564540000,BTC-USDT,70902.1,15.92729836,70825,70979.2,70825,70902.1
1770564600000,BTC-USDT,70972.4,3.57777202,70898.7,71000,70860,70972.4
1770564660000,BTC-USDT,70969.9,20.38276202,70972.2,70972.2,70896.8,70969.9
1770564720000,BTC-USDT,71109.4,37.04171959,70969.9,71124.9,70969.9,71109.4
1770564780000,BTC-USDT,71090.3,10.00642525,71115,71131,71031.9,71090.3
1770564840000,BTC-USDT,71162.7,3.18072025,71090.4,71174.5,71090.4,71162.7
1770564900000,BTC-USDT,71106.7,2.69042135,71162.8,71200,71092,71106.7
1770564960000,BTC-USDT,71095.4,3.34032983,71106.7,71131.2,71086.5,71095.4
1770565020000,BTC-USDT,71081.6,4.73791746,71095.5,71115.1,71030.1,71081.6
1770565080000,BTC-USDT,71093.7,2.68947987,71082,71142.7,71081.1,71093.7
1770565140000,BTC-USDT,71172.9,2.03203289,71093.7,71175,71085.9,71172.9
1770565200000,BTC-USDT,71144.7,11.94237679,71172.9,71266.4,71144.7,71144.7
1770565260000,BTC-USDT,71154.1,1.93573503,71144.6,71169,71129,71154.1
1770565320000,BTC-USDT,71124,2.36510106,71154,71168.9,71119,71124
1770565380000,BTC-USDT,71138.8,1.2179628,71124,71147,71123.7,71138.8
1770565440000,BTC-USDT,71132.7,6.68013576,71138.8,71160,71123,71132.7
1770565500000,BTC-USDT,71095.4,2.56009785,71134.5,71150,71087.3,71095.4
1770565560000,BTC-USDT,71046,5.42956783,71095.4,71095.4,71033,71046
1770565620000,BTC-USDT,71088,1.02440683,71054,71104.6,71054,71088
1770565680000,BTC-USDT,71011.6,6.78330708,71090,71095.2,70986.9,71011.6
1770565740000,BTC-USDT,70968.4,3.45673072,71011.5,71039,70963.9,70968.4
1770565800000,BTC-USDT,71021.2,3.40268974,70965.8,71021.2,70942.9,71021.2
1770565860000,BTC-USDT,70982,1.44278824,71022.1,71057,70977.7,70982
1770565920000,BTC-USDT,70999,2.67861368,70985.2,71017.1,70962.2,70999
1770565980000,BTC-USDT,71068.1,2.24770471,70996.6,71103.7,70996.6,71068.1
1770566040000,BTC-USDT,71051.1,1.19897844,71068,71068,71045.1,71051.1
1770566100000,BTC-USDT,71096,3.62287137,71051.1,71096,71036.1,71096
1770566160000,BTC-USDT,71123.1,2.11088794,71095.9,71137.8,71086,71123.1
1770566220000,BTC-USDT,71102.5,2.25118121,71125.7,71145.9,71079.9,71102.5
1770566280000,BTC-USDT,71130.4,1.63799941,71102.5,71130.4,71102.5,71130.4
1770566340000,BTC-USDT,71181.5,2.42168702,71131.1,71181.5,71099.8,71181.5
1770566400000,BTC-USDT,71158,3.74969296,71181.5,71181.5,71089.1,71158
1770566460000,BTC-USDT,71079.4,2.49943084,71158,71172.4,71027.3,71079.4
1770566520000,BTC-USDT,71179.1,3.71108753,71078.9,71181.6,71049.7,71179.1
1770566580000,BTC-USDT,71184.2,1.43127583,71179.1,71189.9,71133.1,71184.2
1770566640000,BTC-USDT,71247.1,4.5183603,71184.1,71253,71161,71247.1
1770566700000,BTC-USDT,71207.2,3.63387391,71247.1,71247.1,71176,71207.2
1770566760000,BTC-USDT,71091.2,1.33133694,71203.9,71204,71088.7,71091.2
1770566820000,BTC-USDT,71128.7,4.19124763,71091.3,71152,71056.6,71128.7
1770566880000,BTC-USDT,71088.6,0.88320901,71133.7,71155,71062.3,71088.6
1770566940000,BTC-USDT,71060,3.97147873,71085.8,71119.4,71060,71060
1770567000000,BTC-USDT,71080.1,1.00361555,71060,71097,71055.2,71080.1
1770567060000,BTC-USDT,71047.3,14.67846576,71078.3,71078.3,70982.1,71047.3
1770567120000,BTC-USDT,71042,2.26352876,71047.3,71091,71020.2,71042
1770567180000,BTC-USDT,71030,2.19877254,71039.8,71078.8,71030,71030
1770567240000,BTC-USDT,70989.6,7.14849238,71024.1,71039.8,70989.5,70989.6
1770567300000,BTC-USDT,71027.7,2.72343126,70990.3,71078.7,70990.3,71027.7
1770567360000,BTC-USDT,71000.1,1.35237224,71025.5,71057.1,71000.1,71000.1
1770567420000,BTC-USDT,71052.6,1.53986342,71002.2,71052.6,71002.2,71052.6
1770567480000,BTC-USDT,71057.1,0.88938076,71053.4,71057.1,71020.4,71057.1
1770567540000,BTC-USDT,71146.7,2.57611798,71057.9,71160.8,71056,71146.7
1770567600000,BTC-USDT,71195.2,8.76094161,71141,71200,71140.1,71195.2
1770567660000,BTC-USDT,71180.1,1.16361019,71191.3,71197.7,71165,71180.1
1770567720000,BTC-USDT,71179.9,6.9474802,71178.3,71214.9,71164.4,71179.9
1770567780000,BTC-USDT,71172.1,4.09024622,71177.6,71199,71172,71172.1
1770567840000,BTC-USDT,71132.6,4.16655212,71172,71187,71130.8,71132.6
1770567900000,BTC-USDT,71207,1.28018757,71135.2,71215,71135.2,71207
1770567960000,BTC-USDT,71187.5,0.89259933,71206.9,71214,71174.9,71187.5
1770568020000,BTC-USDT,71192.6,1.40732633,71188.9,71206,71177.1,71192.6
1770568080000,BTC-USDT,71167,0.74545183,71193.1,71195.4,71154.5,71167
1770568140000,BTC-USDT,71152.1,2.5863625,71166.9,71166.9,71138,71152.1
1770568200000,BTC-USDT,71124.1,1.06110117,71151.1,71155.6,71100.1,71124.1
1770568260000,BTC-USDT,71086.6,2.01424386,71124.1,71131.5,71086.5,71086.6
1770568320000,BTC-USDT,71121.9,1.79337014,71086.5,71122.5,71053.2,71121.9
1770568380000,BTC-USDT,71127,2.94768027,71122.6,71150.1,71103.8,71127
1770568440000,BTC-USDT,71066.5,0.66102754,71126,71127,71066.4,71066.5
1770568500000,BTC-USDT,71050.7,8.71201564,71066.3,71107.7,71050.7,71050.7
1770568560000,BTC-USDT,70997.4,12.53602895,71050.5,71050.5,70959.3,70997.4
1770568620000,BTC-USDT,70953.4,2.61274353,70997.5,71029,70950.1,70953.4
1770568680000,BTC-USDT,70991.1,1.32984449,70955.9,71003.9,70935.1,70991.1
1770568740000,BTC-USDT,70941.5,1.17489513,71002.9,71012.9,70941.4,70941.5
1770568800000,BTC-USDT,70888.9,2.68945548,70941.5,70941.5,70862,70888.9
1770568860000,BTC-USDT,70867.2,3.11871068,70888.9,70942,70850,70867.2
1770568920000,BTC-USDT,70798.7,2.18578658,70868,70888.4,70795.6,70798.7
1770568980000,BTC-USDT,70792.2,5.26961357,70796.7,70821.4,70751.7,70792.2
1770569040000,BTC-USDT,70796,5.87733507,70792.2,70844.5,70764.2,70796
1770569100000,BTC-USDT,70775.7,6.42537476,70795.1,70845.6,70700,70775.7
1770569160000,BTC-USDT,70730,8.27953817,70775.8,70798.8,70688,70730
1770569220000,BTC-USDT,70700,9.06330614,70729.1,70729.9,70640.7,70700
1770569280000,BTC-USDT,70584,11.80516223,70700,70737.3,70553.2,70584
1770569340000,BTC-USDT,70408.1,68.48349715,70577,70583.3,70392.5,70408.1
1770569400000,BTC-USDT,70511,8.42820818,70408.1,70609.5,70400.5,70511
1770569460000,BTC-USDT,70454.9,4.75234504,70511.1,70511.1,70374.2,70454.9
1770569520000,BTC-USDT,70441,2.91605119,70450.2,70537.3,70430.2,70441
1770569580000,BTC-USDT,70388,20.68829693,70441,70488.4,70368.9,70388
1770569640000,BTC-USDT,70367.6,12.26376958,70388,70448,70255.1,70367.6
1770569700000,BTC-USDT,70509,4.21702276,70367.6,70509,70367.6,70509
1770569760000,BTC-USDT,70479.9,2.85849265,70509,70527.5,70454.9,70479.9
1770569820000,BTC-USDT,70396.2,19.13276342,70477.9,70477.9,70341.1,70396.2
1770569880000,BTC-USDT,70372.1,3.70526499,70399.6,70442.6,70364.1,70372.1
1770569940000,BTC-USDT,70422.7,1.07307534,70372.9,70427.9,70372.9,70422.7
1770570000000,BTC-USDT,70547.3,7.35931221,70418.8,70553.5,70408.2,70547.3
1770570060000,BTC-USDT,70568.8,1.90462675,70542.4,70574.8,70500.2,70568.8
1770570120000,BTC-USDT,70542.5,3.07927485,70568.7,70599.9,70511.1,70542.5
1770570180000,BTC-USDT,70592.9,3.40471243,70555.6,70631.6,70548.1,70592.9
1770570240000,BTC-USDT,70642.5,2.0001259,70592.8,70645,70592.8,70642.5
1770570300000,BTC-USDT,70691.1,8.84302542,70640.7,70716.4,70628,70691.1
1770570360000,BTC-USDT,70711.1,2.8549026,70697.9,70730.9,70639.2,70711.1
1770570420000,BTC-USDT,70661,3.28812951,70707,70730,70660.1,70661
1770570480000,BTC-USDT,70680.1,1.6617315,70663.8,70702.1,70662,70680.1
1770570540000,BTC-USDT,70712,8.79760694,70680,70712,70663.1,70712
1770570600000,BTC-USDT,70678.9,10.60982332,70709.7,70712,70676,70678.9
1770570660000,BTC-USDT,70675.7,4.05442551,70679,70694.7,70645.1,70675.7
1770570720000,BTC-USDT,70675.3,4.44837507,70673.3,70692,70661,70675.3
1770570780000,BTC-USDT,70666.1,1.43168163,70676.9,70687,70661,70666.1
1770570840000,BTC-USDT,70590.1,2.72426101,70666.1,70666.5,70590.1,70590.1
1770570900000,BTC-USDT,70749.5,2.15867732,70590,70749.5,70580.1,70749.5
1770570960000,BTC-USDT,70793.1,6.03820294,70749.8,70828.1,70745.1,70793.1
1770571020000,BTC-USDT,70752,1.156301,70794,70803,70703,70752
1770571080000,BTC-USDT,70809.1,5.48803372,70751.1,70874.9,70750.3,70809.1
1770571140000,BTC-USDT,70790.5,1.7727089,70802,70802,70755,70790.5
1770571200000,BTC-USDT,70793.6,2.83941804,70791,70850.2,70791,70793.6
1770571260000,BTC-USDT,70672.2,2.55908566,70793.7,70797.9,70672.1,70672.2
1770571320000,BTC-USDT,70693,0.97180292,70674.9,70709,70654.4,70693
1770571380000,BTC-USDT,70647.2,0.50593326,70695.5,70700,70647.2,70647.2
1770571440000,BTC-USDT,70505.4,5.90566881,70649.9,70649.9,70461.5,70505.4
1770571500000,BTC-USDT,70565.2,1.27510591,70505.3,70575,70502.6,70565.2
1770571560000,BTC-USDT,70567.6,1.25293139,70564.5,70592.1,70548.9,70567.6
1770571620000,BTC-USDT,70571.1,0.37515513,70567.7,70575.8,70557.6,70571.1
1770571680000,BTC-USDT,70612.1,1.21457483,70569.9,70622.1,70569,70612.1
1770571740000,BTC-USDT,70558.4,4.69358158,70614.1,70670.4,70543.5,70558.4
1770571800000,BTC-USDT,70676.4,3.0770605,70563,70686,70563,70676.4
1770571860000,BTC-USDT,70672,3.52010173,70676.3,70680.9,70653.5,70672
1770571920000,BTC-USDT,70671.3,3.21200739,70672,70719.4,70667.3,70671.3
1770571980000,BTC-USDT,70600.1,1.49235223,70672.5,70678.7,70598.7,70600.1
1770572040000,BTC-USDT,70728.9,2.32629128,70600.1,70734.6,70600.1,70728.9
1770572100000,BTC-USDT,70754.1,1.76648089,70726.1,70770.6,70721.6,70754.1
1770572160000,BTC-USDT,70775,1.83610004,70757,70789.3,70757,70775
1770572220000,BTC-USDT,70715.1,0.51347802,70776,70789.1,70715,70715.1
1770572280000,BTC-USDT,70753,0.82633429,70715.1,70753,70695.2,70753
1770572340000,BTC-USDT,70708.2,2.61683501,70751.7,70760.4,70708.2,70708.2
1770572400000,BTC-USDT,70732.3,1.98881696,70708.1,70741.9,70697.6,70732.3
1770572460000,BTC-USDT,70767.2,6.71995103,70725.2,70771.8,70681.9,70767.2
1770572520000,BTC-USDT,70746.2,1.97930698,70767.3,70789.4,70737.4,70746.2
1770572580000,BTC-USDT,70815.9,1.08942587,70742.4,70821,70742.4,70815.9
1770572640000,BTC-USDT,70812,1.09733148,70815.9,70830.2,70795.9,70812
1770572700000,BTC-USDT,70722.9,1.15386823,70812,70824,70719,70722.9
1770572760000,BTC-USDT,70732.5,0.71202214,70722.9,70764.2,70722.9,70732.5
1770572820000,BTC-USDT,70780.8,3.12026668,70735.6,70796.7,70729.7,70780.8
1770572880000,BTC-USDT,70802.6,1.97587051,70780.8,70826,70778.1,70802.6
1770572940000,BTC-USDT,70776,0.9551546,70810.9,70819.8,70772.5,70776
1770573000000,BTC-USDT,70791,2.68338413,70776.1,70808.1,70775,70791
1770573060000,BTC-USDT,70800,2.70069323,70791,70809.5,70775.1,70800
1770573120000,BTC-USDT,70797,7.71099443,70800,70888.3,70794.7,70797
1770573180000,BTC-USDT,70723.1,3.20417613,70796,70830.9,70723,70723.1
1770573240000,BTC-USDT,70689.7,3.56650173,70723,70734,70638.4,70689.7
1770573300000,BTC-USDT,70722.2,2.7703557,70690.2,70774.8,70690.2,70722.2
1770573360000,BTC-USDT,70750,0.74829497,70722.3,70756.9,70722.3,70750
1770573420000,BTC-USDT,70758.4,1.32853932,70752,70768.9,70749.3,70758.4
1770573480000,BTC-USDT,70806.8,2.44028235,70758.4,70807.5,70738.9,70806.8
1770573540000,BTC-USDT,70793,0.86797295,70800.1,70800.1,70777,70793
1770573600000,BTC-USDT,70798.8,0.62626255,70793,70804,70788.5,70798.8
1770573660000,BTC-USDT,70792.3,0.61598811,70798.9,70822,70780.5,70792.3
1770573720000,BTC-USDT,70811.3,1.42325444,70792.1,70819.8,70750.1,70811.3
1770573780000,BTC-USDT,70857.6,2.85224439,70819.9,70860,70819.9,70857.6
1770573840000,BTC-USDT,70939.9,6.77998051,70859.9,70971.2,70859.9,70939.9
1770573900000,BTC-USDT,70905.9,1.47223658,70940,70967,70869.3,70905.9
1770573960000,BTC-USDT,70906.9,2.24755508,70905.9,70910.9,70869.8,70906.9
1770574020000,BTC-USDT,70870.1,1.64894538,70903,70927.7,70864,70870.1
1770574080000,BTC-USDT,70916.7,2.52706755,70870,70929.8,70870,70916.7
1770574140000,BTC-USDT,70932,1.19343058,70911.8,70949.3,70879.1,70932
1770574200000,BTC-USDT,70925.9,1.10250077,70932.1,70949.9,70902.8,70925.9
1770574260000,BTC-USDT,70950.2,1.12977558,70927.8,70993,70927.8,70950.2
1770574320000,BTC-USDT,70960.3,3.6133255,70947,70985.6,70939.1,70960.3
1770574380000,BTC-USDT,70950.9,1.34451387,70960.3,70965.8,70946.2,70950.9
1770574440000,BTC-USDT,70911,4.00167276,70951,70964.9,70898.2,70911
1770574500000,BTC-USDT,70915.9,1.01919348,70905.9,70958,70898.3,70915.9
1770574560000,BTC-USDT,70871,2.70912136,70915.9,70920.5,70846.3,70871
1770574620000,BTC-USDT,70881.9,2.1774613,70870.9,70882,70848,70881.9
1770574680000,BTC-USDT,70946,2.17744517,70882,70968.2,70881.9,70946
1770574740000,BTC-USDT,70940.1,11.00490435,70949.5,71077,70934.1,70940.1
1770574800000,BTC-USDT,70891.5,2.12340789,70941.6,70995.6,70869.4,70891.5
1770574860000,BTC-USDT,70906.4,0.96905586,70887.8,70912.5,70887.8,70906.4
1770574920000,BTC-USDT,70851,1.15911953,70906.3,70911,70816.4,70851
1770574980000,BTC-USDT,70861.9,1.15754627,70851,70885.7,70851,70861.9
1770575040000,BTC-USDT,70891,2.39808587,70862,70912.5,70862,70891
1770575100000,BTC-USDT,70892.7,1.06418461,70890.9,70909.2,70867.6,70892.7
1770575160000,BTC-USDT,70969,4.25341999,70892.7,70979.9,70882.8,70969
1770575220000,BTC-USDT,70963.7,1.10862435,70969,71004.6,70961.1,70963.7
1770575280000,BTC-USDT,70984.6,0.71736047,70966.4,70992.2,70966.4,70984.6
1770575340000,BTC-USDT,70985.8,1.32402127,70984.6,70990.7,70957,70985.8
1770575400000,BTC-USDT,71049.7,4.15808929,70984.2,71107.4,70984.1,71049.7
1770575460000,BTC-USDT,71024.5,6.77965948,71053.4,71111,71000,71024.5
1770575520000,BTC-USDT,71049.3,2.80619802,71024.6,71070,71021.8,71049.3
1770575580000,BTC-USDT,71180,20.5259198,71047.4,71250.6,71023.6,71180
1770575640000,BTC-USDT,71246,2.93259645,71180,71246,71158.4,71246
1770575700000,BTC-USDT,71346.2,6.30079916,71242.9,71395.9,71189.7,71346.2
1770575760000,BTC-USDT,71412.6,8.85664088,71344.1,71412.6,71302.4,71412.6
1770575820000,BTC-USDT,71312,17.28544812,71411.5,71411.5,71271.6,71312
1770575880000,BTC-USDT,71276,2.26627648,71306.9,71306.9,71242.4,71276
1770575940000,BTC-USDT,71300.8,1.31776402,71275.9,71328,71239,71300.8
1770576000000,BTC-USDT,71228.1,1.42049818,71296.8,71311.6,71220.4,71228.1
1770576060000,BTC-USDT,71257.6,14.84580739,71228.9,71276.4,71209.1,71257.6
1770576120000,BTC-USDT,71291,1.18523665,71260.1,71302.4,71260.1,71291
1770576180000,BTC-USDT,71372.7,0.49184668,71300.6,71379.3,71296.8,71372.7
1770576240000,BTC-USDT,71310.9,1.75552377,71372.8,71372.8,71298.5,71310.9
1770576300000,BTC-USDT,71400,1.45843031,71312.9,71400,71312.9,71400
1770576360000,BTC-USDT,71356.1,3.108116,71400,71412.6,71324.8,71356.1
1770576420000,BTC-USDT,71367.7,1.97710457,71349.7,71378.2,71318.2,71367.7
1770576480000,BTC-USDT,71317.1,16.72631734,71367.6,71419.7,71317.1,71317.1
1770576540000,BTC-USDT,71292.3,11.90641008,71315.8,71332.1,71264.8,71292.3
1770576600000,BTC-USDT,71223,11.46416062,71288,71323.9,71223,71223
1770576660000,BTC-USDT,71183,1.02959175,71221,71227.8,71165,71183
1770576720000,BTC-USDT,71210.4,2.4811088,71184.1,71212.3,71184,71210.4
1770576780000,BTC-USDT,71199.8,0.6702718,71210.5,71226.3,71198,71199.8
1770576840000,BTC-USDT,71196.6,0.51626519,71198,71198,71159.9,71196.6
1770576900000,BTC-USDT,71213.3,6.37324993,71196.6,71228.1,71162.8,71213.3
1770576960000,BTC-USDT,71239.8,3.65705371,71213.4,71272.5,71213.4,71239.8
1770577020000,BTC-USDT,71246.1,4.48258922,71238.1,71276.1,71238.1,71246.1
1770577080000,BTC-USDT,71192.5,3.40633996,71246.1,71248,71181.8,71192.5
1770577140000,BTC-USDT,71148.1,1.25310786,71192.5,71192.5,71145,71148.1
1770577200000,BTC-USDT,71228.1,1.2034052,71145,71250.6,71145,71228.1
1770577260000,BTC-USDT,71250.4,1.75526278,71228.1,71331.5,71225.5,71250.4
1770577320000,BTC-USDT,71277,1.65949517,71250.4,71319.7,71250.4,71277
1770577380000,BTC-USDT,71274.1,0.66165255,71285.6,71298,71264.5,71274.1
1770577440000,BTC-USDT,71223,12.34745903,71274.1,71307.8,71223,71223
1770577500000,BTC-USDT,71269.2,0.66861496,71220.1,71284,71220.1,71269.2
1770577560000,BTC-USDT,71275.7,0.35288399,71269.1,71289.3,71264.9,71275.7
1770577620000,BTC-USDT,71311.2,1.17142776,71275.6,71337.3,71267.1,71311.2
1770577680000,BTC-USDT,71312.9,1.40152802,71311.2,71322,71274.3,71312.9
1770577740000,BTC-USDT,71297.3,0.69999705,71304.1,71309.8,71279.9,71297.3
1770577800000,BTC-USDT,71228,1.79223731,71293.4,71293.4,71202.6,71228
1770577860000,BTC-USDT,71222.1,1.70227319,71228,71228.6,71202.6,71222.1
1770577920000,BTC-USDT,71227.2,1.95524132,71222,71227.2,71185.2,71227.2
1770577980000,BTC-USDT,71244.3,0.70715237,71227.3,71270.9,71227.2,71244.3
1770578040000,BTC-USDT,71299.8,0.86566436,71244.4,71336.5,71244.3,71299.8
1770578100000,BTC-USDT,71321,1.37049387,71299.1,71377.4,71299.1,71321
1770578160000,BTC-USDT,71306.4,3.81825234,71320.9,71322.5,71281.3,71306.4
1770578220000,BTC-USDT,71354.1,0.85078068,71306.4,71371.9,71306.4,71354.1
1770578280000,BTC-USDT,71242.1,7.93237977,71354,71369.6,71242.1,71242.1
1770578340000,BTC-USDT,71244.9,1.29009892,71241.9,71291.7,71241.9,71244.9
1770578400000,BTC-USDT,71299,1.08321157,71245,71309.9,71245,71299
1770578460000,BTC-USDT,71309,0.80738137,71295.3,71324.9,71286.9,71309
1770578520000,BTC-USDT,71246.6,0.7075231,71305,71305.1,71246.6,71246.6
1770578580000,BTC-USDT,71254.9,0.54205218,71246.7,71257,71206.5,71254.9
1770578640000,BTC-USDT,71240,1.11035886,71253.1,71253.1,71221.5,71240
1770578700000,BTC-USDT,71179.9,1.15023633,71240,71240,71179.8,71179.9
1770578760000,BTC-USDT,71197.4,1.10870886,71179.8,71209.9,71176.1,71197.4
1770578820000,BTC-USDT,71217.2,1.46776329,71197.4,71246.5,71197.4,71217.2
1770578880000,BTC-USDT,71237.9,0.91589538,71216.2,71240.7,71205.6,71237.9
1770578940000,BTC-USDT,71203.5,0.54642136,71237.9,71237.9,71203.5,71203.5
1770579000000,BTC-USDT,71249.4,2.31293268,71203.5,71258.4,71203.5,71249.4
1770579060000,BTC-USDT,71209.9,1.17231099,71249.4,71275.1,71197.2,71209.9
1770579120000,BTC-USDT,71172.9,0.98950791,71210,71210.5,71155,71172.9
1770579180000,BTC-USDT,71161,0.80874192,71173,71188.9,71148.1,71161
1770579240000,BTC-USDT,71163,0.80044372,71157.7,71178.4,71157.5,71163
1770579300000,BTC-USDT,71206.1,1.53858722,71166,71224.2,71166,71206.1
1770579360000,BTC-USDT,71212.1,0.61283615,71206,71231.4,71192.2,71212.1
1770579420000,BTC-USDT,71208.5,0.34534683,71212.2,71235,71191.3,71208.5
1770579480000,BTC-USDT,71286.4,1.49187993,71208.5,71289.9,71208.5,71286.4
1770579540000,BTC-USDT,71281.1,1.64143039,71286.4,71333.2,71258.4,71281.1
1770579600000,BTC-USDT,71337,0.57057341,71279.2,71337,71259.1,71337
1770579660000,BTC-USDT,71316.9,1.654405,71338,71342,71271.1,71316.9
1770579720000,BTC-USDT,71282,1.05623285,71304.9,71307.9,71274,71282
1770579780000,BTC-USDT,71284.7,1.20541986,71282,71306.1,71274,71284.7
1770579840000,BTC-USDT,71298.9,0.84337724,71284.7,71298.9,71281.5,71298.9
1770579900000,BTC-USDT,71313.2,2.19343101,71300,71343.3,71287.1,71313.2
1770579960000,BTC-USDT,71286.2,0.90086922,71313.2,71317.6,71286.2,71286.2
1770580020000,BTC-USDT,71264.6,0.76406874,71286.2,71299.1,71225.9,71264.6
1770580080000,BTC-USDT,71325.7,0.72569316,71267,71327.5,71256,71325.7
1770580140000,BTC-USDT,71321.8,1.31614009,71325.9,71350,71310.1,71321.8
1770580200000,BTC-USDT,71445.2,9.39619038,71321.3,71493,71313,71445.2
1770580260000,BTC-USDT,71486,1.66254964,71445.2,71492.9,71410.7,71486
1770580320000,BTC-USDT,71489.6,10.07680684,71482.1,71493,71439.9,71489.6
1770580380000,BTC-USDT,71462.1,0.80573498,71489.6,71489.6,71455.4,71462.1
1770580440000,BTC-USDT,71479,5.45623198,71464,71525.4,71463,71479
1770580500000,BTC-USDT,71522.4,1.43911819,71479,71522.4,71465.7,71522.4
1770580560000,BTC-USDT,71451.9,1.36251064,71522.4,71522.4,71447.5,71451.9
1770580620000,BTC-USDT,71419.5,1.77751568,71452,71452,71400.2,71419.5
1770580680000,BTC-USDT,71412.1,0.75564433,71419.6,71419.6,71403.6,71412.1
1770580740000,BTC-USDT,71421.2,9.57979955,71411,71433.4,71403.2,71421.2
1770580800000,BTC-USDT,71256.5,4.34002747,71423,71429.9,71256.4,71256.5
1770580860000,BTC-USDT,71238.2,2.42937919,71256.4,71288.3,71215.1,71238.2
1770580920000,BTC-USDT,71126.4,5.42831735,71238.1,71238.1,71110.5,71126.4
1770580980000,BTC-USDT,70930,10.92360698,71126.4,71126.4,70930,70930
1770581040000,BTC-USDT,71053.7,1.95153321,70930.1,71053.7,70930.1,71053.7
1770581100000,BTC-USDT,71088,2.70884961,71059,71088,71000,71088
1770581160000,BTC-USDT,70999,3.94020161,71088,71124.9,70967.5,70999
1770581220000,BTC-USDT,71045,1.98420882,70998.1,71061.9,70998.1,71045
1770581280000,BTC-USDT,71116,1.29456387,71044.9,71125,71044.9,71116
1770581340000,BTC-USDT,71068.3,6.64779606,71116.1,71126.9,71056,71068.3
1770581400000,BTC-USDT,71072.6,1.02946374,71068.3,71093.7,71057.4,71072.6
1770581460000,BTC-USDT,71070.2,1.41818099,71065.5,71110.6,71055.9,71070.2
1770581520000,BTC-USDT,71063.4,0.87201387,71070.3,71085.7,71054.4,71063.4
1770581580000,BTC-USDT,71078.3,7.35172931,71063.7,71089.6,71063.7,71078.3
1770581640000,BTC-USDT,71089,0.97685685,71078.4,71094.8,71078.3,71089
1770581700000,BTC-USDT,71086.4,1.97027597,71089.1,71119.9,71056,71086.4
1770581760000,BTC-USDT,71151.1,2.30824469,71081.8,71159.3,71066.1,71151.1
1770581820000,BTC-USDT,71176.2,2.5352538,71155,71199,71151.7,71176.2
1770581880000,BTC-USDT,71165.4,2.23619565,71175,71195.7,71092.2,71165.4
1770581940000,BTC-USDT,71182.8,2.03148916,71165.9,71196.1,71151,71182.8
1770582000000,BTC-USDT,71152.4,1.87964744,71180,71190,71150.6,71152.4
1770582060000,BTC-USDT,71164,0.83543461,71148.8,71166.9,71148.2,71164
1770582120000,BTC-USDT,71149.6,1.23619505,71156.9,71165,71144,71149.6
1770582180000,BTC-USDT,71118.4,0.80799769,71146.9,71156.4,71099.9,71118.4
1770582240000,BTC-USDT,71100.2,0.50533366,71120,71141.7,71100.2,71100.2
1770582300000,BTC-USDT,71051.9,2.20512622,71100.2,71102,71020.3,71051.9
1770582360000,BTC-USDT,71062.1,1.59300515,71047,71089.7,71020.3,71062.1
1770582420000,BTC-USDT,71003.6,3.01084666,71062.1,71062.1,70977.2,71003.6
1770582480000,BTC-USDT,70980.4,3.10836214,71003.6,71003.6,70947.4,70980.4
1770582540000,BTC-USDT,71033,2.01899596,70988,71037.6,70976,71033
1770582600000,BTC-USDT,71029.9,1.13681031,71033,71041.1,70998,71029.9
1770582660000,BTC-USDT,71029,1.01572687,71030,71060.6,71021.1,71029
1770582720000,BTC-USDT,71098,0.82842116,71025,71101.8,71019.8,71098
1770582780000,BTC-USDT,71121.9,0.76970846,71091.9,71122,71089,71121.9
1770582840000,BTC-USDT,71118.6,0.81815057,71122,71123.6,71110.1,71118.6
1770582900000,BTC-USDT,71111.6,1.34420595,71118.7,71148,71099.8,71111.6
1770582960000,BTC-USDT,71118,0.53590772,71116,71126.2,71095.1,71118
1770583020000,BTC-USDT,71118.1,1.74750245,71118,71157.9,71118,71118.1
1770583080000,BTC-USDT,71125,0.66577368,71119.9,71136.8,71119.9,71125
1770583140000,BTC-USDT,71118.9,0.57631522,71124.2,71124.3,71118.9,71118.9
1770583200000,BTC-USDT,71136.6,1.1555965,71118.8,71136.7,71085,71136.6
1770583260000,BTC-USDT,71172.9,0.77777205,71136.1,71177.4,71136.1,71172.9
1770583320000,BTC-USDT,71132.9,1.70728542,71172.9,71190,71132.8,71132.9
1770583380000,BTC-USDT,71143.1,1.2943129,71132.8,71154.6,71126.1,71143.1
1770583440000,BTC-USDT,71093,0.83131599,71143.1,71151.7,71093,71093
1770583500000,BTC-USDT,71087.9,1.647953,71093.1,71145,71066.3,71087.9
1770583560000,BTC-USDT,71095,0.98619142,71085.5,71109,71085.5,71095
1770583620000,BTC-USDT,70946.9,3.22056477,71095,71095,70941.1,70946.9
1770583680000,BTC-USDT,70909.7,6.12905356,70947.3,70947.3,70848.1,70909.7
1770583740000,BTC-USDT,70858.6,1.91417981,70904.7,70926.5,70858.5,70858.6
1770583800000,BTC-USDT,70869.3,1.51782156,70858.5,70890.3,70855.3,70869.3
1770583860000,BTC-USDT,70905.7,1.4626068,70869.8,70914.9,70863.2,70905.7
1770583920000,BTC-USDT,70906.9,1.46371707,70905.8,70933.5,70904,70906.9
1770583980000,BTC-USDT,70812,2.30589599,70906.9,70927.2,70804,70812
1770584040000,BTC-USDT,70714.1,6.78068482,70811.1,70844.1,70708.3,70714.1
1770584100000,BTC-USDT,70798.5,1.26972535,70720.1,70798.5,70710.1,70798.5
1770584160000,BTC-USDT,70798.7,2.51672698,70799,70813.8,70754,70798.7
1770584220000,BTC-USDT,70815,0.80007364,70812,70837.7,70803,70815
1770584280000,BTC-USDT,70840.9,1.51481421,70815,70841.6,70815,70840.9
1770584340000,BTC-USDT,70846.1,0.49441092,70841,70852,70839,70846.1
1770584400000,BTC-USDT,70770.6,2.40467193,70846.2,70857.6,70739.1,70770.6
1770584460000,BTC-USDT,70842.8,2.9802192,70770.6,70843.2,70761,70842.8
1770584520000,BTC-USDT,70886,1.98169269,70842.8,70886.1,70842.8,70886
1770584580000,BTC-USDT,70875.3,10.39352153,70886.1,70930,70860.5,70875.3
1770584640000,BTC-USDT,70896.1,2.13395411,70878.3,70941.5,70867.1,70896.1
1770584700000,BTC-USDT,70887.4,0.95224305,70891.9,70895.5,70866.6,70887.4
1770584760000,BTC-USDT,70951.9,1.58810124,70889.1,70958,70889.1,70951.9
1770584820000,BTC-USDT,70949.6,1.38551073,70951.9,70961.5,70924.4,70949.6
1770584880000,BTC-USDT,70944.1,2.68179021,70946,70958.1,70924,70944.1
1770584940000,BTC-USDT,70967.6,0.61650125,70944,70969.4,70931.7,70967.6
1770585000000,BTC-USDT,70930.9,0.87909702,70967.7,70967.7,70929.4,70930.9
1770585060000,BTC-USDT,70957.3,1.42261285,70931,70957.4,70931,70957.3
1770585120000,BTC-USDT,71001.9,1.8882457,70957.4,71014.3,70957.4,71001.9
1770585180000,BTC-USDT,71033.1,2.27336462,71003,71066.6,70998,71033.1
1770585240000,BTC-USDT,71021,0.37754296,71033,71043.3,71021,71021
1770585300000,BTC-USDT,71006.1,1.6940421,71019.8,71043.9,71005.9,71006.1
1770585360000,BTC-USDT,71004,1.84032364,71006,71014.1,70994,71004
1770585420000,BTC-USDT,71029.5,0.73785098,71004.1,71029.5,71001.1,71029.5
1770585480000,BTC-USDT,71044,2.76655755,71029.6,71066.5,71025.4,71044
1770585540000,BTC-USDT,71045.7,0.20264152,71044.1,71053,71043,71045.7
1770585600000,BTC-USDT,70986,1.18367614,71043.1,71043.1,70968,70986
1770585660000,BTC-USDT,71047.3,3.06651571,70985.5,71055,70963.1,71047.3
1770585720000,BTC-USDT,71102.7,4.25773994,71047.3,71120.4,71038.1,71102.7
1770585780000,BTC-USDT,71092.5,2.35566026,71102.7,71136.5,71081.7,71092.5
1770585840000,BTC-USDT,71092,1.7206384,71092.6,71106.3,71053.5,71092
1770585900000,BTC-USDT,71025.9,4.61041142,71090.1,71099.1,71018.1,71025.9
1770585960000,BTC-USDT,70976.5,0.76643514,71018.1,71025.9,70976.5,70976.5
1770586020000,BTC-USDT,71001.1,1.26033118,70976,71014.4,70950.5,71001.1
1770586080000,BTC-USDT,70990.5,0.94656141,71001.1,71009.9,70986,70990.5
1770586140000,BTC-USDT,70976,1.11425292,70990.5,71021,70971.1,70976
1770586200000,BTC-USDT,71002.1,0.54104028,70975.1,71016,70975.1,71002.1
1770586260000,BTC-USDT,70899.1,1.50633901,71002.1,71002.1,70871.1,70899.1
1770586320000,BTC-USDT,70871.9,1.0426358,70892.9,70892.9,70856,70871.9
1770586380000,BTC-USDT,70834.9,1.31582204,70872.3,70894,70830.2,70834.9
1770586440000,BTC-USDT,70870.1,5.47702112,70834.9,70884.5,70834.9,70870.1
1770586500000,BTC-USDT,70759.4,2.43431249,70870,70870,70734,70759.4
1770586560000,BTC-USDT,70741.6,0.81175265,70756.6,70782.9,70734.1,70741.6
1770586620000,BTC-USDT,70715,2.61379972,70740.3,70762.2,70704.1,70715
1770586680000,BTC-USDT,70675.9,4.88057161,70717.4,70743.3,70641,70675.9
1770586740000,BTC-USDT,70734.1,1.70404557,70677.6,70745.5,70666,70734.1
1770586800000,BTC-USDT,70751.8,2.54252638,70734,70799.9,70733.2,70751.8
1770586860000,BTC-USDT,70777.4,3.23573026,70751.8,70813.3,70751.7,70777.4
1770586920000,BTC-USDT,70744.3,1.06759826,70777.3,70785.2,70744.3,70744.3
1770586980000,BTC-USDT,70800,1.61898579,70744.3,70800,70744.3,70800
1770587040000,BTC-USDT,70769,0.74715112,70800,70808.8,70764.5,70769
1770587100000,BTC-USDT,70785.1,0.9383417,70773,70818.9,70771.3,70785.1
1770587160000,BTC-USDT,70806.1,0.80790051,70785,70807.9,70784.3,70806.1
1770587220000,BTC-USDT,70829.9,2.50948613,70806.1,70840.1,70791.1,70829.9
1770587280000,BTC-USDT,70878,2.7308417,70835.2,70892,70834.5,70878
1770587340000,BTC-USDT,70754.2,1.35275575,70882,70882,70754,70754.2
1770587400000,BTC-USDT,70677.6,1.71338861,70748.1,70748.1,70650.2,70677.6
1770587460000,BTC-USDT,70563.1,8.02382293,70671.9,70680.2,70554.6,70563.1
1770587520000,BTC-USDT,70587.9,2.01346232,70561.4,70605.2,70550.6,70587.9
1770587580000,BTC-USDT,70631.6,2.19861066,70587.9,70647.6,70556.5,70631.6
1770587640000,BTC-USDT,70657,0.98956074,70624.4,70672.8,70615.2,70657
1770587700000,BTC-USDT,70644.2,1.51501612,70655,70679.8,70635.3,70644.2
1770587760000,BTC-USDT,70651,0.59820787,70644.2,70652.9,70628,70651
1770587820000,BTC-USDT,70635.9,2.74673823,70651.1,70691.9,70612.1,70635.9
1770587880000,BTC-USDT,70721.5,1.92941121,70636,70723.4,70636,70721.5
1770587940000,BTC-USDT,70705.9,0.99966515,70721.6,70743.1,70705.9,70705.9
1770588000000,BTC-USDT,70746.2,3.85323551,70705.2,70754.4,70705.2,70746.2
1770588060000,BTC-USDT,70705.4,1.23951649,70747.2,70753.8,70702.2,70705.4
1770588120000,BTC-USDT,70735,2.03224619,70705.3,70767.5,70700.5,70735
1770588180000,BTC-USDT,70748.1,1.09230326,70741.9,70762.9,70740.1,70748.1
1770588240000,BTC-USDT,70773,0.40279964,70748.1,70773,70747.1,70773
1770588300000,BTC-USDT,70805,2.52024777,70774,70823.7,70774,70805
1770588360000,BTC-USDT,70807.1,0.53353667,70803.6,70811.9,70796.7,70807.1
1770588420000,BTC-USDT,70837,2.85381322,70807.2,70859.9,70801.1,70837
1770588480000,BTC-USDT,70799.1,2.20523495,70837,70837,70784.7,70799.1
1770588540000,BTC-USDT,70734.9,0.64365168,70799.9,70800,70728.4,70734.9
1770588600000,BTC-USDT,70739.9,2.40907093,70735,70764.9,70730.2,70739.9
1770588660000,BTC-USDT,70757,1.85934626,70739.9,70757,70739.9,70757
1770588720000,BTC-USDT,70813.9,2.42315396,70757.2,70814,70751,70813.9
1770588780000,BTC-USDT,70802.6,3.99629636,70814,70859.4,70789.1,70802.6
1770588840000,BTC-USDT,70842.4,1.66856881,70806.4,70851.6,70806.4,70842.4
1770588900000,BTC-USDT,70832.1,1.73525037,70842.4,70859.9,70807.1,70832.1
1770588960000,BTC-USDT,70845.8,1.60556802,70831.1,70855.7,70831,70845.8
1770589020000,BTC-USDT,70856,0.9495092,70845.8,70857.8,70792.2,70856
1770589080000,BTC-USDT,70924,2.5214351,70854.7,70961.7,70845.7,70924
1770589140000,BTC-USDT,70918,0.83526493,70922.2,70947.9,70905.4,70918
1770589200000,BTC-USDT,70944.1,2.0541575,70917.8,70982.9,70907.7,70944.1
1770589260000,BTC-USDT,70925.8,0.92329325,70944.1,70949.9,70922.2,70925.8
1770589320000,BTC-USDT,70898.8,3.12166867,70925.7,70937,70861.2,70898.8
1770589380000,BTC-USDT,70931.9,0.96304158,70898.7,70931.9,70892.5,70931.9
1770589440000,BTC-USDT,70927.9,1.03824129,70932.3,70968.6,70923,70927.9
1770589500000,BTC-USDT,70893,1.98356325,70928,70959.9,70881.8,70893
1770589560000,BTC-USDT,70912.5,1.21571794,70892.9,70914.9,70892.9,70912.5
1770589620000,BTC-USDT,70890.5,0.69534377,70912.5,70927.6,70890.5,70890.5
1770589680000,BTC-USDT,70851.2,1.9310239,70890.4,70890.4,70841.1,70851.2
1770589740000,BTC-USDT,70859,0.56500308,70849,70864,70847.2,70859
1770589800000,BTC-USDT,70786.9,1.51739316,70859.1,70859.5,70753,70786.9
1770589860000,BTC-USDT,70773.2,1.09260621,70787,70787,70757.1,70773.2
1770589920000,BTC-USDT,70777,1.67826388,70770.9,70788,70753.1,70777
1770589980000,BTC-USDT,70762.1,0.61373121,70777.8,70780,70759.9,70762.1
1770590040000,BTC-USDT,70777.6,0.66682723,70762.2,70782.7,70762.2,70777.6
1770590100000,BTC-USDT,70819.2,0.97670265,70777.6,70819.2,70773.9,70819.2
1770590160000,BTC-USDT,70744.2,2.15029576,70819.2,70821.5,70732.6,70744.2
1770590220000,BTC-USDT,70731.6,0.22035934,70746.4,70746.4,70731.6,70731.6
1770590280000,BTC-USDT,70690.1,3.80179978,70731.6,70731.6,70660.7,70690.1
1770590340000,BTC-USDT,70774.3,1.04532357,70690,70774.3,70683.1,70774.3
1770590400000,BTC-USDT,70812.5,1.46296309,70774.4,70839.9,70768.7,70812.5
1770590460000,BTC-USDT,70879.3,0.4521355,70812.5,70879.3,70812.5,70879.3
1770590520000,BTC-USDT,70895.4,1.27670946,70879.4,70905.2,70843.4,70895.4
1770590580000,BTC-USDT,70962.1,1.1582196,70893.7,70962.1,70865.3,70962.1
1770590640000,BTC-USDT,70918.8,0.57351294,70961.1,70982.5,70918.8,70918.8
1770590700000,BTC-USDT,70924.6,0.63250811,70918.7,70957.9,70912.5,70924.6
1770590760000,BTC-USDT,70917.1,0.40789025,70925.5,70939.9,70906.9,70917.1
1770590820000,BTC-USDT,70991,1.24861615,70917.1,70993.5,70917.1,70991
1770590880000,BTC-USDT,70959.9,1.13083618,70993.5,70996.3,70959.9,70959.9
1770590940000,BTC-USDT,70967.8,0.47014159,70958.9,70983.8,70948.8,70967.8
1770591000000,BTC-USDT,70959.9,1.03268997,70975,70996,70932,70959.9
1770591060000,BTC-USDT,70916.4,8.04619246,70961.4,70988.7,70883.4,70916.4
1770591120000,BTC-USDT,70861.7,2.04069682,70916.4,70916.4,70850,70861.7
1770591180000,BTC-USDT,70867.3,0.94204757,70859.2,70874.4,70839.2,70867.3
1770591240000,BTC-USDT,70878.9,0.54152163,70867.4,70884.2,70857.9,70878.9
1770591300000,BTC-USDT,70917.6,1.52161532,70878.8,70917.6,70863,70917.6
1770591360000,BTC-USDT,70997.7,2.99348419,70917.6,71009.3,70917.6,70997.7
1770591420000,BTC-USDT,71008,0.59632516,71001.1,71011,70979.2,71008
1770591480000,BTC-USDT,71073.4,6.91574959,71007,71103.6,71001.2,71073.4
1770591540000,BTC-USDT,71073.7,3.02856548,71073.5,71096.7,71017.1,71073.7
1770591600000,BTC-USDT,71150.7,7.61378393,71062.4,71263.5,71044.8,71150.7
1770591660000,BTC-USDT,71140,2.53021339,71150.6,71164.3,71099.8,71140
1770591720000,BTC-USDT,71121.7,0.99113937,71139.8,71140.1,71069.7,71121.7
1770591780000,BTC-USDT,71397.1,15.82501858,71121.7,71397.1,71094.1,71397.1
1770591840000,BTC-USDT,71404,12.06368529,71397.2,71499.9,71364.9,71404
1770591900000,BTC-USDT,71946.2,195.861172,71403.9,72029.2,71370.6,71946.2
1770591960000,BTC-USDT,72119.1,61.33203101,71946.3,72288,71902.4,72119.1
1770592020000,BTC-USDT,72191.9,36.85937578,72119.1,72280.2,71961.6,72191.9
1770592080000,BTC-USDT,71922.9,18.4174429,72192.1,72192.1,71900,71922.9
1770592140000,BTC-USDT,71926.8,20.94426186,71919.2,72019.7,71896,71926.8
1770592200000,BTC-USDT,71538.3,18.613255,71928.9,71929,71457.2,71538.3
1770592260000,BTC-USDT,71528.2,16.78423956,71548.5,71586.6,71417.8,71528.2
1770592320000,BTC-USDT,71299.3,21.37564134,71528.3,71574.9,71209.4,71299.3
1770592380000,BTC-USDT,71449.8,19.60205849,71319.8,71449.8,71255.7,71449.8
1770592440000,BTC-USDT,71363.1,10.12212605,71449.9,71509.9,71300,71363.1
1770592500000,BTC-USDT,71416.2,7.63985627,71363.1,71511.3,71280.1,71416.2
1770592560000,BTC-USDT,71386.6,13.14044977,71412.7,71429,71276.2,71386.6
1770592620000,BTC-USDT,71352.9,24.38955483,71379.9,71416.1,71250,71352.9
1770592680000,BTC-USDT,71342.1,4.03497243,71357.7,71439,71311.6,71342.1
1770592740000,BTC-USDT,71242,6.48695267,71346.1,71346.1,71220,71242
1770592800000,BTC-USDT,71375.1,2.92205551,71245.9,71413,71216.6,71375.1
1770592860000,BTC-USDT,71307.4,4.42297495,71380,71388.4,71292.8,71307.4
1770592920000,BTC-USDT,71133.4,4.8281077,71314.2,71314.2,71133.4,71133.4
1770592980000,BTC-USDT,70814.5,87.94897875,71133.4,71133.4,70641,70814.5
1770593040000,BTC-USDT,70364.1,80.57519739,70814.5,70871.1,70313.3,70364.1
1770593100000,BTC-USDT,70674.9,20.62172611,70364,70675.2,70334,70674.9
1770593160000,BTC-USDT,70632.9,11.69167949,70675.2,70678.7,70586.5,70632.9
1770593220000,BTC-USDT,70569.9,7.84208446,70635,70692.8,70553.4,70569.9
1770593280000,BTC-USDT,70572,2.93974968,70567,70591.7,70540.1,70572
1770593340000,BTC-USDT,70515.9,6.63887167,70575,70625.1,70515.9,70515.9
1770593400000,BTC-USDT,70270.1,39.189291,70514.8,70518.6,70123,70270.1
1770593460000,BTC-USDT,70339.6,7.7589825,70275.3,70426.5,70238.1,70339.6
1770593520000,BTC-USDT,70296,4.10785022,70339.9,70408.1,70234.1,70296
1770593580000,BTC-USDT,70430.3,12.49724464,70289.4,70488.1,70250.5,70430.3
1770593640000,BTC-USDT,70158.1,7.88943387,70439,70445.8,70152.5,70158.1
1770593700000,BTC-USDT,70251.2,7.27843736,70163.1,70394.1,70156.1,70251.2
1770593760000,BTC-USDT,70249.7,5.46526381,70250,70376.1,70238.1,70249.7
1770593820000,BTC-USDT,70040,30.96574834,70256.4,70287.6,70000,70040
1770593880000,BTC-USDT,70183,14.13743757,70039.9,70248.2,70037.9,70183
1770593940000,BTC-USDT,70167.9,3.988896,70193.8,70249.9,70104,70167.9
1770594000000,BTC-USDT,70091.2,6.01155785,70167.9,70211.8,70036.1,70091.2
1770594060000,BTC-USDT,70198.5,4.33937831,70091.3,70249.5,70091.3,70198.5
1770594120000,BTC-USDT,70381.8,63.71288057,70205,70427.2,70130,70381.8
1770594180000,BTC-USDT,70332.1,18.94121157,70385.3,70479.3,70328.1,70332.1
1770594240000,BTC-USDT,70470,4.20548598,70332.1,70488.2,70332.1,70470
1770594300000,BTC-USDT,70631,6.41036002,70469.9,70638.7,70431,70631
1770594360000,BTC-USDT,70667.3,3.42757906,70625.1,70667.3,70529.7,70667.3
1770594420000,BTC-USDT,70485,9.05469753,70667.6,70689,70476.7,70485
1770594480000,BTC-USDT,70530.9,2.3745114,70486,70536,70460.1,70530.9
1770594540000,BTC-USDT,70732.1,7.26342574,70531,70742,70531,70732.1
1770594600000,BTC-USDT,70689,16.1986542,70722.4,70828.2,70616.3,70689
1770594660000,BTC-USDT,70671,4.43460661,70688.9,70780.2,70667.2,70671
1770594720000,BTC-USDT,70666.2,3.55651249,70670,70699.7,70547.6,70666.2
1770594780000,BTC-USDT,70552.2,5.16598818,70673.7,70673.7,70551.3,70552.2
1770594840000,BTC-USDT,70561.9,8.27946824,70551.5,70616.7,70516.8,70561.9
1770594900000,BTC-USDT,70509.5,4.37192664,70561.9,70579.7,70501.2,70509.5
1770594960000,BTC-USDT,70317.7,52.0050745,70509.5,70537.6,70317.7,70317.7
1770595020000,BTC-USDT,70370.7,3.50801565,70317.7,70394.7,70306.5,70370.7
1770595080000,BTC-USDT,70300.1,3.71669217,70374.8,70376.9,70258.7,70300.1
1770595140000,BTC-USDT,70334,5.12449815,70300,70380,70291.6,70334
1770595200000,BTC-USDT,70364.4,17.02177575,70332.8,70428.7,70239.8,70364.4
1770595260000,BTC-USDT,70429.3,11.26764058,70364.5,70570.2,70340.3,70429.3
1770595320000,BTC-USDT,70440,7.62877338,70443.3,70493.2,70380,70440
1770595380000,BTC-USDT,70351.2,8.07138252,70442.1,70472.4,70333.3,70351.2
1770595440000,BTC-USDT,70427.5,8.53528503,70350.1,70467.9,70350.1,70427.5
1770595500000,BTC-USDT,70633.3,6.93071103,70427.9,70639.4,70400,70633.3
1770595560000,BTC-USDT,70561,11.75272564,70628.2,70633.3,70529.4,70561
1770595620000,BTC-USDT,70427.1,3.14858586,70561.1,70592.8,70427.1,70427.1
1770595680000,BTC-USDT,70458.7,4.27367227,70432.9,70529.7,70400.1,70458.7
1770595740000,BTC-USDT,70539.3,4.02688751,70455.1,70571.8,70455.1,70539.3
1770595800000,BTC-USDT,70447.6,3.26092247,70528.4,70552.3,70447.6,70447.6
1770595860000,BTC-USDT,70469,2.07694226,70446.9,70529.5,70446.9,70469
1770595920000,BTC-USDT,70554.8,3.02879834,70469,70557.5,70400.3,70554.8
1770595980000,BTC-USDT,70600,2.38537193,70557.5,70632.9,70540,70600
1770596040000,BTC-USDT,70613.4,2.13271798,70599.9,70619.9,70533,70613.4
1770596100000,BTC-USDT,70564.2,3.0893045,70608.3,70647.7,70540,70564.2
1770596160000,BTC-USDT,70440,3.39662338,70568.7,70594.7,70427.1,70440
1770596220000,BTC-USDT,70431.3,5.30895827,70427.1,70478.5,70360,70431.3
1770596280000,BTC-USDT,70526.4,2.52859027,70447.9,70539.9,70447.9,70526.4
1770596340000,BTC-USDT,70557,2.22165862,70527.5,70610.4,70527.5,70557
1770596400000,BTC-USDT,70658.6,2.40317126,70554.3,70660.3,70554.3,70658.6
1770596460000,BTC-USDT,70617.5,2.93444482,70655.8,70708.3,70607.6,70617.5
1770596520000,BTC-USDT,70620.4,2.59485606,70617.4,70708,70609.3,70620.4
1770596580000,BTC-USDT,70646.7,1.13134077,70620,70658.1,70615.6,70646.7
1770596640000,BTC-USDT,70726.7,17.31943328,70646.7,70756.8,70620.3,70726.7
1770596700000,BTC-USDT,70774.2,8.84855645,70726.4,70784.1,70714.1,70774.2
1770596760000,BTC-USDT,70618.5,1.79026395,70774.3,70782.7,70600,70618.5
1770596820000,BTC-USDT,70564.3,7.51993678,70614.6,70614.6,70489.7,70564.3
1770596880000,BTC-USDT,70496.7,1.22746088,70564.4,70574,70492,70496.7
1770596940000,BTC-USDT,70482.4,4.09296069,70496.7,70499.4,70450.1,70482.4
1770597000000,BTC-USDT,70500,3.22967534,70482.4,70532,70482.4,70500
1770597060000,BTC-USDT,70500.2,5.94006347,70499.9,70500.2,70374.5,70500.2
1770597120000,BTC-USDT,70486.9,2.47789759,70502.6,70564.9,70486.8,70486.9
1770597180000,BTC-USDT,70580.2,5.49769113,70486.8,70581,70486.8,70580.2
1770597240000,BTC-USDT,70609.2,5.02008228,70583.4,70612,70571.6,70609.2
1770597300000,BTC-USDT,70531.9,1.17706341,70610.7,70621.8,70515.7,70531.9
1770597360000,BTC-USDT,70468.5,0.81112943,70539.8,70539.9,70468.5,70468.5
1770597420000,BTC-USDT,70393.6,6.13460586,70468.3,70488.5,70386.4,70393.6
1770597480000,BTC-USDT,70399.7,1.99449705,70400.2,70448.7,70381.1,70399.7
1770597540000,BTC-USDT,70418.7,1.80357637,70401.1,70449.8,70395.3,70418.7
1770597600000,BTC-USDT,70196.5,7.47367596,70418.8,70419,70196.5,70196.5
1770597660000,BTC-USDT,70336.1,7.14380055,70196.5,70338.5,70151.5,70336.1
1770597720000,BTC-USDT,70219.8,2.16962252,70336.1,70338.2,70210.1,70219.8
1770597780000,BTC-USDT,70247.9,17.44882313,70212.7,70286.8,70150,70247.9
1770597840000,BTC-USDT,70281,3.09910879,70248.1,70283.9,70206.1,70281
1770597900000,BTC-USDT,70192.3,9.74090288,70273,70295.4,70114,70192.3
1770597960000,BTC-USDT,70341.3,5.24984794,70198.6,70363.5,70176.3,70341.3
1770598020000,BTC-USDT,70299.1,1.51895538,70341.2,70389.3,70277.4,70299.1
1770598080000,BTC-USDT,70399.6,1.99074287,70299.9,70425,70299.9,70399.6
1770598140000,BTC-USDT,70483.9,1.39514658,70397.7,70493.4,70370.5,70483.9
1770598200000,BTC-USDT,70444.6,1.3898682,70480,70497.9,70444.5,70444.6
1770598260000,BTC-USDT,70452.1,1.93692565,70444.5,70459.8,70391.1,70452.1
1770598320000,BTC-USDT,70516.6,3.09721941,70456,70532.7,70456,70516.6
1770598380000,BTC-USDT,70407.3,1.12005963,70500,70513.7,70400.3,70407.3
1770598440000,BTC-USDT,70400.6,1.08903391,70404.3,70419.1,70343.5,70400.6
1770598500000,BTC-USDT,70459.8,0.82792422,70404.4,70459.8,70402.3,70459.8
1770598560000,BTC-USDT,70473.8,2.6122664,70455.3,70473.8,70393.3,70473.8
1770598620000,BTC-USDT,70479.9,3.77016106,70477.6,70538.3,70477.5,70479.9
1770598680000,BTC-USDT,70520.7,2.17428299,70479.9,70526,70461.2,70520.7
1770598740000,BTC-USDT,70500,1.1327131,70520.5,70538.5,70500,70500
1770598800000,BTC-USDT,70503.4,2.23962699,70499.9,70517.2,70433.1,70503.4
1770598860000,BTC-USDT,70571.9,7.54099495,70491.8,70606.5,70467.6,70571.9
1770598920000,BTC-USDT,70636.6,9.22940412,70580.9,70676.2,70579.3,70636.6
1770598980000,BTC-USDT,70500.5,5.97540607,70636.7,70645.3,70384.9,70500.5
1770599040000,BTC-USDT,70489.5,1.66502897,70493.5,70578.8,70483.7,70489.5
1770599100000,BTC-USDT,70321.9,6.84435984,70489.5,70489.5,70321.9,70321.9
1770599160000,BTC-USDT,70334.3,1.4926209,70324.1,70344.3,70297.1,70334.3
1770599220000,BTC-USDT,70337.4,1.60769748,70334.3,70387.7,70322.1,70337.4
1770599280000,BTC-USDT,70398.8,9.2651381,70337.5,70457.7,70319,70398.8
1770599340000,BTC-USDT,70462.4,1.00489266,70399.8,70474.7,70380.7,70462.4
1770599400000,BTC-USDT,70420.4,1.02863161,70462.4,70471.6,70420.4,70420.4
1770599460000,BTC-USDT,70404.7,1.01554706,70420,70450.2,70381.3,70404.7
1770599520000,BTC-USDT,70409.1,1.09640919,70402.3,70423.9,70376.8,70409.1
1770599580000,BTC-USDT,70364.2,1.73799954,70421.5,70439.8,70364.2,70364.2
1770599640000,BTC-USDT,70419.8,1.76279425,70363.1,70419.8,70354.6,70419.8
1770599700000,BTC-USDT,70333.5,1.52459419,70419.3,70450.7,70329.7,70333.5
1770599760000,BTC-USDT,70417.4,1.93464351,70334.8,70434.8,70291.6,70417.4
1770599820000,BTC-USDT,70533.5,1.69822547,70419.7,70533.5,70419.7,70533.5
1770599880000,BTC-USDT,70541.8,5.62794931,70534.4,70614.2,70506.1,70541.8
1770599940000,BTC-USDT,70612.6,0.68964829,70541.8,70612.7,70518.9,70612.6
1770600000000,BTC-USDT,70608.8,2.52234658,70612.7,70660.2,70585.9,70608.8
1770600060000,BTC-USDT,70690.1,2.51769583,70607.4,70693.4,70586.1,70690.1
1770600120000,BTC-USDT,70832.7,26.1277963,70690.1,70917.7,70690.1,70832.7
1770600180000,BTC-USDT,70773.9,14.92372945,70825.5,70893.3,70773.9,70773.9
1770600240000,BTC-USDT,70886.7,2.62873091,70773.8,70918.2,70708.3,70886.7
1770600300000,BTC-USDT,70844.1,5.23344302,70895.8,70922.7,70788.8,70844.1
1770600360000,BTC-USDT,70816.9,4.09990671,70849,70921.3,70800.1,70816.9
1770600420000,BTC-USDT,70820.1,0.61896345,70811,70856.8,70768.6,70820.1
1770600480000,BTC-USDT,70784.9,0.92461688,70825.1,70859.8,70742.4,70784.9
1770600540000,BTC-USDT,70725.6,1.40211391,70784.9,70784.9,70693.6,70725.6
1770600600000,BTC-USDT,70739.8,2.86705859,70725.7,70784.7,70706.5,70739.8
1770600660000,BTC-USDT,70774.6,1.40784022,70739.9,70785,70725.7,70774.6
1770600720000,BTC-USDT,70782.3,3.38969679,70773.6,70802.9,70745.5,70782.3
1770600780000,BTC-USDT,70757.5,1.19761891,70782.4,70791.6,70703.1,70757.5
1770600840000,BTC-USDT,70715,6.62397048,70757.5,70778.7,70693.5,70715
1770600900000,BTC-USDT,70619.9,2.79464561,70715,70725.6,70568.4,70619.9
1770600960000,BTC-USDT,70557.2,1.43063117,70626.8,70626.8,70528,70557.2
1770601020000,BTC-USDT,70499.9,2.28634751,70557.3,70590,70452,70499.9
1770601080000,BTC-USDT,70498.9,2.72381548,70505.1,70508.7,70445.9,70498.9
1770601140000,BTC-USDT,70494,1.45326521,70499,70508.8,70464.6,70494
1770601200000,BTC-USDT,70439.9,6.19193486,70494.2,70500.6,70380,70439.9
1770601260000,BTC-USDT,70270.2,16.00537528,70437.5,70437.5,70268.7,70270.2
1770601320000,BTC-USDT,70193.1,24.03324014,70276.7,70276.7,70062.8,70193.1
1770601380000,BTC-USDT,70222,5.13928393,70193.2,70254.7,70142.9,70222
1770601440000,BTC-USDT,70254.3,2.59596107,70219.7,70266.1,70199.9,70254.3
1770601500000,BTC-USDT,70240.2,11.68384522,70251.8,70285.3,70226,70240.2
1770601560000,BTC-USDT,70111.3,6.64843225,70238.7,70254,70111.2,70111.3
1770601620000,BTC-USDT,70302.7,7.1308707,70111.3,70333.2,70091,70302.7
1770601680000,BTC-USDT,70101.7,3.26863937,70300,70306,70083.3,70101.7
1770601740000,BTC-USDT,70082.3,5.37561175,70095.1,70171.2,70082.3,70082.3
1770601800000,BTC-USDT,70313.5,38.2092981,70082.3,70350,70072.1,70313.5
1770601860000,BTC-USDT,70356.3,9.91975756,70313.5,70407.9,70299.9,70356.3
1770601920000,BTC-USDT,70418.9,3.17851241,70356.3,70439.9,70356.3,70418.9
1770601980000,BTC-USDT,70398.8,4.58175328,70419.9,70512.8,70388.1,70398.8
1770602040000,BTC-USDT,70364.3,1.71297849,70391.5,70404.9,70352.5,70364.3
1770602100000,BTC-USDT,70414.2,2.46263849,70364.2,70419.8,70354.3,70414.2
1770602160000,BTC-USDT,70394.7,2.84164389,70414.2,70443.6,70380,70394.7
1770602220000,BTC-USDT,70340.7,2.65221503,70394.6,70394.6,70302.2,70340.7
1770602280000,BTC-USDT,70376.2,2.71004357,70340.7,70403,70340.7,70376.2
1770602340000,BTC-USDT,70367,0.81194924,70379.3,70395.4,70349,70367
1770602400000,BTC-USDT,70317.9,4.38735194,70367,70395,70291.6,70317.9
1770602460000,BTC-USDT,70289.7,4.2126904,70312.9,70334.9,70231.7,70289.7
1770602520000,BTC-USDT,70231.8,3.10757515,70289.6,70317.8,70222.3,70231.8
1770602580000,BTC-USDT,70287.1,2.55424217,70231.8,70315.5,70215.1,70287.1
1770602640000,BTC-USDT,70354.8,5.32335993,70295.6,70366.9,70281.4,70354.8
1770602700000,BTC-USDT,70316.3,4.20136283,70354.8,70408.2,70255,70316.3
1770602760000,BTC-USDT,70290,5.4483901,70316.4,70339,70212.3,70290
1770602820000,BTC-USDT,70334.9,4.39108823,70290.1,70338.5,70253.3,70334.9
1770602880000,BTC-USDT,70489.4,6.67475723,70335,70502.7,70332.2,70489.4
1770602940000,BTC-USDT,70391.7,5.53962113,70489.5,70512.7,70384.3,70391.7
1770603000000,BTC-USDT,70459,4.97205261,70393,70467.9,70385.1,70459
1770603060000,BTC-USDT,70452.1,1.62456509,70451.2,70479.9,70418.7,70452.1
1770603120000,BTC-USDT,70376.2,1.30224475,70448.9,70448.9,70370.8,70376.2
1770603180000,BTC-USDT,70393.9,1.94675829,70374.5,70395.4,70353.8,70393.9
1770603240000,BTC-USDT,70334,3.69581127,70395.9,70400.8,70330.6,70334
1770603300000,BTC-USDT,70364.6,1.58270436,70333.9,70364.6,70292,70364.6
1770603360000,BTC-USDT,70363,2.17793579,70366.2,70393.5,70340,70363
1770603420000,BTC-USDT,70438.1,2.13646704,70362.9,70448,70362.9,70438.1
1770603480000,BTC-USDT,70381.5,2.9819897,70433.3,70458.9,70378.8,70381.5
1770603540000,BTC-USDT,70398.9,5.26584864,70381.5,70445.9,70377.2,70398.9
1770603600000,BTC-USDT,70444.7,2.80243462,70403,70452.3,70395.9,70444.7
1770603660000,BTC-USDT,70433,2.29377361,70440.6,70449.9,70399.1,70433
1770603720000,BTC-USDT,70421.8,2.52149114,70434.5,70474,70420.3,70421.8
1770603780000,BTC-USDT,70442.9,3.86300115,70421.9,70444.3,70360,70442.9
1770603840000,BTC-USDT,70444.2,2.4542886,70443,70499.9,70429.2,70444.2
1770603900000,BTC-USDT,70474.7,4.85048832,70439.2,70488.3,70416,70474.7
1770603960000,BTC-USDT,70447.9,2.51448285,70474.8,70486,70400.1,70447.9
1770604020000,BTC-USDT,70427,1.11457189,70443,70463.9,70422.1,70427
1770604080000,BTC-USDT,70444.9,1.71409218,70428.3,70467,70382.2,70444.9
1770604140000,BTC-USDT,70466.9,0.85561609,70444.9,70478.1,70444.9,70466.9
1770604200000,BTC-USDT,70544.8,4.55175751,70460.5,70544.8,70446.1,70544.8
1770604260000,BTC-USDT,70512.7,2.40230641,70545.2,70579,70512.7,70512.7
1770604320000,BTC-USDT,70546,1.09599134,70522.1,70553.7,70508.7,70546
1770604380000,BTC-USDT,70473.8,3.84664934,70546.2,70556.4,70446.2,70473.8
1770604440000,BTC-USDT,70473.7,1.03271249,70473.9,70504.5,70456.1,70473.7
1770604500000,BTC-USDT,70518.9,1.32448165,70466.5,70524.7,70456,70518.9
1770604560000,BTC-USDT,70566.5,2.97504832,70518.2,70599.2,70518.2,70566.5
1770604620000,BTC-USDT,70610.1,1.22450172,70567,70610.5,70567,70610.1
1770604680000,BTC-USDT,70585,11.27122278,70610.1,70631,70547,70585
1770604740000,BTC-USDT,70666.2,26.48446464,70585,70717.7,70572.2,70666.2
1770604800000,BTC-USDT,70760.1,2.75522931,70666.3,70778.7,70647.7,70760.1
1770604860000,BTC-USDT,70907.1,20.11422357,70760.1,70970.6,70760.1,70907.1
1770604920000,BTC-USDT,70887.2,10.88002395,70905.8,71000.6,70885.9,70887.2
1770604980000,BTC-USDT,70902.3,7.83946818,70886,70938.3,70848.3,70902.3
1770605040000,BTC-USDT,70879.3,2.13349675,70901.4,70901.4,70865.3,70879.3
1770605100000,BTC-USDT,70831.3,4.76379248,70879.3,70910,70786.1,70831.3
1770605160000,BTC-USDT,70788.2,2.37649275,70831.1,70831.1,70734.2,70788.2
1770605220000,BTC-USDT,70826.1,1.73720106,70788.2,70826.1,70744.2,70826.1
1770605280000,BTC-USDT,70749,0.99310234,70826.1,70854.7,70749,70749
1770605340000,BTC-USDT,70796.9,2.8567149,70748.4,70799.6,70748,70796.9
1770605400000,BTC-USDT,70731,1.69620204,70796.4,70796.4,70715.6,70731
1770605460000,BTC-USDT,70759.8,0.95411083,70732.3,70759.9,70708.3,70759.8
1770605520000,BTC-USDT,70631.1,6.00277848,70759.8,70759.8,70625,70631.1
1770605580000,BTC-USDT,70685.9,1.36171268,70631.1,70693.6,70605.7,70685.9
1770605640000,BTC-USDT,70614,3.02217119,70685,70685,70602,70614
1770605700000,BTC-USDT,70623.1,4.09942431,70614,70661,70614,70623.1
1770605760000,BTC-USDT,70685.9,2.75588218,70623,70687,70601.9,70685.9
1770605820000,BTC-USDT,70675,8.49872474,70685.6,70699,70662,70675
1770605880000,BTC-USDT,70616,8.50402438,70674.9,70674.9,70603.1,70616
1770605940000,BTC-USDT,70630,2.6646922,70614.8,70645.7,70601,70630
1770606000000,BTC-USDT,70665.3,2.39448908,70630,70700.6,70630,70665.3
1770606060000,BTC-USDT,70623.1,3.19915473,70665.3,70679.9,70615.8,70623.1
1770606120000,BTC-USDT,70711.8,4.1963526,70622.4,70711.8,70610.3,70711.8
1770606180000,BTC-USDT,70700.3,2.89958783,70711.9,70759.8,70652.5,70700.3
1770606240000,BTC-USDT,70747.5,3.75832186,70700.4,70753,70700.4,70747.5
1770606300000,BTC-USDT,70756,5.95671192,70746.2,70756,70678.9,70756
1770606360000,BTC-USDT,70831.8,6.02704891,70755.9,70861.6,70740.8,70831.8
1770606420000,BTC-USDT,70847.2,2.12636569,70831,70850.7,70789.1,70847.2
1770606480000,BTC-USDT,70801.8,1.39170554,70847.2,70847.2,70779,70801.8
1770606540000,BTC-USDT,70768.7,1.05375933,70803.1,70810.8,70766.6,70768.7
1770606600000,BTC-USDT,70785.9,1.81727149,70769.2,70813.1,70769.2,70785.9
1770606660000,BTC-USDT,70743,1.63777784,70784.8,70784.8,70719,70743
1770606720000,BTC-USDT,70739.2,1.65735654,70743,70755,70719.9,70739.2
1770606780000,BTC-USDT,70756.9,0.99147345,70737.4,70757,70724.8,70756.9
1770606840000,BTC-USDT,70763.4,1.21367738,70756.3,70763.4,70728.6,70763.4
1770606900000,BTC-USDT,70811.5,2.0913912,70763.3,70811.5,70763.3,70811.5
1770606960000,BTC-USDT,70946,3.43111695,70811.4,70952.7,70811.4,70946
1770607020000,BTC-USDT,70887.3,3.93044213,70948.9,70961.8,70837.6,70887.3
1770607080000,BTC-USDT,70849.2,2.81841612,70887.3,70911.7,70849.1,70849.2
1770607140000,BTC-USDT,70829.2,1.64616577,70849.9,70849.9,70782.5,70829.2
1770607200000,BTC-USDT,70830.8,1.64146917,70830,70841,70790.8,70830.8
1770607260000,BTC-USDT,70875.3,12.4937114,70830.9,70891.4,70830.9,70875.3
1770607320000,BTC-USDT,70799.3,7.9647928,70877,70877,70782.6,70799.3
1770607380000,BTC-USDT,70751.1,8.66286135,70799.3,70802.6,70711,70751.1
1770607440000,BTC-USDT,70727.6,1.83016085,70751.1,70751.1,70712.1,70727.6
1770607500000,BTC-USDT,70763,1.5444044,70729.9,70787.5,70729.9,70763
1770607560000,BTC-USDT,70734.8,1.06355443,70761.3,70763.4,70719.9,70734.8
1770607620000,BTC-USDT,70758.5,10.88493724,70734.8,70797.7,70734.8,70758.5
1770607680000,BTC-USDT,70804.4,1.74436554,70760,70825.4,70760,70804.4
1770607740000,BTC-USDT,70825.5,0.86615838,70805.8,70825.5,70801.5,70825.5
1770607800000,BTC-USDT,70866.6,2.86690492,70825.4,70891.5,70825.4,70866.6
1770607860000,BTC-USDT,70896,6.99736857,70867.9,70971.4,70867.9,70896
1770607920000,BTC-USDT,70935.9,4.5023484,70895.9,70954.7,70882,70935.9
1770607980000,BTC-USDT,70956.9,3.06390968,70942.9,70962.9,70930.4,70956.9
1770608040000,BTC-USDT,70980,32.11134816,70957,71109,70957,70980
1770608100000,BTC-USDT,71036.7,6.16991126,70980,71074.8,70957,71036.7
1770608160000,BTC-USDT,70964.4,2.94209695,71034.8,71047.4,70964.4,70964.4
1770608220000,BTC-USDT,71015.1,8.52954982,70963.4,71030.8,70934.8,71015.1
1770608280000,BTC-USDT,70954.9,1.20202488,71014.5,71014.5,70926.4,70954.9
1770608340000,BTC-USDT,71093.5,6.31176125,70955.9,71093.5,70944.9,71093.5
1770608400000,BTC-USDT,71084.9,7.93386423,71094,71107.9,71011.4,71084.9
1770608460000,BTC-USDT,71017.3,1.90820392,71084.5,71084.5,71012.1,71017.3
1770608520000,BTC-USDT,71118.5,11.28284779,71015,71123,70975.9,71118.5
1770608580000,BTC-USDT,71203.1,32.60031526,71115,71359.9,71074.9,71203.1
1770608640000,BTC-USDT,71128,7.30950892,71203.1,71203.2,71125,71128
1770608700000,BTC-USDT,71093.9,3.8049183,71134.1,71192.7,71092.2,71093.9
1770608760000,BTC-USDT,71108,5.99017353,71092.1,71113.3,71042.7,71108
1770608820000,BTC-USDT,71036.2,3.69985357,71107.8,71146.5,71034.5,71036.2
1770608880000,BTC-USDT,71194.9,21.10247685,71036.1,71272.7,71034.2,71194.9
1770608940000,BTC-USDT,71195.1,4.15017077,71195,71245,71166.8,71195.1
1770609000000,BTC-USDT,71165.1,6.03208688,71195.3,71210,71139.4,71165.1
1770609060000,BTC-USDT,71100,1.8156033,71165.1,71165.1,71085.2,71100
1770609120000,BTC-USDT,71266,3.78439606,71101.9,71266,71101.9,71266
1770609180000,BTC-USDT,71288.5,6.38429473,71266,71335.9,71253.8,71288.5
1770609240000,BTC-USDT,71364,7.10934965,71288.6,71369.7,71264.7,71364
1770609300000,BTC-USDT,71434.1,9.64346933,71363.9,71444.9,71306.7,71434.1
1770609360000,BTC-USDT,71292.1,5.42991177,71440,71440,71292,71292.1
1770609420000,BTC-USDT,71200.1,3.31300089,71292.1,71292.1,71200.1,71200.1
1770609480000,BTC-USDT,71266.9,20.5128281,71200.1,71278.6,71187.6,71266.9
1770609540000,BTC-USDT,71305.4,14.02081226,71267,71350,71263.8,71305.4
1770609600000,BTC-USDT,71339.8,7.80648018,71305.4,71363.1,71278,71339.8
1770609660000,BTC-USDT,71219.5,4.40406247,71335.6,71335.6,71214.5,71219.5
1770609720000,BTC-USDT,71207.3,5.93558724,71218.1,71218.1,71161.3,71207.3
1770609780000,BTC-USDT,71183.9,4.96978118,71213.9,71239.8,71181.4,71183.9
1770609840000,BTC-USDT,71148.1,2.76315573,71183.9,71204,71148.1,71148.1
1770609900000,BTC-USDT,71164.6,2.14687903,71148,71183,71141.9,71164.6
1770609960000,BTC-USDT,71110.2,15.85204585,71164,71192.2,71096.4,71110.2
1770610020000,BTC-USDT,71126.2,4.57002714,71110.3,71126.2,71095.1,71126.2
1770610080000,BTC-USDT,71132.9,2.60701898,71126.1,71145.9,71101.7,71132.9
1770610140000,BTC-USDT,71100.1,7.969884,71132.9,71175.6,71100,71100.1
1770610200000,BTC-USDT,71103,3.77893528,71100,71113.1,71055.1,71103
1770610260000,BTC-USDT,71137.7,1.39672167,71103,71150.7,71098.9,71137.7
1770610320000,BTC-USDT,71077,9.62649133,71137.6,71149.6,71052.6,71077
1770610380000,BTC-USDT,71039.9,1.36584889,71076.9,71077.9,71034.5,71039.9
1770610440000,BTC-USDT,71040.1,0.60061734,71039.9,71041,71026.1,71040.1
1770610500000,BTC-USDT,71077.5,2.29233039,71040,71077.5,71036.8,71077.5
1770610560000,BTC-USDT,71057.4,1.01447342,71077.6,71081.6,71028.1,71057.4
1770610620000,BTC-USDT,71102.1,3.42968312,71057.4,71103.5,71039.1,71102.1
1770610680000,BTC-USDT,71145,4.5571274,71101.1,71191.3,71081.7,71145
1770610740000,BTC-USDT,71213.1,11.08304634,71145,71233.2,71133,71213.1
1770610800000,BTC-USDT,71271.2,14.47715952,71213,71279,71190.2,71271.2
1770610860000,BTC-USDT,71272.4,2.78556006,71275,71278,71254.7,71272.4
1770610920000,BTC-USDT,71200,1.97625244,71269.4,71275,71176.3,71200
1770610980000,BTC-USDT,71215.5,0.84416326,71200,71221.4,71189,71215.5
1770611040000,BTC-USDT,71224.7,2.87931488,71218.4,71253.6,71208.3,71224.7
1770611100000,BTC-USDT,71235.6,0.81856155,71228.1,71236,71194.6,71235.6
1770611160000,BTC-USDT,71236.9,3.19522929,71235.5,71271,71215.7,71236.9
1770611220000,BTC-USDT,71235,1.36240296,71239.2,71239.2,71216.7,71235
1770611280000,BTC-USDT,71241.8,0.83243631,71235.6,71250,71234.4,71241.8
1770611340000,BTC-USDT,71251.6,1.74938837,71241.9,71261,71241.9,71251.6
1770611400000,BTC-USDT,71133.8,4.20517609,71249,71249,71110.5,71133.8
1770611460000,BTC-USDT,71208.1,7.68747156,71134.8,71221.1,71072.9,71208.1
1770611520000,BTC-USDT,71125.7,1.21309568,71199.8,71199.8,71125.7,71125.7
1770611580000,BTC-USDT,71091,1.12625,71125.7,71129,71082.7,71091
1770611640000,BTC-USDT,71090.6,4.4779439,71091,71100,71081.1,71090.6
1770611700000,BTC-USDT,71103.9,2.60065852,71088.7,71115.9,71087.9,71103.9
1770611760000,BTC-USDT,71036.2,4.53555181,71104,71108,71027.9,71036.2
1770611820000,BTC-USDT,71029.6,1.69849226,71039.7,71046.1,71026.1,71029.6
1770611880000,BTC-USDT,71019.3,2.11337651,71029.6,71034.1,71008.4,71019.3
1770611940000,BTC-USDT,70971,9.01586466,71017.9,71017.9,70948.2,70971
1770612000000,BTC-USDT,70961.9,5.20593088,70971,70971,70916.3,70961.9
1770612060000,BTC-USDT,71017.5,2.8750324,70963,71017.5,70963,71017.5
1770612120000,BTC-USDT,71024.2,2.34546797,71017.5,71059,71017.1,71024.2
1770612180000,BTC-USDT,71012.1,2.33362814,71024.2,71029.4,70988.6,71012.1
1770612240000,BTC-USDT,71030.7,3.18200423,71012,71040.3,70991.1,71030.7
1770612300000,BTC-USDT,71059.9,1.72410639,71034.8,71068.5,71032.6,71059.9
1770612360000,BTC-USDT,71107,3.46225135,71062,71113.9,71062,71107
1770612420000,BTC-USDT,71116.8,0.95510852,71107,71134.8,71107,71116.8
1770612480000,BTC-USDT,71048.3,8.9723221,71116.8,71128.1,71013.9,71048.3
1770612540000,BTC-USDT,71038.9,1.22795424,71047,71079.8,71028.3,71038.9
1770612600000,BTC-USDT,71002.9,1.39666836,71038.9,71048,70990.4,71002.9
1770612660000,BTC-USDT,71026.9,2.86921859,71003,71026.9,70988.1,71026.9
1770612720000,BTC-USDT,71012.4,1.38740802,71026.9,71026.9,70993.6,71012.4
1770612780000,BTC-USDT,71004.9,1.39152402,71012.4,71012.4,70980,71004.9
1770612840000,BTC-USDT,70959.1,5.1016038,71005.9,71005.9,70956.5,70959.1
1770612900000,BTC-USDT,70978.1,3.14842454,70962.6,71001.9,70962.6,70978.1
1770612960000,BTC-USDT,70972.2,0.40612367,70973.1,70975,70955.9,70972.2
1770613020000,BTC-USDT,71060,2.82562818,70972.5,71071,70972.5,71060
1770613080000,BTC-USDT,71039.1,1.10883213,71056.1,71070.3,71021.2,71039.1
1770613140000,BTC-USDT,70996.8,1.67782762,71039.1,71039.1,70995,70996.8
1770613200000,BTC-USDT,70961.9,1.11160188,70996.8,71010,70955.6,70961.9
1770613260000,BTC-USDT,70908.6,8.77771106,70959,70968,70888,70908.6
1770613320000,BTC-USDT,70924,0.63194428,70909,70926.3,70895.1,70924
1770613380000,BTC-USDT,70888,8.48213568,70924,70924,70888,70888
1770613440000,BTC-USDT,70875.6,7.96582294,70888,70911.8,70875.6,70875.6
1770613500000,BTC-USDT,70904.1,4.0083485,70875.1,70920.1,70857.7,70904.1
1770613560000,BTC-USDT,70944.6,3.31254953,70904.1,70959.9,70864.9,70944.6
1770613620000,BTC-USDT,70915.2,1.42566305,70947.8,70947.9,70891.9,70915.2
1770613680000,BTC-USDT,70869.9,1.82517195,70917,70917,70861,70869.9
1770613740000,BTC-USDT,70856.1,13.78785608,70870,70870,70800,70856.1
1770613800000,BTC-USDT,70889.3,13.45717189,70856.1,70916,70853.1,70889.3
1770613860000,BTC-USDT,70897.9,1.88276851,70889.3,70946,70882.2,70897.9
1770613920000,BTC-USDT,70894.9,0.40105475,70898,70898.9,70888,70894.9
1770613980000,BTC-USDT,70850.9,1.01577794,70894.6,70894.6,70848.7,70850.9
1770614040000,BTC-USDT,70822.4,2.43580255,70850.9,70851,70808.7,70822.4
1770614100000,BTC-USDT,70818.9,5.59618032,70822.5,70858.2,70804.4,70818.9
1770614160000,BTC-USDT,70891.9,1.59697072,70818.8,70892,70808.1,70891.9
1770614220000,BTC-USDT,70879.9,2.71008764,70892,70919.9,70879.9,70879.9
1770614280000,BTC-USDT,70842,1.07673275,70880,70909,70841.9,70842
1770614340000,BTC-USDT,70821.9,1.54276069,70842,70869,70819.9,70821.9
1770614400000,BTC-USDT,70855.2,0.71622779,70823,70855.2,70820.2,70855.2
1770614460000,BTC-USDT,70906,1.13362464,70855.3,70906.1,70855.3,70906
1770614520000,BTC-USDT,70879.1,1.41288558,70906,70911.9,70870.1,70879.1
1770614580000,BTC-USDT,70979.9,4.11271452,70879.1,70979.9,70879.1,70979.9
1770614640000,BTC-USDT,70979.9,1.63066551,70980.2,70999.9,70940,70979.9
1770614700000,BTC-USDT,71024.2,1.77675448,70980,71042.8,70959.5,71024.2
1770614760000,BTC-USDT,70968.3,4.27796288,71024.2,71035.5,70960.3,70968.3
1770614820000,BTC-USDT,70988.6,1.25011105,70973.5,71009.1,70973.5,70988.6
1770614880000,BTC-USDT,71016.9,2.19301464,70994.3,71033.3,70989.1,71016.9
1770614940000,BTC-USDT,71024,1.58842174,71016.9,71033.2,71013,71024
1770615000000,BTC-USDT,71019.1,1.98691603,71025.3,71062.5,71001.4,71019.1
1770615060000,BTC-USDT,71026.1,12.86683016,71019.1,71058,70974.5,71026.1
1770615120000,BTC-USDT,70963.1,0.72527011,71022.2,71022.2,70953.1,70963.1
1770615180000,BTC-USDT,70953.4,1.00485409,70959.6,70963.1,70912,70953.4
1770615240000,BTC-USDT,71019.9,1.0400203,70953.4,71022.8,70940.1,71019.9
1770615300000,BTC-USDT,71052,7.51030295,71019.9,71087.3,71012.6,71052
1770615360000,BTC-USDT,71103.2,1.27139174,71052,71111,71038,71103.2
1770615420000,BTC-USDT,71093.2,1.15427614,71103.2,71106.9,71083.7,71093.2
1770615480000,BTC-USDT,71042.2,1.70642879,71093.2,71103,71042.2,71042.2
1770615540000,BTC-USDT,71047.1,1.90068603,71041.4,71059.2,71026.5,71047.1
1770615600000,BTC-USDT,71014,2.54098257,71047,71047,71009.5,71014
1770615660000,BTC-USDT,71041.6,3.63573035,71014.6,71041.6,70981.2,71041.6
1770615720000,BTC-USDT,70968.5,4.72046526,71041.6,71056.8,70968.4,70968.5
1770615780000,BTC-USDT,70996.5,2.64818123,70968.4,70996.6,70959.3,70996.5
1770615840000,BTC-USDT,70975.6,1.59407662,70996.6,70999.9,70963,70975.6
1770615900000,BTC-USDT,70901.1,6.92817574,70972.4,70972.4,70881,70901.1
1770615960000,BTC-USDT,70861,2.12770696,70901.1,70901.1,70860,70861
1770616020000,BTC-USDT,70866.6,1.4929067,70861,70890.7,70856.6,70866.6
1770616080000,BTC-USDT,70862.5,1.5746812,70866.5,70895.7,70860.1,70862.5
1770616140000,BTC-USDT,70875,0.68012343,70862.1,70887.8,70862.1,70875
1770616200000,BTC-USDT,70907.8,4.7304232,70874.9,70920.9,70874.9,70907.8
1770616260000,BTC-USDT,70910,0.84642057,70906.2,70919.5,70879.9,70910
1770616320000,BTC-USDT,70965.3,2.27138369,70908.3,70969.9,70908.3,70965.3
1770616380000,BTC-USDT,71022.6,14.91156434,70965.4,71033.4,70965.4,71022.6
1770616440000,BTC-USDT,71004.8,2.56797352,71022.5,71026.4,70992.8,71004.8
1770616500000,BTC-USDT,70972.9,0.71021693,71002.8,71002.8,70956.1,70972.9
1770616560000,BTC-USDT,70956,0.41914466,70972.9,70972.9,70956,70956
1770616620000,BTC-USDT,70953.9,0.60119399,70956,70959.1,70942.9,70953.9
1770616680000,BTC-USDT,70975.9,1.16940199,70953.1,70979.8,70949.1,70975.9
1770616740000,BTC-USDT,71052.2,12.93619671,70976,71063.6,70961.2,71052.2
1770616800000,BTC-USDT,70851.8,10.85576139,71052.3,71052.3,70836.1,70851.8
1770616860000,BTC-USDT,70897.9,11.10883992,70844.1,70898,70764.5,70897.9
1770616920000,BTC-USDT,70790.3,2.47803764,70898,70908.7,70761,70790.3
1770616980000,BTC-USDT,70778.4,1.79599793,70790.4,70806.5,70753.1,70778.4
1770617040000,BTC-USDT,70803.1,1.22427879,70778.4,70812,70769.1,70803.1
1770617100000,BTC-USDT,70831.6,2.75450458,70803.6,70875.6,70802,70831.6
1770617160000,BTC-USDT,70794.1,1.56671367,70831.1,70831.1,70786,70794.1
1770617220000,BTC-USDT,70834.9,0.88559022,70794.1,70851.9,70794.1,70834.9
1770617280000,BTC-USDT,70851,0.98233403,70839.3,70867,70807.3,70851
1770617340000,BTC-USDT,70853,1.66130212,70850.3,70900.7,70831,70853
1770617400000,BTC-USDT,70873.2,4.37799342,70853,70873.2,70784,70873.2
1770617460000,BTC-USDT,70900.9,7.70411683,70873.2,70931,70855.1,70900.9
1770617520000,BTC-USDT,70898,0.89896517,70900.9,70915.2,70887.9,70898
1770617580000,BTC-USDT,70872,1.47238888,70897.9,70901,70862.1,70872
1770617640000,BTC-USDT,70896.1,8.83883157,70871.9,70919.9,70834,70896.1
1770617700000,BTC-USDT,70819.7,0.89904111,70896,70896,70819.7,70819.7
1770617760000,BTC-USDT,70791.2,4.83139529,70813,70813,70784.1,70791.2
1770617820000,BTC-USDT,70763,1.4364634,70790.4,70790.4,70760,70763
1770617880000,BTC-USDT,70609,35.34142495,70763,70763,70550,70609
1770617940000,BTC-USDT,70503.6,30.43949268,70608.9,70608.9,70462.9,70503.6
1770618000000,BTC-USDT,70446.7,8.05159177,70503.7,70552.1,70432.1,70446.7
1770618060000,BTC-USDT,70498.8,6.76702413,70446.8,70508.4,70385,70498.8
1770618120000,BTC-USDT,70503,1.92973228,70496.3,70523.9,70485.3,70503
1770618180000,BTC-USDT,70441,9.03701248,70503.1,70511.9,70394.5,70441
1770618240000,BTC-USDT,70405.8,1.81848182,70439.1,70448.4,70404,70405.8
1770618300000,BTC-USDT,70402.1,2.54775965,70405.8,70448.6,70396.7,70402.1
1770618360000,BTC-USDT,70348.9,8.92067729,70400.2,70436,70317.4,70348.9
1770618420000,BTC-USDT,70450.2,4.12450854,70348.9,70452.6,70348.9,70450.2
1770618480000,BTC-USDT,70448.6,12.72277868,70450.7,70492.6,70386.2,70448.6
1770618540000,BTC-USDT,70417,3.82026713,70448.6,70471,70408.3,70417
1770618600000,BTC-USDT,70407.9,2.66953216,70417,70479.8,70400,70407.9
1770618660000,BTC-USDT,70460.8,5.15562171,70400,70469.4,70380,70460.8
1770618720000,BTC-USDT,70504.9,2.30701714,70460.8,70508.6,70458,70504.9
1770618780000,BTC-USDT,70471.7,4.33044728,70504.9,70516,70471.6,70471.7
1770618840000,BTC-USDT,70468,2.28585203,70471.8,70482,70452.7,70468
1770618900000,BTC-USDT,70456.1,5.01947566,70468.1,70486,70450,70456.1
1770618960000,BTC-USDT,70490,1.42453936,70456,70495.6,70456,70490
1770619020000,BTC-USDT,70532.4,1.03748283,70489.2,70534.9,70484.1,70532.4
1770619080000,BTC-USDT,70540.9,1.98538346,70530.2,70540.9,70495.1,70540.9
1770619140000,BTC-USDT,70541,3.02418736,70535.8,70595.2,70520.4,70541
1770619200000,BTC-USDT,70500,1.60017765,70532.8,70549.5,70500,70500
1770619260000,BTC-USDT,70492.4,0.74548919,70500,70500.9,70459.1,70492.4
1770619320000,BTC-USDT,70552,1.93227322,70489,70562.6,70489,70552
1770619380000,BTC-USDT,70551.5,1.12085874,70552,70579.9,70551.5,70551.5
1770619440000,BTC-USDT,70553.1,0.61491967,70556.9,70559.9,70526.1,70553.1
1770619500000,BTC-USDT,70565,3.13828052,70551.9,70596.3,70523.5,70565
1770619560000,BTC-USDT,70564,1.40495869,70562.2,70564.8,70516.5,70564
1770619620000,BTC-USDT,70559,0.93923157,70565.2,70565.2,70550.9,70559
1770619680000,BTC-USDT,70583.1,2.25669603,70559.1,70586.2,70559.1,70583.1
1770619740000,BTC-USDT,70580,5.53881659,70583.1,70596.9,70544,70580
1770619800000,BTC-USDT,70561.9,3.09036012,70580,70582.5,70528.1,70561.9
1770619860000,BTC-USDT,70558.6,1.22170275,70560.1,70578.4,70551.2,70558.6
1770619920000,BTC-USDT,70645.1,1.94650521,70551.1,70645.1,70546.6,70645.1
1770619980000,BTC-USDT,70619.8,2.41979497,70646,70647.9,70583,70619.8
1770620040000,BTC-USDT,70665.9,1.9135551,70617.3,70666,70610.9,70665.9
1770620100000,BTC-USDT,70657,0.84476289,70666,70673,70643.1,70657
1770620160000,BTC-USDT,70719.9,8.56908746,70653.3,70720,70649.5,70719.9
1770620220000,BTC-USDT,70683.1,1.70967664,70719.9,70719.9,70675.3,70683.1
1770620280000,BTC-USDT,70627.6,6.31081924,70683,70698.2,70627.6,70627.6
1770620340000,BTC-USDT,70665.8,4.10854134,70623.1,70671,70612.8,70665.8
1770620400000,BTC-USDT,70632,2.12447395,70665.2,70665.2,70619.6,70632
1770620460000,BTC-USDT,70532.5,1.18810075,70632,70632.1,70528.5,70532.5
1770620520000,BTC-USDT,70548.9,2.82293339,70532.5,70584.9,70531,70548.9
1770620580000,BTC-USDT,70554.9,10.46757248,70547,70595.9,70542,70554.9
1770620640000,BTC-USDT,70611.1,12.39435611,70554.9,70646.2,70554.9,70611.1
1770620700000,BTC-USDT,70521.4,11.9756848,70611,70637.1,70466.6,70521.4
1770620760000,BTC-USDT,70684.2,1.65500596,70521.4,70684.2,70521.4,70684.2
1770620820000,BTC-USDT,70656.4,2.54513345,70685,70702.9,70654.3,70656.4
1770620880000,BTC-USDT,70630.4,2.49620756,70655.1,70657,70610.7,70630.4
1770620940000,BTC-USDT,70657.1,1.05674412,70630.4,70661,70630.4,70657.1
1770621000000,BTC-USDT,70707.5,2.313942,70657.2,70710.5,70657.2,70707.5
1770621060000,BTC-USDT,70684,1.32189232,70707.6,70707.6,70673.7,70684
1770621120000,BTC-USDT,70719.9,4.59800095,70684.1,70720,70664.5,70719.9
1770621180000,BTC-USDT,70787.6,3.56957858,70720,70794,70714.1,70787.6
1770621240000,BTC-USDT,70796.5,4.43520758,70787.7,70828,70787.6,70796.5
1770621300000,BTC-USDT,70765,2.96932844,70796.6,70806.6,70739.9,70765
1770621360000,BTC-USDT,70774.9,0.6740393,70765,70785,70723.7,70774.9
1770621420000,BTC-USDT,70712.9,1.70967102,70774,70774,70700.5,70712.9
1770621480000,BTC-USDT,70721.1,1.63092565,70713,70728.1,70698.1,70721.1
1770621540000,BTC-USDT,70822.9,25.62329213,70721.2,70851.9,70721.1,70822.9
1770621600000,BTC-USDT,70794.8,0.89012108,70823,70823,70784,70794.8
1770621660000,BTC-USDT,70814.9,7.44745287,70793,70890,70779,70814.9
1770621720000,BTC-USDT,70704.4,13.99595151,70814.8,70838.9,70673.8,70704.4
1770621780000,BTC-USDT,70728,5.7729844,70704.4,70743.9,70704.4,70728
1770621840000,BTC-USDT,70715.9,29.38432823,70728,70752.4,70670.8,70715.9
1770621900000,BTC-USDT,70685.9,36.17283289,70715.9,70730.9,70622.6,70685.9
1770621960000,BTC-USDT,70689.9,18.63930738,70685.9,70690,70639.3,70689.9
1770622020000,BTC-USDT,70705.3,15.71510785,70689.9,70709.8,70660.8,70705.3
1770622080000,BTC-USDT,70766.1,3.41855589,70705.3,70766.2,70705.2,70766.1
1770622140000,BTC-USDT,70713,4.6420252,70766.1,70766.2,70709.8,70713
1770622200000,BTC-USDT,70610.7,1.21297872,70713,70713.1,70610.7,70610.7
1770622260000,BTC-USDT,70641.1,5.12362821,70610.5,70685.8,70572,70641.1
1770622320000,BTC-USDT,70666.5,18.37448643,70645.9,70708.6,70645.9,70666.5
1770622380000,BTC-USDT,70710.1,4.41927693,70666.5,70738.9,70659.4,70710.1
1770622440000,BTC-USDT,70637.7,2.63527829,70710.1,70710.2,70628,70637.7
1770622500000,BTC-USDT,70640.9,5.38688229,70630.8,70661.4,70626.5,70640.9
1770622560000,BTC-USDT,70634.9,6.68827023,70640.9,70661.5,70626.1,70634.9
1770622620000,BTC-USDT,70567.9,2.96911994,70634.9,70634.9,70564.8,70567.9
1770622680000,BTC-USDT,70434.3,10.30628711,70567.9,70574.5,70429.2,70434.3
1770622740000,BTC-USDT,70479.6,3.26256074,70431,70510,70429,70479.6
1770622800000,BTC-USDT,70457.5,3.09203637,70479.6,70482,70440,70457.5
1770622860000,BTC-USDT,70459,5.46805847,70457.6,70481.9,70418.1,70459
1770622920000,BTC-USDT,70428.4,2.82890209,70459,70473.3,70428.4,70428.4
1770622980000,BTC-USDT,70390,20.52820332,70428.4,70452,70380,70390
1770623040000,BTC-USDT,70436.8,10.24038666,70390,70443,70370,70436.8
1770623100000,BTC-USDT,70472,8.00156441,70436.2,70474.5,70434,70472
1770623160000,BTC-USDT,70424,20.58410482,70472.1,70492.3,70380.9,70424
1770623220000,BTC-USDT,70440,3.57456898,70411.1,70441.5,70352.9,70440
1770623280000,BTC-USDT,70416.3,6.80887093,70438.6,70470.5,70393.5,70416.3
1770623340000,BTC-USDT,70407.1,17.61236888,70416.2,70445.7,70375,70407.1
1770623400000,BTC-USDT,70451.3,7.90412691,70407.1,70479.8,70371.7,70451.3
1770623460000,BTC-USDT,70506.3,2.84001656,70451.3,70518.3,70442.7,70506.3
1770623520000,BTC-USDT,70467,1.84808945,70506.3,70506.3,70453.1,70467
1770623580000,BTC-USDT,70517.8,3.02798204,70467,70517.9,70467,70517.8
1770623640000,BTC-USDT,70483.4,3.67335439,70517.8,70517.8,70454.1,70483.4
1770623700000,BTC-USDT,70492.4,16.4944298,70483.4,70525.2,70456.2,70492.4
1770623760000,BTC-USDT,70465.1,1.85751047,70492.4,70492.4,70465.1,70465.1
1770623820000,BTC-USDT,70481.2,3.2343602,70465,70481.2,70440.9,70481.2
1770623880000,BTC-USDT,70442.8,3.42661685,70481.3,70498.4,70437,70442.8
1770623940000,BTC-USDT,70423.9,5.75648753,70442.8,70455.3,70415.9,70423.9
1770624000000,BTC-USDT,70455.5,5.36651565,70423.9,70509,70396.4,70455.5
1770624060000,BTC-USDT,70401.7,2.13350917,70453,70453,70400,70401.7
1770624120000,BTC-USDT,70334.9,4.20354383,70403.9,70424.4,70331.1,70334.9
1770624180000,BTC-USDT,70490.3,4.71934535,70332.9,70508.6,70330.1,70490.3
1770624240000,BTC-USDT,70481,2.164769,70490.3,70495.9,70443.7,70481
1770624300000,BTC-USDT,70455.3,26.29991123,70483.9,70490,70386.1,70455.3
1770624360000,BTC-USDT,70389.1,4.14630047,70456.9,70460.9,70389,70389.1
1770624420000,BTC-USDT,70476.2,2.45679094,70389,70476.6,70365.1,70476.2
1770624480000,BTC-USDT,70472,2.22491918,70479.8,70489.9,70442.3,70472
1770624540000,BTC-USDT,70501.1,4.45698107,70470.1,70571.1,70470.1,70501.1
1770624600000,BTC-USDT,70560.9,1.06444626,70501.1,70573.1,70501.1,70560.9
1770624660000,BTC-USDT,70581.3,6.54528144,70560.9,70581.3,70489.2,70581.3
1770624720000,BTC-USDT,70562,3.14139247,70582.6,70610.4,70533.4,70562
1770624780000,BTC-USDT,70555.9,1.19384624,70562.3,70582.9,70545.8,70555.9
1770624840000,BTC-USDT,70536.7,0.684259,70555.9,70555.9,70500,70536.7
1770624900000,BTC-USDT,70539,1.09544102,70536.9,70549.9,70505,70539
1770624960000,BTC-USDT,70483.9,1.90026977,70539,70550,70467.1,70483.9
1770625020000,BTC-USDT,70417.1,2.16649959,70483.9,70489.9,70417,70417.1
1770625080000,BTC-USDT,70390.1,1.73448957,70417,70417,70374.2,70390.1
1770625140000,BTC-USDT,70371.4,2.59276738,70390,70414,70353.8,70371.4
1770625200000,BTC-USDT,70371.1,1.69901737,70372.1,70436,70366,70371.1
1770625260000,BTC-USDT,70246.5,31.41044218,70376.9,70377,70159.2,70246.5
1770625320000,BTC-USDT,70282.7,4.23398495,70239.9,70284.3,70168.9,70282.7
1770625380000,BTC-USDT,70258.9,14.01164814,70280,70291.9,70218.6,70258.9
1770625440000,BTC-USDT,70219.9,5.75655046,70255.6,70260.9,70184.8,70219.9
1770625500000,BTC-USDT,70180.1,9.74319949,70224.9,70224.9,70130,70180.1
1770625560000,BTC-USDT,70217,0.91419915,70180.1,70231.9,70180,70217
1770625620000,BTC-USDT,70126,21.90031268,70217,70217,70100.9,70126
1770625680000,BTC-USDT,70135.8,7.46510451,70125.9,70135.8,70066.2,70135.8
1770625740000,BTC-USDT,70091,2.90896261,70132,70132,70060,70091
1770625800000,BTC-USDT,70015,36.79141894,70090.9,70112.2,69990,70015
1770625860000,BTC-USDT,69708,96.08496688,70015,70027,69670.9,69708
1770625920000,BTC-USDT,69585.1,36.83239239,69708.1,69720.5,69585.1,69585.1
1770625980000,BTC-USDT,69403.6,44.77049463,69585.1,69690.8,69401,69403.6
1770626040000,BTC-USDT,69619.7,13.66016915,69400.8,69619.7,69400,69619.7
1770626100000,BTC-USDT,69725.2,6.74960869,69619.9,69734.6,69595.8,69725.2
1770626160000,BTC-USDT,69668.1,8.14056601,69725.3,69760,69660.1,69668.1
1770626220000,BTC-USDT,69766.9,3.29301031,69668,69780.3,69660,69766.9
1770626280000,BTC-USDT,69783.8,24.53516873,69770.5,69869,69739.1,69783.8
1770626340000,BTC-USDT,69850.1,10.50946517,69783.9,69866,69763.8,69850.1
1770626400000,BTC-USDT,69841,10.69487224,69850,69856,69806.5,69841
1770626460000,BTC-USDT,69849.9,13.67609165,69840.9,69850,69767.4,69849.9
1770626520000,BTC-USDT,69844,8.04392084,69849.9,69885.6,69800.1,69844
1770626580000,BTC-USDT,69795.5,8.42327881,69844,69853.5,69774.6,69795.5
1770626640000,BTC-USDT,69808.1,15.0581916,69795.5,69859,69789.4,69808.1
1770626700000,BTC-USDT,69860.1,3.34727276,69806,69879.4,69792.5,69860.1
1770626760000,BTC-USDT,69889.6,4.32567802,69859,69898,69847.6,69889.6
1770626820000,BTC-USDT,69878.1,11.69807653,69889.5,69942.8,69867.1,69878.1
1770626880000,BTC-USDT,69852,1.82895336,69882.1,69907,69838.1,69852
1770626940000,BTC-USDT,69881,1.15616992,69852.6,69881.8,69852.6,69881
1770627000000,BTC-USDT,69904.4,10.74793149,69879.7,69906.9,69857,69904.4
1770627060000,BTC-USDT,69787.1,10.38854736,69904.9,69904.9,69769.3,69787.1
1770627120000,BTC-USDT,69776.4,12.6229527,69776.7,69793.9,69718.2,69776.4
1770627180000,BTC-USDT,69818.8,9.77293963,69776.4,69852.6,69751.2,69818.8
1770627240000,BTC-USDT,69857.1,22.07973605,69818.8,69864.1,69731.6,69857.1
1770627300000,BTC-USDT,69998,10.31072602,69857.1,69998,69840.8,69998
1770627360000,BTC-USDT,69971,12.69770008,69997.9,70023.7,69966,69971
1770627420000,BTC-USDT,69986.4,2.58614247,69971,70018.8,69970.5,69986.4
1770627480000,BTC-USDT,69902.7,4.61589958,69986.5,69993,69879,69902.7
1770627540000,BTC-USDT,69871.1,1.25734039,69902.6,69903,69852.7,69871.1
1770627600000,BTC-USDT,69933.9,3.27967631,69871.1,69936.5,69871.1,69933.9
1770627660000,BTC-USDT,69920.4,0.6893071,69934,69936.5,69908,69920.4
1770627720000,BTC-USDT,70002.8,15.46446615,69920.4,70006,69917.4,70002.8
1770627780000,BTC-USDT,69935.2,13.85192078,70001.4,70018.7,69930,69935.2
1770627840000,BTC-USDT,69920,10.71511132,69937,69971.1,69913,69920
1770627900000,BTC-USDT,70026.4,24.72269938,69920.1,70027.8,69920.1,70026.4
1770627960000,BTC-USDT,69970,2.78405388,70026.4,70031.9,69970,69970
1770628020000,BTC-USDT,70067.7,3.74859784,69969.9,70079.8,69958.3,70067.7
1770628080000,BTC-USDT,70090.9,3.15051988,70066.2,70090.9,70001.6,70090.9
1770628140000,BTC-USDT,70018.5,4.42473496,70090.8,70124.8,69996.9,70018.5
1770628200000,BTC-USDT,69982.3,2.55661654,70018.5,70035.8,69966,69982.3
1770628260000,BTC-USDT,70014,9.88256825,69980.4,70030.5,69938.4,70014
1770628320000,BTC-USDT,70025,2.93441369,70008.3,70026,69994.5,70025
1770628380000,BTC-USDT,69976.7,3.07320813,70025,70025,69946.5,69976.7
1770628440000,BTC-USDT,69865,1.81428908,69975,69987.9,69865,69865
1770628500000,BTC-USDT,69927.5,1.75893235,69864.8,69934.9,69864,69927.5
1770628560000,BTC-USDT,69801.9,7.90001793,69928.8,69954,69794.9,69801.9
1770628620000,BTC-USDT,69858.5,3.24736529,69801.4,69858.5,69768.1,69858.5
1770628680000,BTC-USDT,69800,4.0531191,69858.5,69917.4,69800,69800
1770628740000,BTC-USDT,69808.1,10.24292416,69800.1,69808.2,69699.9,69808.1
1770628800000,BTC-USDT,69838.9,3.11365162,69808.2,69925,69808.2,69838.9
1770628860000,BTC-USDT,69812.8,3.51446531,69833.2,69849.5,69792.3,69812.8
1770628920000,BTC-USDT,69797.2,5.57016247,69812.8,69844.6,69780.1,69797.2
1770628980000,BTC-USDT,69817.8,4.59077491,69797.2,69840.9,69771.7,69817.8
1770629040000,BTC-USDT,69796.1,1.33927966,69817.8,69817.8,69783.1,69796.1
1770629100000,BTC-USDT,69924,2.03631754,69798.7,69927.2,69798.7,69924
1770629160000,BTC-USDT,69878.9,4.17990378,69924,69924,69842.4,69878.9
1770629220000,BTC-USDT,69940.8,5.15079005,69881.9,69964.9,69875.6,69940.8
1770629280000,BTC-USDT,69940.7,3.98536752,69935,69952.2,69904.6,69940.7
1770629340000,BTC-USDT,69897,2.99234976,69944,69944,69883.7,69897
1770629400000,BTC-USDT,69900.3,1.37521238,69896.9,69901.9,69852,69900.3
1770629460000,BTC-USDT,69971,1.37538166,69900.3,69975.7,69900.3,69971
1770629520000,BTC-USDT,69871,1.4329011,69970.9,69970.9,69871,69871
1770629580000,BTC-USDT,69786.9,2.53871589,69871.1,69890.1,69745,69786.9
1770629640000,BTC-USDT,69849.9,1.78296129,69785.9,69850,69781.3,69849.9
1770629700000,BTC-USDT,69812.1,3.25641458,69849.3,69890.1,69805.2,69812.1
1770629760000,BTC-USDT,69866.4,0.94419762,69808.4,69879.8,69793.5,69866.4
1770629820000,BTC-USDT,69825,2.51683206,69866.5,69903.9,69816,69825
1770629880000,BTC-USDT,69657.9,6.36303644,69824,69824,69635,69657.9
1770629940000,BTC-USDT,69649.9,23.20534835,69659,69683,69585,69649.9
1770630000000,BTC-USDT,69603.9,3.49278407,69649.9,69676.4,69598.1,69603.9
1770630060000,BTC-USDT,69567.2,5.94798801,69603.9,69636.5,69560,69567.2
1770630120000,BTC-USDT,69650.9,3.95182698,69567.1,69675.1,69567.1,69650.9
1770630180000,BTC-USDT,69636.7,10.45727425,69652.9,69695.2,69586.1,69636.7
1770630240000,BTC-USDT,69684.1,4.0952189,69636.7,69694.7,69636.7,69684.1
1770630300000,BTC-USDT,69642.7,1.55515491,69687.9,69687.9,69638,69642.7
1770630360000,BTC-USDT,69741.6,2.78317473,69648.9,69752.5,69648.9,69741.6
1770630420000,BTC-USDT,69749,7.37197545,69741.5,69749,69707.3,69749
1770630480000,BTC-USDT,69772,5.19272241,69749,69821.8,69749,69772
1770630540000,BTC-USDT,69762.3,2.10617258,69771.2,69795,69729.1,69762.3
1770630600000,BTC-USDT,69647,15.23506314,69762.3,69764.4,69644.7,69647
1770630660000,BTC-USDT,69661.7,5.32971371,69647,69686.7,69602.2,69661.7
1770630720000,BTC-USDT,69635.1,10.31598164,69667.3,69669.9,69624.8,69635.1
1770630780000,BTC-USDT,69603,3.64353571,69635,69635,69578,69603
1770630840000,BTC-USDT,69629,0.69601883,69601.9,69629,69601.9,69629
1770630900000,BTC-USDT,69516.9,23.60709975,69628.9,69628.9,69479,69516.9
1770630960000,BTC-USDT,69550.6,4.61272501,69517,69589.3,69517,69550.6
1770631020000,BTC-USDT,69584.4,2.56154621,69550.5,69627.6,69550.1,69584.4
1770631080000,BTC-USDT,69598.3,3.54556895,69584,69624.2,69569,69598.3
1770631140000,BTC-USDT,69628.9,1.45174504,69596.5,69629,69596.1,69628.9
1770631200000,BTC-USDT,69592.1,3.35205393,69628.9,69640.5,69582.1,69592.1
1770631260000,BTC-USDT,69507.9,18.19993013,69592,69619,69458.4,69507.9
1770631320000,BTC-USDT,69585.1,4.1388872,69505.9,69636.8,69500.3,69585.1
1770631380000,BTC-USDT,69528.7,6.04218204,69585,69613.4,69523.1,69528.7
1770631440000,BTC-USDT,69466.9,2.50406947,69528.7,69547.8,69459.5,69466.9
1770631500000,BTC-USDT,69437.7,14.14207509,69467.9,69472.9,69363.6,69437.7
1770631560000,BTC-USDT,69465.4,1.96119524,69437.6,69468.1,69429.7,69465.4
1770631620000,BTC-USDT,69558.5,4.19326604,69463.1,69571.5,69460,69558.5
1770631680000,BTC-USDT,69598.6,1.89568657,69558.5,69599.7,69552.4,69598.6
1770631740000,BTC-USDT,69622.9,0.64267575,69598.5,69637.9,69597.6,69622.9
1770631800000,BTC-USDT,69648.9,7.99111019,69622.9,69722.9,69622.9,69648.9
1770631860000,BTC-USDT,69680,6.47585077,69648.6,69728.2,69648.6,69680
1770631920000,BTC-USDT,69693,0.71352942,69686,69705.4,69674,69693
1770631980000,BTC-USDT,69672.2,1.59552592,69685.1,69724,69672.2,69672.2
1770632040000,BTC-USDT,69534.1,3.75221429,69672.2,69672.2,69534,69534.1
1770632100000,BTC-USDT,69315.4,14.64528447,69534,69558.9,69300,69315.4
1770632160000,BTC-USDT,69277.9,11.04959587,69315,69334.6,69237.5,69277.9
1770632220000,BTC-USDT,69188.4,15.17457947,69277.9,69277.9,69157.7,69188.4
1770632280000,BTC-USDT,69210.9,5.21251003,69188.5,69288.3,69188.5,69210.9
1770632340000,BTC-USDT,69231.1,4.42846031,69210.9,69318.1,69181.9,69231.1
1770632400000,BTC-USDT,69247.5,4.20819091,69231,69312.9,69231,69247.5
1770632460000,BTC-USDT,69205.1,8.21049566,69243.8,69243.8,69200.6,69205.1
1770632520000,BTC-USDT,69139,17.49776776,69205,69237.1,69105,69139
1770632580000,BTC-USDT,69131.7,15.90648258,69139,69216,69090.9,69131.7
1770632640000,BTC-USDT,69050,8.61721492,69132.8,69153.8,69050,69050
1770632700000,BTC-USDT,69058,4.22978107,69050,69095.6,69050,69058
1770632760000,BTC-USDT,69037.6,29.76735533,69058,69069,68988.3,69037.6
1770632820000,BTC-USDT,69092.9,7.59496449,69041.4,69138.6,69024.4,69092.9
1770632880000,BTC-USDT,69026.1,5.32097896,69093.4,69131.5,69013.8,69026.1
1770632940000,BTC-USDT,69040,12.45336807,69026,69061.8,68990,69040
1770633000000,BTC-USDT,68982,4.67501565,69040,69040.1,68982,68982
1770633060000,BTC-USDT,68839.1,32.83270726,68982,68998.3,68835.5,68839.1
1770633120000,BTC-USDT,68707.4,20.74658616,68839,68887,68700,68707.4
1770633180000,BTC-USDT,68791.5,12.15481568,68711.3,68813.1,68700,68791.5
1770633240000,BTC-USDT,68718.7,8.41903905,68791.5,68855,68682.6,68718.7
1770633300000,BTC-USDT,68792.3,3.22022072,68718.7,68823,68708,68792.3
1770633360000,BTC-USDT,68584,15.91233812,68795,68839.1,68580,68584
1770633420000,BTC-USDT,68813,7.43862503,68589.6,68817.7,68589.6,68813
1770633480000,BTC-USDT,68666.7,8.85231679,68813,68876.9,68666.6,68666.7
1770633540000,BTC-USDT,68706.3,6.92846892,68666.6,68767.1,68651.2,68706.3
1770633600000,BTC-USDT,68640.8,18.63868587,68706.8,68774.7,68634.2,68640.8
1770633660000,BTC-USDT,68510.3,23.11270368,68638,68659,68431.3,68510.3
1770633720000,BTC-USDT,68509.5,20.40801059,68509,68536.8,68428.5,68509.5
1770633780000,BTC-USDT,68554.9,17.96122024,68509.5,68571.9,68468.7,68554.9
1770633840000,BTC-USDT,68629.2,6.57736321,68557.4,68629.2,68467.1,68629.2
1770633900000,BTC-USDT,68631.1,5.23839066,68630.6,68674.9,68582.8,68631.1
1770633960000,BTC-USDT,68759.3,6.80341792,68637,68764.5,68605.3,68759.3
1770634020000,BTC-USDT,68584,8.35566499,68759.4,68759.4,68562.1,68584
1770634080000,BTC-USDT,68520,4.38152122,68592.6,68600,68473.6,68520
1770634140000,BTC-USDT,68459,22.81501704,68521.1,68621.3,68448.1,68459
1770634200000,BTC-USDT,68659.3,18.23579717,68461.9,68680,68461.9,68659.3
1770634260000,BTC-USDT,68679.9,4.48587374,68659.9,68696.4,68623.1,68679.9
1770634320000,BTC-USDT,68743.8,17.55519142,68679.8,68743.8,68673.1,68743.8
1770634380000,BTC-USDT,68741.8,6.25355554,68743.9,68810.7,68721,68741.8
1770634440000,BTC-USDT,68769,16.882432,68748,68779.2,68695.7,68769
1770634500000,BTC-USDT,68794.7,3.98908547,68768,68803.9,68760.3,68794.7
1770634560000,BTC-USDT,68811,5.26441749,68794.8,68852.2,68794.8,68811
1770634620000,BTC-USDT,68832.5,4.32816021,68812.1,68846.9,68774.2,68832.5
1770634680000,BTC-USDT,68729.6,8.9723324,68832.6,68837.9,68724.3,68729.6
1770634740000,BTC-USDT,68739.5,4.60714343,68729.5,68754.3,68719.1,68739.5
1770634800000,BTC-USDT,68823.1,6.02472694,68739.5,68837.8,68739.5,68823.1
1770634860000,BTC-USDT,68969.7,6.31952368,68825.9,68984.3,68783.3,68969.7
1770634920000,BTC-USDT,68876.2,2.9520357,68969,68975.1,68876.2,68876.2
1770634980000,BTC-USDT,68941,29.91619122,68875.5,68960,68779,68941
1770635040000,BTC-USDT,68937,9.92329853,68943,68967.9,68871.4,68937
1770635100000,BTC-USDT,68928.4,4.39059561,68928.6,68943.1,68895.2,68928.4
1770635160000,BTC-USDT,68907,3.31474872,68928.4,68930,68879,68907
1770635220000,BTC-USDT,68920.4,1.20377919,68906.9,68931.3,68899.1,68920.4
1770635280000,BTC-USDT,68799.9,7.25045507,68920.4,68920.9,68785.6,68799.9
1770635340000,BTC-USDT,68853.4,31.75743005,68800,68867,68800,68853.4
1770635400000,BTC-USDT,68801.4,9.0769016,68850.9,68850.9,68776.1,68801.4
1770635460000,BTC-USDT,68733,5.54499459,68802.8,68842,68733,68733
1770635520000,BTC-USDT,68687.6,3.2288989,68733,68743.5,68687.6,68687.6
1770635580000,BTC-USDT,68722.2,2.49317569,68687.5,68722.2,68660.9,68722.2
1770635640000,BTC-USDT,68612,6.75331689,68722.2,68722.2,68601.9,68612
1770635700000,BTC-USDT,68607,4.10227289,68613.5,68659.3,68586.7,68607
1770635760000,BTC-USDT,68680,2.3148789,68605.2,68706.5,68592.1,68680
1770635820000,BTC-USDT,68700.9,2.7159056,68678.8,68701,68640.1,68700.9
1770635880000,BTC-USDT,68763,4.36355472,68701,68787.8,68701,68763
1770635940000,BTC-USDT,68704.3,1.55589643,68764,68764,68690.5,68704.3
1770636000000,BTC-USDT,68731.5,8.01715753,68704.3,68734.8,68660.7,68731.5
1770636060000,BTC-USDT,68839,6.32043153,68727,68860,68718.6,68839
1770636120000,BTC-USDT,68851.1,4.51048241,68839,68864.8,68818,68851.1
1770636180000,BTC-USDT,68815.4,4.26528154,68851,68863.9,68814.6,68815.4
1770636240000,BTC-USDT,68823.2,3.30147569,68814.6,68877.1,68805.2,68823.2
1770636300000,BTC-USDT,68866.4,1.74184374,68823,68867.6,68823,68866.4
1770636360000,BTC-USDT,68931,2.33373277,68866.4,68933.3,68866.4,68931
1770636420000,BTC-USDT,68936,1.83340052,68928.1,68942.6,68898,68936
1770636480000,BTC-USDT,68924.5,1.42013371,68933.1,68956.5,68903.1,68924.5
1770636540000,BTC-USDT,68877.1,3.93180976,68924.5,68937.6,68877.1,68877.1
1770636600000,BTC-USDT,69011,4.98902209,68877.1,69025,68877.1,69011
1770636660000,BTC-USDT,68954.8,3.40392152,69011.1,69026.5,68903,68954.8
1770636720000,BTC-USDT,68871.1,3.1089769,68954.8,68959.6,68784.1,68871.1
1770636780000,BTC-USDT,68796,4.83611145,68870.6,68916.8,68796,68796
1770636840000,BTC-USDT,68808.2,2.06676035,68796.1,68835.1,68790.1,68808.2
1770636900000,BTC-USDT,68835,2.74805704,68808.1,68873.9,68808.1,68835
1770636960000,BTC-USDT,68873.4,4.26794978,68835,68919.7,68826.2,68873.4
1770637020000,BTC-USDT,68862.6,1.30350925,68873.3,68898.8,68860.9,68862.6
1770637080000,BTC-USDT,68928.5,1.91871929,68862.6,68949.8,68862.6,68928.5
1770637140000,BTC-USDT,68916.4,3.47192288,68928.6,68960.9,68900.2,68916.4
1770637200000,BTC-USDT,68910.4,1.23396516,68916.3,68936.4,68872,68910.4
1770637260000,BTC-USDT,68981.5,1.29028651,68910.5,68981.6,68910.5,68981.5
1770637320000,BTC-USDT,68949,7.49140335,68981.5,68997.1,68941.1,68949
1770637380000,BTC-USDT,68932,2.04545244,68949,68962.8,68920.1,68932
1770637440000,BTC-USDT,68915.9,0.46998316,68937,68942.8,68911.1,68915.9
1770637500000,BTC-USDT,68980,9.61518765,68920.3,68999.7,68920.3,68980
1770637560000,BTC-USDT,68911.5,2.61612528,68980,68980.1,68911.4,68911.5
1770637620000,BTC-USDT,68864,6.20803572,68911.5,68929,68829.7,68864
1770637680000,BTC-USDT,68907.5,9.61514876,68864,68918.7,68840.4,68907.5
1770637740000,BTC-USDT,68836.9,16.01801536,68907.5,68909.4,68785.8,68836.9
1770637800000,BTC-USDT,68885,5.9853368,68836.9,68891.7,68834,68885
1770637860000,BTC-USDT,68798.6,6.10487977,68888.1,68891.6,68795.1,68798.6
1770637920000,BTC-USDT,68723,6.52718178,68798.7,68815.4,68700.1,68723
1770637980000,BTC-USDT,68727,9.84763022,68722.9,68750.9,68685.2,68727
1770638040000,BTC-USDT,68872,8.73390247,68731.3,68907.9,68731.3,68872
1770638100000,BTC-USDT,68861.7,0.72148084,68872,68877.5,68854.2,68861.7
1770638160000,BTC-USDT,68898.1,2.32341824,68864,68902.8,68864,68898.1
1770638220000,BTC-USDT,68883,1.16745734,68898,68899.2,68876.8,68883
1770638280000,BTC-USDT,68855.1,1.39322771,68883.1,68891.4,68842,68855.1
1770638340000,BTC-USDT,68935,5.69354806,68857,68935,68857,68935
1770638400000,BTC-USDT,68876.5,6.59776071,68935.1,68935.7,68865.8,68876.5
1770638460000,BTC-USDT,68971,5.17214398,68876,68990,68868.1,68971
1770638520000,BTC-USDT,68963,6.53162101,68963.1,69020,68929.1,68963
1770638580000,BTC-USDT,69020,2.39640936,68963.1,69024.5,68963.1,69020
1770638640000,BTC-USDT,69080.3,10.02887977,69020.1,69111.8,69020.1,69080.3
1770638700000,BTC-USDT,69088.1,4.25951136,69080.2,69144.3,69030,69088.1
1770638760000,BTC-USDT,69085,1.8568939,69088,69103.3,69050.1,69085
1770638820000,BTC-USDT,69146.6,6.06665598,69085.7,69173.7,69064.2,69146.6
1770638880000,BTC-USDT,69094.9,3.3425956,69149,69180.7,69063.9,69094.9
1770638940000,BTC-USDT,69187.2,14.47873692,69095,69212.8,69095,69187.2
1770639000000,BTC-USDT,69148.9,2.05813781,69183.1,69183.1,69136.6,69148.9
1770639060000,BTC-USDT,69215.1,1.64682428,69144.4,69223.4,69123.9,69215.1
1770639120000,BTC-USDT,69242,5.45028513,69215,69250,69185,69242
1770639180000,BTC-USDT,69208.4,2.20898568,69234.3,69248,69190.9,69208.4
1770639240000,BTC-USDT,69190,4.58640588,69205.2,69231.1,69168.1,69190
1770639300000,BTC-USDT,69134.2,3.51687542,69188.1,69188.1,69134.2,69134.2
1770639360000,BTC-USDT,69164.1,1.78336027,69134.2,69168.7,69124,69164.1
1770639420000,BTC-USDT,69094.8,8.31930268,69164.1,69164.1,69071.2,69094.8
1770639480000,BTC-USDT,69082.4,3.84895851,69087.1,69104.8,69051,69082.4
1770639540000,BTC-USDT,69134.4,2.50337687,69083.3,69138.9,69083.3,69134.4
1770639600000,BTC-USDT,69100.1,1.19458141,69134.3,69134.3,69100.1,69100.1
1770639660000,BTC-USDT,69100,1.14160143,69100,69114,69068.9,69100
1770639720000,BTC-USDT,69088.5,2.4703582,69100.1,69130.3,69087.8,69088.5
1770639780000,BTC-USDT,69086.8,9.87869892,69086.7,69113.7,69076,69086.8
1770639840000,BTC-USDT,69087.8,1.41580695,69087,69100,69066,69087.8
1770639900000,BTC-USDT,69073.1,2.10211522,69087.9,69115.3,69073,69073.1
1770639960000,BTC-USDT,69047,24.54205766,69073,69073,69000,69047
1770640020000,BTC-USDT,69040.1,6.96018483,69047,69052,69022,69040.1
1770640080000,BTC-USDT,68980,3.70248989,69040.1,69040.1,68976.9,68980
1770640140000,BTC-USDT,69041.9,2.64701151,68989.9,69046.5,68989.9,69041.9
1770640200000,BTC-USDT,68943.4,8.35083572,69041.9,69041.9,68943.4,68943.4
1770640260000,BTC-USDT,69026.8,4.4162703,68943.4,69042.4,68943.3,69026.8
1770640320000,BTC-USDT,69006.5,9.57062082,69027.1,69061.9,68980,69006.5
1770640380000,BTC-USDT,68976,1.0943332,69006.4,69006.4,68967.1,68976
1770640440000,BTC-USDT,69023.1,1.47952969,68977.3,69040,68954.1,69023.1
1770640500000,BTC-USDT,69159.1,12.98564482,69023.2,69173.7,69023.2,69159.1
1770640560000,BTC-USDT,69076,1.396033,69159.1,69160,69069,69076
1770640620000,BTC-USDT,69080.1,2.2818662,69076.1,69105.3,69063.7,69080.1
1770640680000,BTC-USDT,69103.4,1.32920756,69083.3,69131,69083.3,69103.4
1770640740000,BTC-USDT,69123.9,6.89166638,69103.4,69147.4,69103.4,69123.9
1770640800000,BTC-USDT,69180,4.03890817,69116.3,69186,69116.3,69180
1770640860000,BTC-USDT,69220,6.8770274,69183,69237.3,69183,69220
1770640920000,BTC-USDT,69176.1,2.75358173,69224,69233.4,69176.1,69176.1
1770640980000,BTC-USDT,69181,1.32876467,69180.9,69206.6,69173.9,69181
1770641040000,BTC-USDT,69150.9,4.61521849,69181.1,69191,69140.1,69150.9
1770641100000,BTC-USDT,69166,1.00790223,69154.9,69173.8,69141.1,69166
1770641160000,BTC-USDT,69182.6,3.2287502,69166.1,69193.4,69125.1,69182.6
1770641220000,BTC-USDT,69150.6,1.85969776,69182.5,69182.5,69112,69150.6
1770641280000,BTC-USDT,69112.2,0.45638964,69140.4,69142,69112.1,69112.2
1770641340000,BTC-USDT,69083.1,2.45171342,69112.1,69124,69083.1,69083.1
1770641400000,BTC-USDT,69080.1,0.58905389,69086.9,69094.3,69070.9,69080.1
1770641460000,BTC-USDT,69044.7,1.37128475,69080.1,69080.7,69038.1,69044.7
1770641520000,BTC-USDT,69086.8,1.82144678,69044.6,69086.9,69014.4,69086.8
1770641580000,BTC-USDT,69051.1,2.1299849,69086.9,69119,69039,69051.1
1770641640000,BTC-USDT,69042,0.82159918,69051.1,69051.9,69035,69042
1770641700000,BTC-USDT,69052.2,2.82935656,69042,69058.8,69023.2,69052.2
1770641760000,BTC-USDT,69049.3,1.14151947,69052.3,69052.3,69003.7,69049.3
1770641820000,BTC-USDT,69039.7,0.68632931,69049.3,69054.5,69033.1,69039.7
1770641880000,BTC-USDT,69118.6,4.84545576,69039.7,69125.8,69039.7,69118.6
1770641940000,BTC-USDT,69145.9,2.58272551,69118.7,69160,69118.7,69145.9
1770642000000,BTC-USDT,69114.3,2.38490306,69145.9,69182.6,69112.1,69114.3
1770642060000,BTC-USDT,69042,6.85999439,69114.2,69119,69042,69042
1770642120000,BTC-USDT,69024,2.4339782,69042,69068.9,69009.4,69024
1770642180000,BTC-USDT,69056.6,1.12821404,69023.8,69092,69009.1,69056.6
1770642240000,BTC-USDT,69000,0.7412467,69055.1,69055.1,69000,69000
1770642300000,BTC-USDT,68981.9,4.3397614,69000,69006,68938.5,68981.9
1770642360000,BTC-USDT,69008,2.97737832,68981.9,69050,68981.9,69008
1770642420000,BTC-USDT,69002,1.80119218,69008,69023.3,69000,69002
1770642480000,BTC-USDT,69053,7.99583453,69001.9,69085.9,69001.9,69053
1770642540000,BTC-USDT,69070.5,1.23392977,69053,69127.7,69053,69070.5
1770642600000,BTC-USDT,69077.4,0.38343745,69078.5,69085,69053,69077.4
1770642660000,BTC-USDT,69233,8.07200688,69077.4,69249.9,69077.4,69233
1770642720000,BTC-USDT,69287.7,13.09275715,69233.1,69300,69191,69287.7
1770642780000,BTC-USDT,69262,3.31396347,69288.5,69297.9,69227,69262
1770642840000,BTC-USDT,69250,3.2144755,69261.4,69263.4,69205.6,69250
1770642900000,BTC-USDT,69200.1,3.03917527,69250,69250,69188,69200.1
1770642960000,BTC-USDT,69064.9,1.64173183,69200,69200,69060,69064.9
1770643020000,BTC-USDT,69066.9,1.27353994,69065,69087.3,69051.4,69066.9
1770643080000,BTC-USDT,69077,3.16991005,69069.9,69088.9,69003.1,69077
1770643140000,BTC-USDT,69151.5,2.22519333,69080.5,69159.5,69080.5,69151.5
1770643200000,BTC-USDT,69194,1.97188593,69151.5,69208.7,69136.9,69194
1770643260000,BTC-USDT,69216.9,1.75359329,69195.9,69218.7,69157.8,69216.9
1770643320000,BTC-USDT,69160.9,1.18120754,69217,69262.9,69160.8,69160.9
1770643380000,BTC-USDT,69192.5,0.8517566,69160.9,69192.5,69138.9,69192.5
1770643440000,BTC-USDT,69249.8,1.71534857,69192.6,69255.3,69192.6,69249.8
1770643500000,BTC-USDT,69208.9,1.70092965,69249.7,69253.9,69197.7,69208.9
1770643560000,BTC-USDT,69237.3,1.56717628,69208.9,69255.3,69208.9,69237.3
1770643620000,BTC-USDT,69246.3,1.49824632,69237.3,69283.3,69214.9,69246.3
1770643680000,BTC-USDT,69208.2,1.86518109,69246.2,69246.2,69169,69208.2
1770643740000,BTC-USDT,69273.4,1.7328344,69208.2,69273.5,69191.6,69273.4
1770643800000,BTC-USDT,69212.3,2.00474857,69273.4,69273.4,69210.8,69212.3
1770643860000,BTC-USDT,69171.2,2.43532143,69212.4,69212.4,69124.1,69171.2
1770643920000,BTC-USDT,69163.1,0.75413779,69169.8,69194.8,69130.7,69163.1
1770643980000,BTC-USDT,69132,1.35547302,69163,69163,69100,69132
1770644040000,BTC-USDT,69105.9,2.60671802,69131.9,69160.2,69100,69105.9
1770644100000,BTC-USDT,69085,6.40907174,69103.3,69103.3,69072.8,69085
1770644160000,BTC-USDT,69103.1,2.05813602,69085,69145.9,69083.7,69103.1
1770644220000,BTC-USDT,69060.9,2.69907899,69103.1,69127.8,69060.9,69060.9
1770644280000,BTC-USDT,69107,0.52280698,69060,69108.1,69051.6,69107
1770644340000,BTC-USDT,69186.1,1.57597297,69107.1,69186.2,69107.1,69186.1
1770644400000,BTC-USDT,69139.7,1.77217907,69186.2,69200,69139.7,69139.7
1770644460000,BTC-USDT,69142,3.35515068,69135.7,69189.8,69103.9,69142
1770644520000,BTC-USDT,69090.3,4.10639384,69142.1,69144.8,69090.3,69090.3
1770644580000,BTC-USDT,69076.1,1.45375739,69090.3,69096.4,69051,69076.1
1770644640000,BTC-USDT,69077.4,2.92722112,69076.1,69123.3,69076.1,69077.4
1770644700000,BTC-USDT,69147,0.71277312,69077.5,69147,69077.4,69147
1770644760000,BTC-USDT,69135.1,1.38398531,69147,69156,69123.9,69135.1
1770644820000,BTC-USDT,69093.1,0.83520413,69135.1,69152.7,69093,69093.1
1770644880000,BTC-USDT,69017,2.81764139,69088.5,69088.5,68978,69017
1770644940000,BTC-USDT,68980,3.53738659,69016.9,69039.4,68959.6,68980
1770645000000,BTC-USDT,68914,14.71964049,68978.3,69021.3,68848.6,68914
1770645060000,BTC-USDT,68800.1,13.03994117,68914,68915.4,68800,68800.1
1770645120000,BTC-USDT,68854.6,11.02861988,68800.1,68930.3,68777,68854.6
1770645180000,BTC-USDT,68855.2,3.04410126,68855.1,68931.5,68852.4,68855.2
1770645240000,BTC-USDT,68811.1,13.80563498,68855.2,68893.4,68811.1,68811.1
1770645300000,BTC-USDT,68718.8,11.80202592,68811,68811,68680.5,68718.8
1770645360000,BTC-USDT,68739.7,4.65586135,68718.8,68785.4,68718.8,68739.7
1770645420000,BTC-USDT,68779,3.23636254,68739.8,68801,68737,68779
1770645480000,BTC-USDT,68666.8,10.75264475,68778.9,68778.9,68638.4,68666.8
1770645540000,BTC-USDT,68601,5.08276422,68666.9,68690.5,68601,68601
1770645600000,BTC-USDT,68673.4,24.39636681,68601,68726,68570.8,68673.4
1770645660000,BTC-USDT,68776,5.10843736,68673.4,68776,68664,68776
1770645720000,BTC-USDT,68786,2.40158918,68775.9,68827.1,68762,68786
1770645780000,BTC-USDT,68707,2.13317543,68785,68788.4,68707,68707
1770645840000,BTC-USDT,68722,0.99087726,68705,68739.9,68688.9,68722
1770645900000,BTC-USDT,68597.1,3.86267083,68727,68795.7,68578.4,68597.1
1770645960000,BTC-USDT,68489,17.7245517,68597.1,68604.2,68480,68489
1770646020000,BTC-USDT,68490.1,9.28179188,68488.9,68525,68431.4,68490.1
1770646080000,BTC-USDT,68462.1,7.12994287,68494.2,68506.7,68375.7,68462.1
1770646140000,BTC-USDT,68523.9,5.06468839,68461.1,68569.2,68454.8,68523.9
1770646200000,BTC-USDT,68512,5.71448816,68523.9,68624.9,68512,68512
1770646260000,BTC-USDT,68473.2,28.67466819,68511.5,68523.9,68413.8,68473.2
1770646320000,BTC-USDT,68415,6.67727827,68473.9,68496.8,68415,68415
1770646380000,BTC-USDT,68549.9,18.22111461,68415,68550,68309.4,68549.9
1770646440000,BTC-USDT,68605.7,2.69948518,68550,68605.7,68482.5,68605.7
1770646500000,BTC-USDT,68603.1,7.04078821,68605.7,68700,68600.1,68603.1
1770646560000,BTC-USDT,68554.4,4.30372651,68603,68626,68537,68554.4
1770646620000,BTC-USDT,68435.6,5.53372653,68545.1,68545.1,68428,68435.6
1770646680000,BTC-USDT,68535.4,5.50259884,68435.7,68535.9,68400.1,68535.4
1770646740000,BTC-USDT,68571.4,7.901245,68535.4,68571.4,68423.2,68571.4
1770646800000,BTC-USDT,68551.4,20.99009226,68572.6,68583.8,68504.1,68551.4
1770646860000,BTC-USDT,68595.8,7.20364531,68551.3,68654.7,68532.8,68595.8
1770646920000,BTC-USDT,68619.9,11.58756847,68594,68645.3,68559.7,68619.9
1770646980000,BTC-USDT,68733.1,4.72339689,68620,68757.6,68620,68733.1
1770647040000,BTC-USDT,68756.4,9.15838817,68733.1,68825.4,68733.1,68756.4
1770647100000,BTC-USDT,68939,8.76164157,68756.5,68958.6,68756.5,68939
1770647160000,BTC-USDT,68917.1,10.21242368,68926.9,68926.9,68863.5,68917.1
1770647220000,BTC-USDT,68966.6,9.10041893,68917,68998.3,68855,68966.6
1770647280000,BTC-USDT,69009.8,5.21562917,68969,69016.2,68954.1,69009.8
1770647340000,BTC-USDT,68993.9,10.08484506,69004,69049.1,68960.1,68993.9
1770647400000,BTC-USDT,68838,23.2632498,68994,69048.4,68813.2,68838
1770647460000,BTC-USDT,68780,13.95289822,68844.1,68933.3,68732.3,68780
1770647520000,BTC-USDT,68864.2,12.62584924,68777.5,68929.7,68675.1,68864.2
1770647580000,BTC-USDT,68765.6,7.4691384,68872,68902.9,68688.5,68765.6
1770647640000,BTC-USDT,68734.1,7.8111101,68760.1,68816.6,68656.7,68734.1
1770647700000,BTC-USDT,68748.8,13.1714954,68728.9,68748.8,68501.4,68748.8
1770647760000,BTC-USDT,68730,8.86680053,68747.3,68771.3,68572.8,68730
1770647820000,BTC-USDT,69344.3,35.87273562,68731.4,69381.6,68725.4,69344.3
1770647880000,BTC-USDT,69254.4,9.72251128,69340,69384.2,69159.6,69254.4
1770647940000,BTC-USDT,69349.3,23.0162033,69253.8,69368.6,69142.2,69349.3
1770648000000,BTC-USDT,69490.1,54.9180325,69349.4,69756.7,69331.7,69490.1
1770648060000,BTC-USDT,69402.5,15.94755513,69490,69602.9,69362,69402.5
1770648120000,BTC-USDT,69431,11.21695279,69401,69494.9,69349.3,69431
1770648180000,BTC-USDT,69253.2,8.84081705,69429.2,69494.9,69246.8,69253.2
1770648240000,BTC-USDT,69174,9.64658522,69253.2,69368.6,69174,69174
1770648300000,BTC-USDT,69148.9,6.32411587,69174,69293.1,69099.3,69148.9
1770648360000,BTC-USDT,69234,6.46934208,69142.1,69376.8,69140.5,69234
1770648420000,BTC-USDT,69045.1,43.05499027,69240,69240,68959.5,69045.1
1770648480000,BTC-USDT,69280,3.33353519,69048.4,69282.3,69030.3,69280
1770648540000,BTC-USDT,69333,4.22940483,69282.9,69339.9,69194,69333
1770648600000,BTC-USDT,69411.6,6.94569741,69324.1,69411.6,69250.1,69411.6
1770648660000,BTC-USDT,69380,4.53303294,69411.7,69455.4,69255.5,69380
1770648720000,BTC-USDT,69326.6,4.85562674,69375.8,69425.7,69277.8,69326.6
1770648780000,BTC-USDT,69324.7,12.44743799,69323.9,69396.4,69246.3,69324.7
1770648840000,BTC-USDT,69366.2,3.8849912,69326.5,69381.3,69187.4,69366.2
1770648900000,BTC-USDT,69216.2,6.21533056,69363.1,69457.9,69206.6,69216.2
1770648960000,BTC-USDT,69293.9,6.11189856,69220.1,69302.8,69185.4,69293.9
1770649020000,BTC-USDT,69230,3.33187589,69288.7,69316.9,69151.8,69230
1770649080000,BTC-USDT,69289.5,3.77371188,69235,69310,69223.1,69289.5
1770649140000,BTC-USDT,69269.2,2.60446263,69289.4,69328.7,69250.1,69269.2
1770649200000,BTC-USDT,69300.1,5.75074816,69271,69413.5,69259.9,69300.1
1770649260000,BTC-USDT,69561.8,24.84900505,69309.2,69644.3,69309.2,69561.8
1770649320000,BTC-USDT,69499.1,4.65461226,69579.8,69597.6,69441.2,69499.1
1770649380000,BTC-USDT,69626,11.3969833,69500.2,69626,69483.1,69626
1770649440000,BTC-USDT,69699,10.46620746,69626.1,69699,69565.4,69699
1770649500000,BTC-USDT,69780,20.49011963,69699.5,69836.7,69608.6,69780
1770649560000,BTC-USDT,69692.6,28.80755116,69780.1,69858.7,69682.7,69692.6
1770649620000,BTC-USDT,69785.2,32.98018822,69701.6,69868.8,69685.7,69785.2
1770649680000,BTC-USDT,69634.1,13.23302526,69787.8,69799.6,69600.3,69634.1
1770649740000,BTC-USDT,69612,5.4279279,69630.8,69646.9,69555.8,69612
1770649800000,BTC-USDT,69520.8,8.11350475,69617.6,69617.6,69505,69520.8
1770649860000,BTC-USDT,69548.5,4.5311769,69524.9,69594.7,69504.7,69548.5
1770649920000,BTC-USDT,69449.4,10.11787985,69542.9,69549.7,69445.9,69449.4
1770649980000,BTC-USDT,69503.4,4.74023922,69447,69521.9,69410.9,69503.4
1770650040000,BTC-USDT,69478.5,4.77851233,69503.5,69507.1,69467,69478.5
1770650100000,BTC-USDT,69525.9,4.18856072,69493.8,69659.9,69477.4,69525.9
1770650160000,BTC-USDT,69549.5,4.26515349,69526,69585.4,69511.1,69549.5
1770650220000,BTC-USDT,69372.5,3.91960211,69548.9,69554.6,69346.8,69372.5
1770650280000,BTC-USDT,69363.2,7.03603104,69376.6,69407.6,69349.1,69363.2
1770650340000,BTC-USDT,69380.5,12.53294255,69363.2,69386.1,69261.9,69380.5
1770650400000,BTC-USDT,69358.9,5.2327929,69389,69399,69320.1,69358.9
1770650460000,BTC-USDT,69196.6,3.36234444,69360,69412,69193.5,69196.6
1770650520000,BTC-USDT,69161.6,4.36951881,69192.9,69192.9,69072.2,69161.6
1770650580000,BTC-USDT,69025.3,5.71273868,69160.1,69165.9,69025.3,69025.3
1770650640000,BTC-USDT,68982.3,24.94471568,69025.1,69042,68977.3,68982.3
1770650700000,BTC-USDT,68854.3,14.1269301,68982.3,69019,68841,68854.3
1770650760000,BTC-USDT,68904.2,10.48970241,68854,68938.9,68801.8,68904.2
1770650820000,BTC-USDT,68903.5,10.86787778,68904,68917.9,68848,68903.5
1770650880000,BTC-USDT,68852.1,14.46748037,68907.2,68990.6,68820,68852.1
1770650940000,BTC-USDT,68923.5,3.31281128,68845,68956.2,68822.5,68923.5
1770651000000,BTC-USDT,69050,6.8645355,68920.1,69076.9,68918.1,69050
1770651060000,BTC-USDT,69029.1,8.82494272,69052,69131.2,69017.4,69029.1
1770651120000,BTC-USDT,68846.5,8.56493464,69027.6,69040,68846.1,68846.5
1770651180000,BTC-USDT,68878.1,4.62809856,68846.2,68996,68846.1,68878.1
1770651240000,BTC-USDT,69028.9,1.9376692,68882,69033.3,68882,69028.9
1770651300000,BTC-USDT,69216,12.09763189,69029,69282.4,69029,69216
1770651360000,BTC-USDT,69268.9,9.46566991,69213.9,69378.9,69213.9,69268.9
1770651420000,BTC-USDT,69414.7,4.59649491,69271.2,69440,69265,69414.7
1770651480000,BTC-USDT,69484,34.24710004,69411.5,69528.1,69398,69484
1770651540000,BTC-USDT,69443,6.40894285,69489.6,69529.9,69403.2,69443
1770651600000,BTC-USDT,69464.9,24.80759389,69442.9,69530.6,69419.1,69464.9
1770651660000,BTC-USDT,69416.5,10.37093944,69464.9,69551.1,69406,69416.5
1770651720000,BTC-USDT,69578.4,10.02538651,69416.5,69588.1,69402.8,69578.4
1770651780000,BTC-USDT,69531.1,9.32047987,69579.9,69644.3,69512.6,69531.1
1770651840000,BTC-USDT,69534.1,10.54372021,69531.8,69638.1,69524.9,69534.1
1770651900000,BTC-USDT,69588,3.17161049,69534.1,69623.1,69534,69588
1770651960000,BTC-USDT,69431.9,2.86711201,69586,69609,69423.7,69431.9
1770652020000,BTC-USDT,69399.9,4.5420576,69426.2,69434.2,69339.2,69399.9
1770652080000,BTC-USDT,69309,3.04038642,69400,69400,69302,69309
1770652140000,BTC-USDT,69436.9,1.54686728,69311.9,69437,69308,69436.9
1770652200000,BTC-USDT,69408.9,1.82992794,69436.2,69436.2,69329.1,69408.9
1770652260000,BTC-USDT,69317.1,4.82183721,69408.9,69425.8,69304.2,69317.1
1770652320000,BTC-USDT,69222.5,4.1920966,69315,69340.9,69222.5,69222.5
1770652380000,BTC-USDT,69395,4.7489753,69222.2,69415,69182.7,69395
1770652440000,BTC-USDT,69478.4,7.23871241,69392.7,69478.4,69337.9,69478.4
1770652500000,BTC-USDT,69524.2,4.96988684,69479,69558.7,69479,69524.2
1770652560000,BTC-USDT,69551.2,4.29576264,69521.9,69610.4,69500.3,69551.2
1770652620000,BTC-USDT,69540,1.96266956,69551.3,69577.9,69515,69540
1770652680000,BTC-USDT,69532.6,3.99173783,69540.1,69574.5,69458,69532.6
1770652740000,BTC-USDT,69567.1,6.28192576,69530.4,69582.4,69461.7,69567.1
1770652800000,BTC-USDT,69522.6,5.01470265,69564.1,69573.7,69467.6,69522.6
1770652860000,BTC-USDT,69494.9,7.90034171,69522.5,69522.5,69448.7,69494.9
1770652920000,BTC-USDT,69570.5,4.24264904,69494.9,69582.8,69494.9,69570.5
1770652980000,BTC-USDT,69420.1,6.77182974,69572.5,69713,69420.1,69420.1
1770653040000,BTC-USDT,69480.2,5.38336407,69420,69526,69379,69480.2
1770653100000,BTC-USDT,69436.9,3.61488184,69480.1,69500,69406.3,69436.9
1770653160000,BTC-USDT,69355.7,6.38570097,69436.9,69436.9,69272.9,69355.7
1770653220000,BTC-USDT,69298.8,2.39017295,69355.9,69377.2,69298.8,69298.8
1770653280000,BTC-USDT,69206.7,3.67362821,69298.8,69315,69206.6,69206.7
1770653340000,BTC-USDT,69213.5,7.26064957,69206.5,69273,69138.7,69213.5
1770653400000,BTC-USDT,69316,3.02815462,69212,69321.3,69140.1,69316
1770653460000,BTC-USDT,69167,3.07096148,69316.9,69325.8,69150.6,69167
1770653520000,BTC-USDT,69191.1,1.93018862,69167.6,69236.6,69167.6,69191.1
1770653580000,BTC-USDT,69164.2,13.75249871,69191,69191,69100,69164.2
1770653640000,BTC-USDT,69199.9,4.56012934,69167,69236,69149.9,69199.9
1770653700000,BTC-USDT,69184.5,8.5991749,69198.9,69312.4,69184.5,69184.5
1770653760000,BTC-USDT,69270.9,2.45426682,69184.4,69283.9,69154.1,69270.9
1770653820000,BTC-USDT,69358.1,3.21017838,69270.9,69411,69270.9,69358.1
1770653880000,BTC-USDT,69342.9,1.32052612,69357.3,69389.9,69331.7,69342.9
1770653940000,BTC-USDT,69245.7,7.33876155,69342.9,69346.7,69211.7,69245.7
1770654000000,BTC-USDT,69364.1,2.28918684,69247.9,69372.3,69232.5,69364.1
1770654060000,BTC-USDT,69395.6,5.20887683,69369.4,69447.7,69334.9,69395.6
1770654120000,BTC-USDT,69382.6,7.15534261,69394.3,69474.9,69375,69382.6
1770654180000,BTC-USDT,69415,4.38699178,69382.6,69415,69341.1,69415
1770654240000,BTC-USDT,69472.5,3.04638676,69412.3,69483.7,69393,69472.5
1770654300000,BTC-USDT,69430.7,4.47982333,69472.4,69479.9,69416.1,69430.7
1770654360000,BTC-USDT,69413.8,1.00522807,69431.1,69467,69413.8,69413.8
1770654420000,BTC-USDT,69495.4,1.89008956,69413.9,69495.4,69373.2,69495.4
1770654480000,BTC-USDT,69577.2,5.39140013,69495.3,69590,69467.1,69577.2
1770654540000,BTC-USDT,69599.2,3.51854776,69571.7,69626.2,69571.7,69599.2
1770654600000,BTC-USDT,69655.8,7.76658945,69599.2,69683.6,69569.5,69655.8
1770654660000,BTC-USDT,69639.8,5.72289243,69655.8,69708.2,69603.7,69639.8
1770654720000,BTC-USDT,69592,2.72980164,69648.9,69667.9,69586.4,69592
1770654780000,BTC-USDT,69480.1,4.34796917,69592,69592,69463.8,69480.1
1770654840000,BTC-USDT,69425.9,5.14789634,69480.1,69492.8,69397.6,69425.9
1770654900000,BTC-USDT,69396.3,9.08730181,69433,69446,69333.3,69396.3
1770654960000,BTC-USDT,69491.4,2.66092587,69394.4,69531.1,69366.4,69491.4
1770655020000,BTC-USDT,69515.8,8.40917231,69491.4,69515.8,69448,69515.8
1770655080000,BTC-USDT,69458.6,2.53996006,69517.9,69517.9,69410.9,69458.6
1770655140000,BTC-USDT,69443.9,1.8313479,69458.6,69488,69425.5,69443.9
1770655200000,BTC-USDT,69468,2.80057948,69444,69517.7,69444,69468
1770655260000,BTC-USDT,69727.4,29.00943251,69468,69744.5,69460.1,69727.4
1770655320000,BTC-USDT,69725.1,7.26146731,69727.5,69858.2,69708.2,69725.1
1770655380000,BTC-USDT,69839,5.78272182,69725,69839,69693.1,69839
1770655440000,BTC-USDT,69936,24.1173632,69838.9,70017.3,69838.9,69936
1770655500000,BTC-USDT,70197.3,58.12790425,69933,70231.6,69929.7,70197.3
1770655560000,BTC-USDT,70296.2,12.51309669,70204.2,70306.5,70149.5,70296.2
1770655620000,BTC-USDT,70320.7,12.2413868,70290.7,70419.7,70246.3,70320.7
1770655680000,BTC-USDT,70331.4,59.42943255,70318.4,70358.7,70156.4,70331.4
1770655740000,BTC-USDT,70118,6.0346354,70335,70354.9,70085.7,70118
1770655800000,BTC-USDT,70054,4.97279947,70121.9,70145,70040,70054
1770655860000,BTC-USDT,70118.3,5.29498685,70054,70213.2,70013.4,70118.3
1770655920000,BTC-USDT,70020,7.44977645,70112.4,70112.4,69929,70020
1770655980000,BTC-USDT,70019,1.90361674,70019.9,70079,69980.3,70019
1770656040000,BTC-USDT,70067.9,8.96726042,70022.7,70124.8,70000,70067.9
1770656100000,BTC-USDT,70179.9,3.75842087,70067.9,70180,70052.1,70179.9
1770656160000,BTC-USDT,70134.4,4.54966406,70180,70227.7,70126.7,70134.4
1770656220000,BTC-USDT,70186.9,2.58394681,70134.4,70215.3,70120,70186.9
1770656280000,BTC-USDT,70071.1,1.1590888,70189.6,70189.6,70069.3,70071.1
1770656340000,BTC-USDT,70089.1,4.37932722,70079,70106.9,70043,70089.1
1770656400000,BTC-USDT,70268.8,3.48536753,70089.1,70273.5,70063.7,70268.8
1770656460000,BTC-USDT,70323.5,12.27732643,70268.9,70331.5,70171,70323.5
1770656520000,BTC-USDT,70243.8,13.54799055,70321.3,70325.5,70227,70243.8
1770656580000,BTC-USDT,70261.1,5.27093831,70243.8,70308,70243.8,70261.1
1770656640000,BTC-USDT,70255,16.61737407,70261.2,70296.3,70200,70255
1770656700000,BTC-USDT,70199.9,49.18854987,70254.9,70259.8,70123.4,70199.9
1770656760000,BTC-USDT,70223,2.62063572,70193.1,70263.8,70193.1,70223
1770656820000,BTC-USDT,70048.3,8.35345456,70225.3,70237.5,70042,70048.3
1770656880000,BTC-USDT,70009.7,3.71524843,70051,70109.9,70003,70009.7
1770656940000,BTC-USDT,70065.2,5.29177754,70009.7,70068.7,69983.3,70065.2
1770657000000,BTC-USDT,70079.8,15.26569214,70056.5,70141.8,70028.9,70079.8
1770657060000,BTC-USDT,70044.1,6.34798898,70079.9,70139.9,70031.1,70044.1
1770657120000,BTC-USDT,70070.1,1.59351092,70042.5,70081.9,70008.2,70070.1
1770657180000,BTC-USDT,70000.2,1.20932036,70066.8,70068,70000.2,70000.2
1770657240000,BTC-USDT,69916.1,17.45263683,70000,70000.1,69875.9,69916.1
1770657300000,BTC-USDT,70069.3,2.96446122,69916.1,70084.1,69916.1,70069.3
1770657360000,BTC-USDT,70104.2,9.38690233,70079,70231.7,70079,70104.2
1770657420000,BTC-USDT,70159.8,3.44349167,70121,70159.9,70053.5,70159.8
1770657480000,BTC-USDT,70124.1,0.61430642,70161.1,70162.8,70123,70124.1
1770657540000,BTC-USDT,70117,2.55093629,70124,70175.9,70079.6,70117
1770657600000,BTC-USDT,70039.9,1.87180799,70114.3,70114.3,70039.9,70039.9
1770657660000,BTC-USDT,70088,2.77114283,70044,70097.9,70032.8,70088
1770657720000,BTC-USDT,70052.2,1.51157146,70088,70120.1,70048,70052.2
1770657780000,BTC-USDT,69982,11.93133395,70053.9,70110.9,69963,69982
1770657840000,BTC-USDT,69984.6,2.62397123,69981.9,70029.2,69960.1,69984.6
1770657900000,BTC-USDT,69887.8,1.95426019,69986.7,69986.8,69887.8,69887.8
1770657960000,BTC-USDT,69909.9,1.90344795,69892.7,69931.9,69880,69909.9
1770658020000,BTC-USDT,70013.8,1.99835232,69912.2,70039.9,69912.2,70013.8
1770658080000,BTC-USDT,69992.3,3.71556592,70013.8,70059.2,69992.2,69992.3
1770658140000,BTC-USDT,70050.1,1.43483918,69992.2,70053.6,69991.1,70050.1
1770658200000,BTC-USDT,70066.9,16.72891273,70049,70110.7,69979.1,70066.9
1770658260000,BTC-USDT,70056,2.98287509,70067,70124.9,70042.3,70056
1770658320000,BTC-USDT,70201.8,6.40392879,70057.5,70246.4,70048.4,70201.8
1770658380000,BTC-USDT,70215.9,17.27830488,70204.3,70333.4,70204.3,70215.9
1770658440000,BTC-USDT,70168,2.75571507,70215.4,70271.9,70154.1,70168
1770658500000,BTC-USDT,70485.9,44.42268356,70155.1,70512.6,70140.6,70485.9
1770658560000,BTC-USDT,70508.1,16.34976054,70485.9,70604.2,70446.6,70508.1
1770658620000,BTC-USDT,70445.6,9.28369041,70508.2,70545,70432,70445.6
1770658680000,BTC-USDT,70462,9.6489845,70445.5,70537.4,70419.9,70462
1770658740000,BTC-USDT,70544,4.35631502,70456.4,70572.6,70403,70544
1770658800000,BTC-USDT,70654,12.21801503,70547.4,70720,70500.6,70654
1770658860000,BTC-USDT,70707,20.67572131,70656,70796.2,70648.1,70707
1770658920000,BTC-USDT,70673.8,1.6566464,70713.1,70748.4,70650.1,70673.8
1770658980000,BTC-USDT,70759.1,7.88116307,70674.9,70765.3,70608,70759.1
1770659040000,BTC-USDT,70849.1,61.24227603,70759.1,70993.7,70734.2,70849.1
1770659100000,BTC-USDT,70766.9,14.66200829,70847.1,70929.3,70746.2,70766.9
1770659160000,BTC-USDT,70659.4,4.50902712,70768.5,70769,70636.4,70659.4
1770659220000,BTC-USDT,70662.7,3.30163612,70659.3,70665.2,70592.9,70662.7
1770659280000,BTC-USDT,70689,4.8333182,70664.9,70718,70629.4,70689
1770659340000,BTC-USDT,70776,3.38999525,70690,70838.7,70647.4,70776
1770659400000,BTC-USDT,70812,1.87220723,70779.1,70823.5,70745.8,70812
1770659460000,BTC-USDT,70779,2.70229399,70808.2,70897.4,70747.7,70779
1770659520000,BTC-USDT,70775.9,2.92236983,70774.1,70798.3,70715.1,70775.9
1770659580000,BTC-USDT,70713,1.76408182,70762.3,70766.9,70708,70713
1770659640000,BTC-USDT,70708.9,9.0580172,70713,70739.8,70655.9,70708.9
1770659700000,BTC-USDT,70728.2,2.16495325,70709,70783.6,70709,70728.2
1770659760000,BTC-USDT,70743,2.12294088,70729.7,70798.1,70689.6,70743
1770659820000,BTC-USDT,70762.8,3.68223169,70744.1,70798.2,70718.2,70762.8
1770659880000,BTC-USDT,70631.5,1.87025724,70760.3,70760.3,70620.5,70631.5
1770659940000,BTC-USDT,70615.5,5.40548437,70631.5,70654.7,70610.5,70615.5
1770660000000,BTC-USDT,70658.6,17.80174031,70617,70674,70568.1,70658.6
1770660060000,BTC-USDT,70649.9,4.36293415,70663,70663,70585.1,70649.9
1770660120000,BTC-USDT,70759,1.73837399,70649.8,70760.4,70637.3,70759
1770660180000,BTC-USDT,70976.1,3.4474488,70753.2,70996.4,70746.5,70976.1
1770660240000,BTC-USDT,70828.2,8.66819421,70976.1,71020,70825.7,70828.2
1770660300000,BTC-USDT,70847.1,2.93040595,70825.8,70918.8,70771.7,70847.1
1770660360000,BTC-USDT,70862.9,1.87938143,70846.5,70885.1,70805,70862.9
1770660420000,BTC-USDT,70731.2,1.61731809,70860.4,70886,70731.2,70731.2
1770660480000,BTC-USDT,70600,2.872478,70730.1,70730.1,70600,70600
1770660540000,BTC-USDT,70640.5,10.57782187,70601,70649.4,70555.5,70640.5
1770660600000,BTC-USDT,70586.4,5.54338009,70640.5,70641.6,70490.2,70586.4
1770660660000,BTC-USDT,70577,3.68302018,70592,70642,70566.2,70577
1770660720000,BTC-USDT,70594.2,2.3359409,70581,70612,70552.3,70594.2
1770660780000,BTC-USDT,70550.8,2.31572823,70597.1,70597.1,70533,70550.8
1770660840000,BTC-USDT,70545.8,3.79144484,70542.2,70599.8,70488.4,70545.8
1770660900000,BTC-USDT,70424.2,2.21975297,70541.1,70594.9,70418.4,70424.2
1770660960000,BTC-USDT,70426.3,2.79813913,70424.3,70465,70386.2,70426.3
1770661020000,BTC-USDT,70375.4,4.82453661,70432.1,70493,70357,70375.4
1770661080000,BTC-USDT,70435.2,3.34464985,70380,70505.9,70380,70435.2
1770661140000,BTC-USDT,70510.8,2.28077682,70433.3,70518.9,70406.2,70510.8
1770661200000,BTC-USDT,70474.3,1.77165991,70510.7,70595.5,70466.1,70474.3
1770661260000,BTC-USDT,70247,24.06182388,70474.4,70487.9,70181.8,70247
1770661320000,BTC-USDT,70293.5,3.61049312,70240.4,70316,70189.6,70293.5
1770661380000,BTC-USDT,70288.5,1.13241979,70297.8,70316,70155.2,70288.5
1770661440000,BTC-USDT,70280.3,2.41470481,70288.6,70333.2,70222.3,70280.3
1770661500000,BTC-USDT,70163.1,3.78863976,70280.4,70296,70150.3,70163.1
1770661560000,BTC-USDT,70115.9,4.32678166,70166.8,70198.3,70101.1,70115.9
1770661620000,BTC-USDT,70153.7,3.7422807,70116,70189.9,70092,70153.7
1770661680000,BTC-USDT,70306.7,1.22923683,70153.7,70311.4,70153.7,70306.7
1770661740000,BTC-USDT,70290.6,0.88169942,70299,70301.8,70228,70290.6
1770661800000,BTC-USDT,70216.9,3.5384854,70290.6,70391.5,70144.3,70216.9
1770661860000,BTC-USDT,70282,3.86803476,70217.9,70312.4,70168.4,70282
1770661920000,BTC-USDT,70399.2,1.04402138,70282,70399.2,70281,70399.2
1770661980000,BTC-USDT,70447.1,3.28834555,70391.5,70483.8,70341,70447.1
1770662040000,BTC-USDT,70438.5,1.0054981,70447,70484,70392.7,70438.5
1770662100000,BTC-USDT,70489.8,1.14925873,70438.6,70506.5,70437.1,70489.8
1770662160000,BTC-USDT,70365.1,1.04510487,70488.9,70490.8,70363.5,70365.1
1770662220000,BTC-USDT,70424.2,0.98082032,70365.2,70424.2,70339,70424.2
1770662280000,BTC-USDT,70330.9,1.10921219,70424.3,70425.9,70312.5,70330.9
1770662340000,BTC-USDT,70363.1,2.03975262,70328,70373,70298.5,70363.1
1770662400000,BTC-USDT,70312.5,1.2348385,70368,70393.1,70257.3,70312.5
1770662460000,BTC-USDT,70385.1,0.61613605,70320.9,70408,70305,70385.1
1770662520000,BTC-USDT,70367.3,1.08010744,70391.5,70408.2,70354,70367.3
1770662580000,BTC-USDT,70456,1.7947156,70364.2,70464.4,70358.5,70456
1770662640000,BTC-USDT,70438,0.90060706,70456,70465.7,70425.2,70438
1770662700000,BTC-USDT,70347.9,1.7032022,70435.9,70509.7,70333.5,70347.9
1770662760000,BTC-USDT,70407,2.86079109,70348,70407,70328.3,70407
1770662820000,BTC-USDT,70470.1,0.83507922,70406.9,70470.1,70333.6,70470.1
1770662880000,BTC-USDT,70483,2.22755806,70471.2,70549.3,70466.4,70483
1770662940000,BTC-USDT,70382,1.06767378,70486.3,70520.5,70377.1,70382
1770663000000,BTC-USDT,70400.9,0.75842787,70382,70439.9,70381.9,70400.9
1770663060000,BTC-USDT,70379.1,1.3385971,70400.8,70426.7,70368.7,70379.1
1770663120000,BTC-USDT,70352.1,2.59937652,70379.1,70479.7,70352,70352.1
1770663180000,BTC-USDT,70385,0.97341658,70352.2,70390,70352.2,70385
1770663240000,BTC-USDT,70298.9,2.35807765,70387.5,70387.5,70275.6,70298.9
1770663300000,BTC-USDT,70302.9,1.09788643,70299.8,70310.8,70261,70302.9
1770663360000,BTC-USDT,70274.1,0.75754458,70306.6,70347.7,70274.1,70274.1
1770663420000,BTC-USDT,70336.9,2.28223082,70277.1,70348,70254.6,70336.9
1770663480000,BTC-USDT,70355.4,0.98925048,70333.3,70373.1,70317.5,70355.4
1770663540000,BTC-USDT,70417.1,6.01057949,70358.2,70417.1,70358.2,70417.1
1770663600000,BTC-USDT,70398.9,0.66659403,70417.1,70420.2,70384.3,70398.9
1770663660000,BTC-USDT,70279.5,1.1770967,70396.6,70396.6,70259.9,70279.5
1770663720000,BTC-USDT,70352.5,2.00261055,70282.6,70406.5,70272.4,70352.5
1770663780000,BTC-USDT,70504.4,4.16912528,70350,70522.1,70334.9,70504.4
1770663840000,BTC-USDT,70465,1.58854243,70504.4,70504.4,70377.9,70465
1770663900000,BTC-USDT,70417.9,0.56914248,70465,70470.4,70415.2,70417.9
1770663960000,BTC-USDT,70422.5,1.33740846,70417.8,70470.1,70413,70422.5
1770664020000,BTC-USDT,70384.8,0.76123555,70422.4,70462,70372.7,70384.8
1770664080000,BTC-USDT,70449.2,0.96887279,70384.7,70460.1,70372.6,70449.2
1770664140000,BTC-USDT,70482.8,0.98456255,70449.2,70494.3,70436.5,70482.8
1770664200000,BTC-USDT,70432.9,1.29218749,70482.8,70528,70390,70432.9
1770664260000,BTC-USDT,70481.1,2.95570247,70423.2,70487,70409.5,70481.1
1770664320000,BTC-USDT,70494.1,1.28979202,70484.9,70510,70443.3,70494.1
1770664380000,BTC-USDT,70516.1,0.89958184,70497,70522.9,70489.5,70516.1
1770664440000,BTC-USDT,70480,1.52801603,70516.1,70525.1,70458,70480
1770664500000,BTC-USDT,70456.7,3.19547266,70482.4,70522.9,70455.3,70456.7
1770664560000,BTC-USDT,70613,4.4747423,70456.7,70619.1,70456.7,70613
1770664620000,BTC-USDT,70545.5,5.65758876,70613,70629.4,70489.7,70545.5
1770664680000,BTC-USDT,70519.9,1.60786627,70544.3,70557.9,70480,70519.9
1770664740000,BTC-USDT,70557.1,0.43817676,70517.5,70567.9,70507.2,70557.1
1770664800000,BTC-USDT,70547,2.74153644,70559.8,70571.6,70487.1,70547
1770664860000,BTC-USDT,70481.5,1.74927998,70546,70580.9,70460,70481.5
1770664920000,BTC-USDT,70523.1,2.9885922,70485.5,70537.2,70456.6,70523.1
1770664980000,BTC-USDT,70534.9,0.79272163,70523,70559.9,70514,70534.9
1770665040000,BTC-USDT,70624.2,1.96374672,70535,70627.5,70535,70624.2
1770665100000,BTC-USDT,70615.3,2.28633546,70625,70699.5,70605.2,70615.3
1770665160000,BTC-USDT,70630.2,1.98451309,70611,70661.3,70603,70630.2
1770665220000,BTC-USDT,70638,2.03697188,70625.1,70660,70603,70638
1770665280000,BTC-USDT,70616.5,0.90981019,70638,70650,70609.6,70616.5
1770665340000,BTC-USDT,70670.5,1.70607749,70615.6,70678.8,70585.3,70670.5
1770665400000,BTC-USDT,70699.6,2.13220488,70670,70699.6,70638.8,70699.6
1770665460000,BTC-USDT,70769.1,3.2477031,70699.5,70774.5,70671.5,70769.1
1770665520000,BTC-USDT,70803.2,3.32115264,70772.9,70833.2,70762.7,70803.2
1770665580000,BTC-USDT,70772.9,1.9911968,70803.5,70869.6,70737.1,70772.9
1770665640000,BTC-USDT,70767.8,2.21169659,70766.4,70780.9,70704.1,70767.8
1770665700000,BTC-USDT,70874.9,1.07405029,70767.1,70875,70749.8,70874.9
1770665760000,BTC-USDT,70846.2,2.08884578,70871.8,70907,70808.4,70846.2
1770665820000,BTC-USDT,70889.9,1.54064313,70846.1,70889.9,70804,70889.9
1770665880000,BTC-USDT,70831,3.80171938,70890,70899.9,70754.8,70831
1770665940000,BTC-USDT,70919.9,1.29160362,70831,70920,70815.6,70919.9
1770666000000,BTC-USDT,70852,1.3708727,70919.9,70919.9,70849.2,70852
1770666060000,BTC-USDT,70900.3,4.12546346,70861,70946.4,70846.4,70900.3
1770666120000,BTC-USDT,70908,4.49905613,70902,70970.3,70894.9,70908
1770666180000,BTC-USDT,70959.9,1.85270121,70907.9,70959.9,70892.5,70959.9
1770666240000,BTC-USDT,70925.1,1.89218929,70959.9,70967.1,70924.6,70925.1
1770666300000,BTC-USDT,70963.6,2.40784569,70925,70966,70896.5,70963.6
1770666360000,BTC-USDT,70936.5,2.62406142,70965.9,70981.9,70925.2,70936.5
1770666420000,BTC-USDT,70864.1,2.02700289,70939,70981.9,70864.1,70864.1
1770666480000,BTC-USDT,70812.9,19.35302922,70864,70902.3,70794.3,70812.9
1770666540000,BTC-USDT,70957.9,4.20137574,70816.7,70957.9,70800,70957.9
1770666600000,BTC-USDT,71050.7,13.96474673,70958.3,71061.7,70958,71050.7
1770666660000,BTC-USDT,70933.2,23.49557884,71050,71059.8,70918,70933.2
1770666720000,BTC-USDT,70967.5,15.28460393,70939,70967.5,70881.1,70967.5
1770666780000,BTC-USDT,70949.9,3.24375133,70967.4,70989.1,70913.4,70949.9
1770666840000,BTC-USDT,70959.8,4.26242243,70949.9,70974.7,70903,70959.8
1770666900000,BTC-USDT,71009,1.84625803,70959.8,71018.4,70941.3,71009
1770666960000,BTC-USDT,71025,2.06888879,71011.3,71026.4,70991.7,71025
1770667020000,BTC-USDT,71031.3,1.11579713,71025,71044,71000.1,71031.3
1770667080000,BTC-USDT,70927.9,4.52780269,71032,71069.6,70860.6,70927.9
1770667140000,BTC-USDT,70962.5,1.73822759,70927.9,70965.8,70915,70962.5
1770667200000,BTC-USDT,70897.7,4.85309342,70959,70964.5,70892.2,70897.7
1770667260000,BTC-USDT,70817.9,6.82145299,70889.4,70889.4,70757.1,70817.9
1770667320000,BTC-USDT,70850,8.74024769,70820.6,70891.7,70762.5,70850
1770667380000,BTC-USDT,70779.1,5.65892374,70850,70850,70720,70779.1
1770667440000,BTC-USDT,70835.9,3.10739867,70779.1,70836.9,70743.1,70835.9
1770667500000,BTC-USDT,70936.3,1.25972002,70835.9,70936.3,70804.5,70936.3
1770667560000,BTC-USDT,70975.9,2.40967007,70934,70996.3,70934,70975.9
1770667620000,BTC-USDT,71052.9,4.23711041,70975.9,71055.1,70968.6,71052.9
1770667680000,BTC-USDT,71105.7,8.624022,71052.9,71125.5,71014.5,71105.7
1770667740000,BTC-USDT,71056.3,6.92543529,71106,71125.5,71013.3,71056.3
1770667800000,BTC-USDT,71002.1,6.25387954,71056.8,71059.7,70955.4,71002.1
1770667860000,BTC-USDT,71078.8,2.66011978,71006.5,71078.8,71006.5,71078.8
1770667920000,BTC-USDT,71073,0.92821812,71078.8,71078.8,70999.6,71073
1770667980000,BTC-USDT,71042,7.16931158,71072.4,71079.3,71039.8,71042
1770668040000,BTC-USDT,70988.9,1.89369275,71042,71069.3,70988.8,70988.9
1770668100000,BTC-USDT,70732.3,6.28079797,70989.9,71001.9,70732.3,70732.3
1770668160000,BTC-USDT,70714.9,3.93588908,70732.3,70732.3,70661.5,70714.9
1770668220000,BTC-USDT,70644,2.61571855,70714.1,70732.3,70625,70644
1770668280000,BTC-USDT,70654.5,1.87502423,70644.9,70689.7,70600,70654.5
1770668340000,BTC-USDT,70679.8,3.38863183,70654.5,70723.6,70635.8,70679.8
1770668400000,BTC-USDT,70639.8,15.36366607,70676.8,70676.8,70525.6,70639.8
1770668460000,BTC-USDT,70663.1,3.02424421,70633.1,70666.9,70591.2,70663.1
1770668520000,BTC-USDT,70708,0.96823646,70667,70719.8,70639.4,70708
1770668580000,BTC-USDT,70735.6,1.55517123,70705.4,70749.4,70653,70735.6
1770668640000,BTC-USDT,70684.4,1.7463191,70735.4,70735.4,70637.6,70684.4
1770668700000,BTC-USDT,70597,1.71160375,70661.7,70661.7,70581.5,70597
1770668760000,BTC-USDT,70556,6.24091294,70597.1,70613.6,70500.9,70556
1770668820000,BTC-USDT,70593.8,3.46225612,70555.6,70612.7,70550,70593.8
1770668880000,BTC-USDT,70554.8,1.01026607,70594,70598.8,70544.5,70554.8
1770668940000,BTC-USDT,70554.5,1.89788429,70555.4,70563.1,70516.1,70554.5
1770669000000,BTC-USDT,70589.7,6.15927436,70554.5,70612.5,70502.6,70589.7
1770669060000,BTC-USDT,70553,1.58029226,70589.7,70612.5,70500,70553
1770669120000,BTC-USDT,70688.6,3.73894813,70553.6,70690.9,70553.6,70688.6
1770669180000,BTC-USDT,70634.9,1.16522611,70687.6,70687.6,70593.1,70634.9
1770669240000,BTC-USDT,70610.9,0.61918844,70634.9,70659.8,70596.1,70610.9
1770669300000,BTC-USDT,70616,1.72850586,70609.2,70656.9,70590.5,70616
1770669360000,BTC-USDT,70550.1,0.62284651,70620.5,70664.4,70550.1,70550.1
1770669420000,BTC-USDT,70677.8,1.21970966,70552,70678.6,70552,70677.8
1770669480000,BTC-USDT,70715.6,0.60480482,70675.5,70715.6,70655.2,70715.6
1770669540000,BTC-USDT,70770.2,4.92151908,70718.8,70804,70711.2,70770.2
1770669600000,BTC-USDT,70785.2,2.00026323,70770.9,70822.3,70770.9,70785.2
1770669660000,BTC-USDT,70765.6,2.90354209,70788.2,70799,70721,70765.6
1770669720000,BTC-USDT,70770,0.34280506,70761.8,70770,70747.3,70770
1770669780000,BTC-USDT,70802,1.23568633,70773.5,70805.7,70732.5,70802
1770669840000,BTC-USDT,70830.4,3.72256607,70802,70836,70802,70830.4
1770669900000,BTC-USDT,70735.8,12.28613588,70832,70835.9,70720,70735.8
1770669960000,BTC-USDT,70796.5,8.8259157,70739.2,70799.8,70693.6,70796.5
1770670020000,BTC-USDT,70865.6,1.457343,70799.9,70867.9,70787,70865.6
1770670080000,BTC-USDT,70867.5,3.41960015,70865.6,70867.5,70812.2,70867.5
1770670140000,BTC-USDT,70803,1.95767755,70867.9,70867.9,70803,70803
1770670200000,BTC-USDT,70778.3,2.8497563,70799.9,70815.2,70703.8,70778.3
1770670260000,BTC-USDT,70752.5,1.48619206,70778.3,70778.3,70715.5,70752.5
1770670320000,BTC-USDT,70774.6,2.68723529,70755.5,70815,70753,70774.6
1770670380000,BTC-USDT,70757.1,6.29472688,70773,70814.9,70719.3,70757.1
1770670440000,BTC-USDT,70773,1.6706696,70759,70806.3,70759,70773
1770670500000,BTC-USDT,70835.1,6.55202452,70773,70874.9,70743,70835.1
1770670560000,BTC-USDT,70714.9,21.80158682,70835,70845.4,70703.6,70714.9
1770670620000,BTC-USDT,70740.9,6.38816331,70714.9,70757.9,70694,70740.9
1770670680000,BTC-USDT,70798.8,3.83460912,70741,70807,70731.2,70798.8
1770670740000,BTC-USDT,70744.6,23.25901483,70798.7,70819.3,70744.6,70744.6
1770670800000,BTC-USDT,70711.9,11.53165062,70744.7,70811,70711.9,70711.9
1770670860000,BTC-USDT,70696.7,4.70772653,70711.9,70735,70679.9,70696.7
1770670920000,BTC-USDT,70655.4,2.5525795,70696.7,70707.5,70625,70655.4
1770670980000,BTC-USDT,70635,1.1234393,70654.4,70675.2,70612.9,70635
1770671040000,BTC-USDT,70617.8,0.92510677,70635.1,70656.3,70600.1,70617.8
1770671100000,BTC-USDT,70588.7,0.76632031,70617.7,70630.4,70581.4,70588.7
1770671160000,BTC-USDT,70573.1,0.45573342,70588.8,70599,70546.6,70573.1
1770671220000,BTC-USDT,70536,1.22630952,70573.1,70594.7,70536,70536
1770671280000,BTC-USDT,70420.3,3.50553847,70536,70536,70405.3,70420.3
1770671340000,BTC-USDT,70468.9,3.51350296,70420.3,70485.9,70400,70468.9
1770671400000,BTC-USDT,70479.7,2.71862985,70468.9,70482.5,70400,70479.7
1770671460000,BTC-USDT,70408.9,1.03477804,70470,70475,70408.8,70408.9
1770671520000,BTC-USDT,70448,1.24223238,70408.9,70453.9,70400,70448
1770671580000,BTC-USDT,70408.2,4.28540864,70449.9,70479,70398.5,70408.2
1770671640000,BTC-USDT,70420.7,0.25394989,70410.2,70434,70410.2,70420.7
1770671700000,BTC-USDT,70412.8,1.62348755,70419.1,70468.7,70396.1,70412.8
1770671760000,BTC-USDT,70380.1,0.69943354,70414.6,70447.9,70380.1,70380.1
1770671820000,BTC-USDT,70327.4,1.69451744,70382.9,70387.9,70304.1,70327.4
1770671880000,BTC-USDT,70341.9,0.27408178,70327.4,70358,70324.3,70341.9
1770671940000,BTC-USDT,70356.6,1.29605653,70343.7,70384,70340.7,70356.6
1770672000000,BTC-USDT,70388.6,2.24476934,70356.7,70396,70335,70388.6
1770672060000,BTC-USDT,70351.3,0.87967074,70384.7,70399.9,70327.1,70351.3
1770672120000,BTC-USDT,70419.7,1.714584,70352,70424.4,70349.5,70419.7
1770672180000,BTC-USDT,70456,0.5364178,70419.7,70474.9,70419.7,70456
1770672240000,BTC-USDT,70489.3,0.48283745,70455.9,70510,70455.9,70489.3
1770672300000,BTC-USDT,70393.9,1.65018752,70489.2,70489.2,70388.3,70393.9
1770672360000,BTC-USDT,70376.9,1.00652154,70394,70421.9,70372.6,70376.9
1770672420000,BTC-USDT,70388.1,2.90787266,70376.4,70427.1,70376.3,70388.1
1770672480000,BTC-USDT,70354,0.92534093,70388,70388,70341.4,70354
1770672540000,BTC-USDT,70325,1.05404496,70351.6,70351.6,70325,70325
1770672600000,BTC-USDT,70307.2,1.2843583,70325.3,70371,70307.1,70307.2
1770672660000,BTC-USDT,70275.2,2.95591847,70307.2,70309.7,70275.2,70275.2
1770672720000,BTC-USDT,70154.8,10.54889266,70275.2,70298.4,70111.2,70154.8
1770672780000,BTC-USDT,70085.9,4.4975982,70147,70150.2,70077,70085.9
1770672840000,BTC-USDT,70004.9,24.20719784,70085.9,70106.7,69952,70004.9
1770672900000,BTC-USDT,70067.1,9.00456614,70005,70071.8,70005,70067.1
1770672960000,BTC-USDT,69918.7,10.51491134,70067.1,70107.5,69909.1,69918.7
1770673020000,BTC-USDT,69923.2,2.54170416,69921.2,69939.3,69890.9,69923.2
1770673080000,BTC-USDT,69934.6,1.12499136,69923.3,69947.1,69923.3,69934.6
1770673140000,BTC-USDT,69992.8,2.72566283,69934.6,69994.9,69920,69992.8
1770673200000,BTC-USDT,70005.3,3.59051167,69992.1,70018.3,69965,70005.3
1770673260000,BTC-USDT,70028,10.26324571,70005.3,70075.9,70004,70028
1770673320000,BTC-USDT,70039.7,0.87951515,70028,70056.2,70020.8,70039.7
1770673380000,BTC-USDT,70037.9,1.07167664,70039.8,70054.8,70018.7,70037.9
1770673440000,BTC-USDT,70020.5,1.37630097,70038.4,70074,70008,70020.5
1770673500000,BTC-USDT,70007.5,0.85118299,70019.1,70057,70004.2,70007.5
1770673560000,BTC-USDT,69886,6.54684647,70006.1,70033.8,69886,69886
1770673620000,BTC-USDT,69942.4,6.57313711,69885.8,69943.1,69815.9,69942.4
1770673680000,BTC-USDT,70053,26.1938599,69942.5,70096,69942.5,70053
1770673740000,BTC-USDT,70050,0.48198564,70053,70085,70042.9,70050
1770673800000,BTC-USDT,70172.5,12.80383521,70050,70206.4,70050,70172.5
1770673860000,BTC-USDT,70179.9,1.48033503,70172.5,70179.9,70147.1,70179.9
1770673920000,BTC-USDT,70165.9,1.43854568,70184.8,70209.5,70161,70165.9
1770673980000,BTC-USDT,70352,10.26187068,70165.8,70378.2,70165.8,70352
1770674040000,BTC-USDT,70496.7,8.29166718,70355.3,70505,70333.2,70496.7
1770674100000,BTC-USDT,70353.3,2.1310409,70493.6,70493.6,70353.3,70353.3
1770674160000,BTC-USDT,70376.6,2.25221505,70351.3,70377.1,70332.9,70376.6
1770674220000,BTC-USDT,70425.1,6.48814914,70367.1,70470.5,70357.1,70425.1
1770674280000,BTC-USDT,70404.2,1.38471244,70421.9,70445.2,70401,70404.2
1770674340000,BTC-USDT,70411.2,0.78406803,70401.2,70444.5,70401.2,70411.2
1770674400000,BTC-USDT,70388.8,2.15480128,70413.6,70463.9,70367,70388.8
1770674460000,BTC-USDT,70309.7,5.0065222,70388.9,70421.7,70274.1,70309.7
1770674520000,BTC-USDT,70367.5,1.96714789,70309.7,70370.2,70309.7,70367.5
1770674580000,BTC-USDT,70380.7,0.47710879,70369.4,70417.2,70356.1,70380.7
1770674640000,BTC-USDT,70355.1,0.59394063,70380.6,70386.1,70335,70355.1
1770674700000,BTC-USDT,70346.9,1.63146262,70354.1,70361,70303.3,70346.9
1770674760000,BTC-USDT,70325.7,0.9389261,70347,70379.9,70320,70325.7
1770674820000,BTC-USDT,70328.8,3.07866585,70326.6,70339.5,70300,70328.8
1770674880000,BTC-USDT,70383.2,3.58325087,70328.9,70383.2,70319.1,70383.2
1770674940000,BTC-USDT,70403.4,5.8491768,70383.2,70416,70373.9,70403.4
1770675000000,BTC-USDT,70483.9,3.34566279,70403.4,70483.9,70403.4,70483.9
1770675060000,BTC-USDT,70515.9,2.40432928,70483.9,70533.2,70475,70515.9
1770675120000,BTC-USDT,70610.5,4.59251733,70516,70610.5,70516,70610.5
1770675180000,BTC-USDT,70699.9,23.75366163,70610.5,70700,70606,70699.9
1770675240000,BTC-USDT,70652,38.18955891,70700,70733.2,70575.7,70652
1770675300000,BTC-USDT,70609.7,0.85248565,70653.9,70653.9,70574.1,70609.7
1770675360000,BTC-USDT,70541,13.17806438,70609.7,70648.2,70541,70541
1770675420000,BTC-USDT,70610.9,5.01441484,70540,70615.3,70540,70610.9
1770675480000,BTC-USDT,70514.9,1.25881973,70610.9,70610.9,70500,70514.9
1770675540000,BTC-USDT,70493,0.44411755,70515,70524.9,70485.4,70493
1770675600000,BTC-USDT,70438,24.45292243,70493.9,70511.1,70438,70438
1770675660000,BTC-USDT,70433.9,0.91954246,70454.5,70464.8,70431,70433.9
1770675720000,BTC-USDT,70416,2.54028958,70433.9,70449.9,70390,70416
1770675780000,BTC-USDT,70411.6,1.60977753,70415.9,70433.9,70375,70411.6
1770675840000,BTC-USDT,70439.1,0.45952239,70412.3,70485.1,70412.3,70439.1
1770675900000,BTC-USDT,70482.2,1.70892865,70439.1,70514.7,70439.1,70482.2
1770675960000,BTC-USDT,70494.4,2.19768499,70483.1,70547.8,70483.1,70494.4
1770676020000,BTC-USDT,70444.7,0.7294578,70494.4,70503.8,70444.7,70444.7
1770676080000,BTC-USDT,70453.5,8.66857877,70444.8,70465,70444.8,70453.5
1770676140000,BTC-USDT,70455.9,0.35204915,70453.5,70458,70444.1,70455.9
1770676200000,BTC-USDT,70445.8,19.83658754,70456,70507.9,70424,70445.8
1770676260000,BTC-USDT,70435.1,1.26557215,70442.2,70452,70416.1,70435.1
1770676320000,BTC-USDT,70452.4,0.83907167,70435,70465,70421,70452.4
1770676380000,BTC-USDT,70428.9,0.36245278,70452.5,70468,70425.6,70428.9
1770676440000,BTC-USDT,70450,0.92902809,70431.9,70459.2,70420.3,70450
1770676500000,BTC-USDT,70459.5,0.69297911,70450,70468.3,70439.8,70459.5
1770676560000,BTC-USDT,70449.9,1.61464168,70459.3,70491.7,70448.4,70449.9
1770676620000,BTC-USDT,70450.8,0.85165078,70452.2,70478.7,70450.8,70450.8
1770676680000,BTC-USDT,70465.7,3.18779857,70450.6,70465.7,70394.7,70465.7
1770676740000,BTC-USDT,70457.2,9.59921235,70466.2,70485.5,70441.4,70457.2
1770676800000,BTC-USDT,70454,7.03242002,70457.1,70461,70430,70454
1770676860000,BTC-USDT,70486,11.18943445,70454.1,70493.9,70432.6,70486
1770676920000,BTC-USDT,70482.8,0.19530608,70479.8,70486.5,70450.4,70482.8
1770676980000,BTC-USDT,70543.8,1.67304827,70482.9,70558.8,70482.8,70543.8
1770677040000,BTC-USDT,70518.4,1.21369268,70543.8,70554.7,70509.8,70518.4
1770677100000,BTC-USDT,70590,0.47991359,70519.8,70590,70519.8,70590
1770677160000,BTC-USDT,70499.6,2.2844109,70590.1,70610.5,70475.7,70499.6
1770677220000,BTC-USDT,70424.7,0.29910018,70499.7,70502.6,70424.7,70424.7
1770677280000,BTC-USDT,70470.4,2.00262876,70423,70483.1,70417.7,70470.4
1770677340000,BTC-USDT,70481.5,0.1038116,70470.4,70481.5,70451.8,70481.5
1770677400000,BTC-USDT,70451.7,0.27316266,70481.6,70481.6,70426.6,70451.7
1770677460000,BTC-USDT,70389.5,1.32181677,70449.5,70449.5,70389.5,70389.5
1770677520000,BTC-USDT,70388.4,0.26080523,70406.8,70406.8,70388.4,70388.4
1770677580000,BTC-USDT,70381.1,0.24398976,70386.2,70386.2,70351.4,70381.1
1770677640000,BTC-USDT,70365.5,0.13193719,70381.1,70381.1,70365.5,70365.5
1770677700000,BTC-USDT,70397.5,0.36683721,70365.6,70422.6,70365.6,70397.5
1770677760000,BTC-USDT,70395.3,1.50547507,70397.5,70406.2,70385.4,70395.3
1770677820000,BTC-USDT,70372,0.6112063,70395.2,70407.4,70367.9,70372
1770677880000,BTC-USDT,70381.2,3.56609484,70372,70389.9,70349.8,70381.2
1770677940000,BTC-USDT,70379.4,5.24679325,70383,70417.9,70341.9,70379.4
1770678000000,BTC-USDT,70386,1.52405757,70379.1,70426,70365.1,70386
1770678060000,BTC-USDT,70380,1.03345546,70386,70426.6,70380,70380
1770678120000,BTC-USDT,70355.5,0.9357544,70380,70389.2,70334.1,70355.5
1770678180000,BTC-USDT,70387.6,1.93698594,70357.9,70389.3,70323,70387.6
1770678240000,BTC-USDT,70446.5,2.88442727,70387.6,70480,70373.1,70446.5
1770678300000,BTC-USDT,70556.3,0.88425375,70446.5,70556.3,70442,70556.3
1770678360000,BTC-USDT,70515,2.63623125,70558,70567.8,70486.9,70515
1770678420000,BTC-USDT,70552.1,0.78551396,70515.1,70582.9,70515.1,70552.1
1770678480000,BTC-USDT,70554,0.35712136,70552,70558,70522.1,70554
1770678540000,BTC-USDT,70555.8,0.93250146,70554.2,70587,70554.2,70555.8
1770678600000,BTC-USDT,70531,0.93300586,70555,70559.9,70522.1,70531
1770678660000,BTC-USDT,70484.8,0.73699753,70532.1,70543.9,70484.8,70484.8
1770678720000,BTC-USDT,70386.1,1.80750311,70481.9,70481.9,70336.6,70386.1
1770678780000,BTC-USDT,70486,6.00025528,70387,70490,70387,70486
1770678840000,BTC-USDT,70449.4,3.39863053,70486,70506.3,70444,70449.4
1770678900000,BTC-USDT,70469.3,0.41827942,70454.3,70506.3,70454.3,70469.3
1770678960000,BTC-USDT,70471.9,2.04336408,70466.2,70503,70462.1,70471.9
1770679020000,BTC-USDT,70451.7,3.09104197,70472,70485.4,70400,70451.7
1770679080000,BTC-USDT,70460,0.33885726,70454.9,70469.4,70447.1,70460
1770679140000,BTC-USDT,70458.9,0.09094036,70460.1,70464.9,70440.5,70458.9
1770679200000,BTC-USDT,70492.9,2.93349939,70460.4,70493,70437.2,70492.9
1770679260000,BTC-USDT,70379.4,2.72064613,70487.4,70487.5,70367.2,70379.4
1770679320000,BTC-USDT,70333.3,0.8283817,70379.5,70384.6,70333.3,70333.3
1770679380000,BTC-USDT,70371.9,1.56863481,70333.3,70376.7,70309.9,70371.9
1770679440000,BTC-USDT,70335,0.93611206,70376.8,70378.9,70314.9,70335
1770679500000,BTC-USDT,70278.8,0.53857528,70332,70345.6,70266.6,70278.8
1770679560000,BTC-USDT,70303.4,0.75244815,70278.9,70303.4,70273.7,70303.4
1770679620000,BTC-USDT,70307.3,1.21571241,70309.9,70326.6,70288.9,70307.3
1770679680000,BTC-USDT,70304.9,0.6422394,70307.9,70326,70295,70304.9
1770679740000,BTC-USDT,70288.3,2.03133947,70305,70324.6,70267,70288.3
1770679800000,BTC-USDT,70276.8,1.5044734,70288.3,70306.6,70267,70276.8
1770679860000,BTC-USDT,70299.9,0.65037839,70281.8,70311.3,70278,70299.9
1770679920000,BTC-USDT,70282,0.64693128,70298.1,70320.7,70282,70282
1770679980000,BTC-USDT,70328.2,0.40566432,70282.1,70337.9,70282.1,70328.2
1770680040000,BTC-USDT,70335.1,0.46607538,70328.9,70348.1,70315,70335.1
1770680100000,BTC-USDT,70326.1,0.74040501,70335.1,70363.5,70325.4,70326.1
1770680160000,BTC-USDT,70331.9,0.96204342,70326.1,70345.9,70312.1,70331.9
1770680220000,BTC-USDT,70357.2,0.32620294,70332,70364.9,70332,70357.2
1770680280000,BTC-USDT,70357.9,0.43022654,70355.8,70362,70325,70357.9
1770680340000,BTC-USDT,70358.9,0.30343551,70357.2,70359,70338.1,70358.9
1770680400000,BTC-USDT,70412.8,2.25802723,70359,70431.3,70359,70412.8
1770680460000,BTC-USDT,70428.3,2.80163452,70415.5,70450.8,70401.1,70428.3
1770680520000,BTC-USDT,70386.9,0.35878938,70431.5,70433.9,70377.9,70386.9
1770680580000,BTC-USDT,70409.4,0.62241231,70386.9,70415.9,70386.9,70409.4
1770680640000,BTC-USDT,70399,1.73076159,70409.3,70409.3,70384,70399
1770680700000,BTC-USDT,70324.5,2.92914683,70397.6,70398.7,70324.5,70324.5
1770680760000,BTC-USDT,70281.1,3.2646477,70326.1,70341.5,70276,70281.1
1770680820000,BTC-USDT,70258.1,0.85453015,70281.1,70293.5,70258,70258.1
1770680880000,BTC-USDT,70221.7,3.25063622,70258.1,70266.6,70216.9,70221.7
1770680940000,BTC-USDT,70202,0.34906117,70221.8,70236.9,70202,70202
1770681000000,BTC-USDT,70208.9,2.45775227,70202,70221.7,70178.5,70208.9
1770681060000,BTC-USDT,70171.5,0.56868654,70209,70209,70171.5,70171.5
1770681120000,BTC-USDT,70106.3,6.46335583,70171.4,70179.6,70080.2,70106.3
1770681180000,BTC-USDT,70117.6,0.47148895,70102.9,70117.9,70096.8,70117.6
1770681240000,BTC-USDT,70171.4,2.5506889,70117.7,70184.5,70117.7,70171.4
1770681300000,BTC-USDT,70176.6,3.01060891,70170.4,70180.7,70140.5,70176.6
1770681360000,BTC-USDT,70116.9,2.56186741,70176.7,70176.7,70110,70116.9
1770681420000,BTC-USDT,70150.8,0.84102552,70116.9,70159.6,70116.9,70150.8
1770681480000,BTC-USDT,70177.9,2.30910024,70150.9,70177.9,70149.8,70177.9
1770681540000,BTC-USDT,70136.4,2.15087796,70177.9,70177.9,70133.9,70136.4
1770681600000,BTC-USDT,70190.3,7.83145018,70141,70208.8,70140.9,70190.3
1770681660000,BTC-USDT,70214,1.53510487,70190.3,70216.1,70172.6,70214
1770681720000,BTC-USDT,70218.2,0.79918115,70214,70220.8,70199.5,70218.2
1770681780000,BTC-USDT,70248.1,2.89809569,70216.1,70258.3,70216.1,70248.1
1770681840000,BTC-USDT,70099.9,2.20186594,70246.1,70246.1,70099.9,70099.9
1770681900000,BTC-USDT,70094.1,3.78085757,70099.1,70144.7,70084.8,70094.1
1770681960000,BTC-USDT,70128.2,1.16908743,70094.1,70149.8,70094.1,70128.2
1770682020000,BTC-USDT,70052,8.15660938,70128.2,70128.2,70035.8,70052
1770682080000,BTC-USDT,70000,7.56737122,70052,70054.4,69970.2,70000
1770682140000,BTC-USDT,70007.6,3.0223258,70000,70020,69983.6,70007.6
1770682200000,BTC-USDT,69978.2,1.05184986,70007.6,70011.1,69971.9,69978.2
1770682260000,BTC-USDT,70112.9,1.81631009,69987.6,70117.5,69987.6,70112.9
1770682320000,BTC-USDT,70059.9,1.29034179,70112.8,70122.7,70035.4,70059.9
1770682380000,BTC-USDT,70113.8,1.35980075,70060.1,70113.8,70038.4,70113.8
1770682440000,BTC-USDT,70187.6,2.77721205,70114.3,70190.7,70083.5,70187.6
1770682500000,BTC-USDT,70120.5,1.41322383,70180.1,70180.1,70120.5,70120.5
1770682560000,BTC-USDT,70146.5,7.64902666,70120,70219.7,70110.5,70146.5
1770682620000,BTC-USDT,70071.2,1.42807675,70146,70151.6,70059,70071.2
1770682680000,BTC-USDT,70075.5,1.0661237,70067.2,70098.6,70054.8,70075.5
1770682740000,BTC-USDT,70051.9,0.46687762,70075.5,70075.6,70043,70051.9
1770682800000,BTC-USDT,70039,0.44867277,70052,70079.1,70039,70039
1770682860000,BTC-USDT,69902.7,8.61970105,70038.7,70038.7,69902.6,69902.7
1770682920000,BTC-USDT,69900,4.33197451,69902.7,69939.5,69900,69900
1770682980000,BTC-USDT,69899.3,1.68812499,69900,69904.1,69891.1,69899.3
1770683040000,BTC-USDT,69902.9,1.61637085,69899,69936.7,69899,69902.9
1770683100000,BTC-USDT,69924.2,1.71998177,69902.9,69934.4,69888,69924.2
1770683160000,BTC-USDT,69958.8,1.21272341,69924.3,69978.9,69924.3,69958.8
1770683220000,BTC-USDT,69955.6,0.76448128,69957.3,69992.9,69955.6,69955.6
1770683280000,BTC-USDT,69951.1,0.97003468,69955.7,69994.8,69943.1,69951.1
1770683340000,BTC-USDT,69993,6.57026393,69951.1,70000,69945.2,69993
1770683400000,BTC-USDT,70000,1.1121808,69993,70000,69961.5,70000
1770683460000,BTC-USDT,70099.9,5.17743977,69999.9,70105.6,69999.9,70099.9
1770683520000,BTC-USDT,70023.8,1.14359652,70099.9,70113.6,70023.8,70023.8
1770683580000,BTC-USDT,70039.6,0.96542445,70022.5,70049.7,70022.5,70039.6
1770683640000,BTC-USDT,70088.7,0.85546257,70039.6,70088.7,70039.6,70088.7
1770683700000,BTC-USDT,69975.2,10.86982166,70088.6,70088.6,69940.4,69975.2
1770683760000,BTC-USDT,70024.8,1.13488284,69975.2,70033.6,69975.2,70024.8
1770683820000,BTC-USDT,69995.9,1.15558583,70024.7,70024.7,69978.3,69995.9
1770683880000,BTC-USDT,70000.8,1.55129722,69995.9,70029.5,69995.9,70000.8
1770683940000,BTC-USDT,69993.8,0.47439794,70000.8,70014.9,69974.7,69993.8
1770684000000,BTC-USDT,69952.1,1.05028086,69993.8,69993.8,69952.1,69952.1
1770684060000,BTC-USDT,69826.1,5.82606258,69952.1,69952.1,69807.1,69826.1
1770684120000,BTC-USDT,69832.2,6.28925131,69826.1,69859.6,69808,69832.2
1770684180000,BTC-USDT,69789.5,6.71738633,69832.2,69846.6,69769.2,69789.5
1770684240000,BTC-USDT,69782.5,2.21759286,69789.5,69823.6,69782.5,69782.5
1770684300000,BTC-USDT,69750,3.53582927,69782.5,69819.1,69750,69750
1770684360000,BTC-USDT,69784.4,3.1961528,69750,69814.8,69747.6,69784.4
1770684420000,BTC-USDT,69832.1,0.49866482,69784.4,69832.2,69774.8,69832.1
1770684480000,BTC-USDT,69802.2,6.87008149,69832.1,69876.3,69802.2,69802.2
1770684540000,BTC-USDT,69761.4,1.19983969,69802.2,69821.4,69756.4,69761.4
1770684600000,BTC-USDT,69786,0.75291243,69761.4,69786,69759.5,69786
1770684660000,BTC-USDT,69807.2,0.80900214,69786,69807.4,69779.5,69807.2
1770684720000,BTC-USDT,69819.4,2.07354866,69807.2,69872.1,69807.2,69819.4
1770684780000,BTC-USDT,69885.3,0.98481422,69819.4,69893.3,69819.4,69885.3
1770684840000,BTC-USDT,69838.4,11.60323571,69885.3,69913.4,69833.9,69838.4
1770684900000,BTC-USDT,69826.7,0.52055516,69836.3,69858.3,69804.5,69826.7
1770684960000,BTC-USDT,69859.9,1.95234174,69826.8,69860,69818.3,69859.9
1770685020000,BTC-USDT,69883.5,0.32469446,69859.9,69883.5,69852.8,69883.5
1770685080000,BTC-USDT,69870.7,0.85224951,69883.5,69892.1,69865,69870.7
1770685140000,BTC-USDT,69825,4.25868981,69866.6,69903.8,69825,69825
1770685200000,BTC-USDT,69838.7,0.90612155,69825,69877.9,69825,69838.7
1770685260000,BTC-USDT,69874.9,1.73191258,69838.7,69888.3,69838.7,69874.9
1770685320000,BTC-USDT,69986.6,1.85022722,69877.1,69992.7,69877.1,69986.6
1770685380000,BTC-USDT,70028.8,1.50235062,69986.6,70055,69968.2,70028.8
1770685440000,BTC-USDT,69972,1.32577826,70028.9,70028.9,69972,69972
1770685500000,BTC-USDT,69891.4,3.55483996,69971.9,69971.9,69880.1,69891.4
1770685560000,BTC-USDT,69990.8,2.11301685,69891.4,69999.9,69891.4,69990.8
1770685620000,BTC-USDT,70067,1.12973681,69990.8,70079.1,69990.8,70067
1770685680000,BTC-USDT,70068.2,3.97181172,70067,70137.7,70062.8,70068.2
1770685740000,BTC-USDT,70108,0.9103937,70068.2,70108,70049.4,70108
1770685800000,BTC-USDT,70068,3.10522745,70108.1,70155.7,70056.4,70068
1770685860000,BTC-USDT,70068.1,1.06703177,70070.2,70110.8,70039.4,70068.1
1770685920000,BTC-USDT,70138.8,1.06934037,70068,70138.9,70067.1,70138.8
1770685980000,BTC-USDT,70152.8,0.52990919,70138.9,70156,70129.6,70152.8
1770686040000,BTC-USDT,70117.6,0.91729996,70151.6,70151.6,70104.2,70117.6
1770686100000,BTC-USDT,70147.3,4.48825821,70117.5,70154,70073.7,70147.3
1770686160000,BTC-USDT,70161,2.93423134,70147.4,70212.1,70147.4,70161
1770686220000,BTC-USDT,70129.6,0.42204211,70160.6,70160.6,70125.3,70129.6
1770686280000,BTC-USDT,70102.6,1.88445151,70129.6,70129.6,70063.3,70102.6
1770686340000,BTC-USDT,70183.8,5.92752796,70102.7,70196.7,70102.7,70183.8
1770686400000,BTC-USDT,70229.9,3.82045262,70180,70275,70180,70229.9
1770686460000,BTC-USDT,70267.5,1.65068913,70234.2,70275,70234.2,70267.5
1770686520000,BTC-USDT,70277,8.53453621,70267.5,70300,70232.7,70277
1770686580000,BTC-USDT,70241.5,1.92767146,70277,70283,70233.5,70241.5
1770686640000,BTC-USDT,70242,2.55118766,70243.1,70272.5,70241.9,70242
1770686700000,BTC-USDT,70314.6,6.59387505,70242,70314.6,70242,70314.6
1770686760000,BTC-USDT,70346.9,1.12010278,70314.6,70384.6,70314.6,70346.9
1770686820000,BTC-USDT,70415.7,18.40891252,70350.1,70462.8,70350.1,70415.7
1770686880000,BTC-USDT,70383.8,2.65951033,70418.6,70431.5,70383.8,70383.8
1770686940000,BTC-USDT,70367.6,12.11534613,70383.8,70386.2,70348.4,70367.6
1770687000000,BTC-USDT,70349,0.99680262,70367.6,70367.6,70314.9,70349
1770687060000,BTC-USDT,70263,4.09344705,70346.6,70346.6,70250.1,70263
1770687120000,BTC-USDT,70359,1.8365134,70263.7,70392.5,70263.7,70359
1770687180000,BTC-USDT,70389.6,0.51111028,70357.1,70389.6,70307.7,70389.6
1770687240000,BTC-USDT,70426.5,2.84887092,70387.2,70461.5,70351.4,70426.5
1770687300000,BTC-USDT,70332.5,1.14958817,70426.5,70426.5,70313.9,70332.5
1770687360000,BTC-USDT,70350,0.94635493,70331,70357.9,70292.6,70350
1770687420000,BTC-USDT,70363,0.42814903,70351.8,70363,70327.5,70363
1770687480000,BTC-USDT,70468,2.83149226,70362.9,70468.1,70362.9,70468
1770687540000,BTC-USDT,70443,5.73806805,70468.1,70533.2,70443,70443
1770687600000,BTC-USDT,70421.7,4.08531639,70443,70443,70387,70421.7
1770687660000,BTC-USDT,70420.2,0.28051522,70421.7,70431.7,70402,70420.2
1770687720000,BTC-USDT,70397.1,0.77395285,70420.3,70420.3,70393.9,70397.1
1770687780000,BTC-USDT,70410.9,1.56812135,70393.9,70419,70393.9,70410.9
1770687840000,BTC-USDT,70471.6,0.23610648,70409.8,70473.5,70405.1,70471.6
1770687900000,BTC-USDT,70402.1,1.35208573,70473.4,70492,70402.1,70402.1
1770687960000,BTC-USDT,70486,0.64287653,70404.1,70494.3,70386.5,70486
1770688020000,BTC-USDT,70440.4,0.93689888,70483,70494.3,70431.1,70440.4
1770688080000,BTC-USDT,70435,0.76694441,70447.2,70456.9,70430.1,70435
1770688140000,BTC-USDT,70404.9,0.81187699,70435,70439,70386.2,70404.9
1770688200000,BTC-USDT,70321.9,29.84455957,70404.3,70407.8,70284.7,70321.9
1770688260000,BTC-USDT,70319.7,0.30694305,70320.4,70335.2,70312,70319.7
1770688320000,BTC-USDT,70390.9,0.50514267,70319.7,70391.6,70319.7,70390.9
1770688380000,BTC-USDT,70403.6,6.55263012,70391,70457.8,70382.1,70403.6
1770688440000,BTC-USDT,70392.2,0.49790826,70403.6,70428.6,70392.2,70392.2
1770688500000,BTC-USDT,70403,1.8657944,70392.2,70403,70358.5,70403
1770688560000,BTC-USDT,70444.7,2.86047957,70402.9,70444.7,70382.1,70444.7
1770688620000,BTC-USDT,70433.7,0.85429294,70446.6,70464,70431.2,70433.7
1770688680000,BTC-USDT,70367.7,1.41719594,70433.9,70433.9,70367.7,70367.7
1770688740000,BTC-USDT,70491.2,1.64937649,70367.6,70491.2,70367.6,70491.2
1770688800000,BTC-USDT,70379.9,1.40250619,70491.9,70491.9,70376.5,70379.9
1770688860000,BTC-USDT,70398.2,1.24200884,70383,70415.6,70347.7,70398.2
1770688920000,BTC-USDT,70389,0.13205184,70398.2,70398.2,70385.2,70389
1770688980000,BTC-USDT,70426.4,0.37048577,70388,70432,70387.4,70426.4
1770689040000,BTC-USDT,70360.4,2.26227328,70427.5,70427.5,70357.1,70360.4
1770689100000,BTC-USDT,70397.5,7.42574173,70362.7,70406,70362.7,70397.5
1770689160000,BTC-USDT,70433.4,1.45005159,70397.5,70436,70397.5,70433.4
1770689220000,BTC-USDT,70417.1,0.2323764,70433.1,70433.1,70410,70417.1
1770689280000,BTC-USDT,70386.7,1.87494867,70417,70422,70385,70386.7
1770689340000,BTC-USDT,70306.1,7.76506521,70389.4,70397.8,70301,70306.1
1770689400000,BTC-USDT,70309.8,0.36883288,70306.1,70325.9,70288.7,70309.8
1770689460000,BTC-USDT,70322,8.61801267,70312,70342.9,70288.8,70322
1770689520000,BTC-USDT,70345.7,1.81921081,70322,70351.2,70300,70345.7
1770689580000,BTC-USDT,70328.1,1.96469271,70343.9,70345.9,70320,70328.1
1770689640000,BTC-USDT,70359.9,4.04676334,70328.2,70374.5,70312,70359.9
1770689700000,BTC-USDT,70343.2,1.05516174,70358.1,70386.8,70342.3,70343.2
1770689760000,BTC-USDT,70372.6,0.37586266,70341.6,70376,70339.1,70372.6
1770689820000,BTC-USDT,70410,1.48182466,70372.9,70455.4,70372.9,70410
1770689880000,BTC-USDT,70253.6,5.01418116,70410,70417.2,70253.6,70253.6
1770689940000,BTC-USDT,70308.1,0.56207151,70253.6,70325.9,70253.6,70308.1
1770690000000,BTC-USDT,70323.9,1.04506421,70308.2,70341.9,70298.4,70323.9
1770690060000,BTC-USDT,70356.4,0.54390912,70324,70376.7,70324,70356.4
1770690120000,BTC-USDT,70324.3,0.86704916,70356.4,70356.4,70324.3,70324.3
1770690180000,BTC-USDT,70340.9,0.97468055,70324.3,70345.6,70314.8,70340.9
1770690240000,BTC-USDT,70368.1,1.32837581,70341,70380.7,70309,70368.1
1770690300000,BTC-USDT,70340.7,12.8701783,70368,70373.8,70309.7,70340.7
1770690360000,BTC-USDT,70328.1,1.85331891,70342.5,70347.8,70309.9,70328.1
1770690420000,BTC-USDT,70284.7,0.9932741,70328,70328,70284.7,70284.7
1770690480000,BTC-USDT,70250,1.02747607,70284.6,70284.6,70250,70250
1770690540000,BTC-USDT,70249.8,0.85328226,70250.1,70266.9,70246.3,70249.8
1770690600000,BTC-USDT,70225.9,5.08552111,70249.9,70269.6,70225.8,70225.9
1770690660000,BTC-USDT,70271,10.5518082,70225.9,70302.3,70210.5,70271
1770690720000,BTC-USDT,70267,0.34380165,70271.7,70304.9,70249.3,70267
1770690780000,BTC-USDT,70296.1,1.07146705,70266.1,70296.1,70258.6,70296.1
1770690840000,BTC-USDT,70249,1.40358222,70296.1,70298,70249,70249
1770690900000,BTC-USDT,70183.5,2.16387778,70249,70249,70142.8,70183.5
1770690960000,BTC-USDT,70140,1.26037048,70183.5,70213.7,70140,70140
1770691020000,BTC-USDT,70151.7,2.42774026,70140,70184.2,70105.1,70151.7
1770691080000,BTC-USDT,70132.9,12.00367541,70151.7,70184.3,70121.7,70132.9
1770691140000,BTC-USDT,70093.7,9.74452082,70143,70179.9,70093.6,70093.7
1770691200000,BTC-USDT,70128,2.31714174,70094.6,70128,70094.6,70128
1770691260000,BTC-USDT,70087.1,1.71108037,70128,70139.3,70087.1,70087.1
1770691320000,BTC-USDT,70077.1,0.67109204,70087,70087,70065.4,70077.1
1770691380000,BTC-USDT,70060,0.89718597,70077.1,70082.4,70056.6,70060
1770691440000,BTC-USDT,70060.6,0.43499655,70060,70064.2,70055.5,70060.6
1770691500000,BTC-USDT,70050.9,3.52944592,70055.6,70064.4,69994.8,70050.9
1770691560000,BTC-USDT,70120.9,2.6478875,70051,70120.9,70051,70120.9
1770691620000,BTC-USDT,70108.9,2.31554243,70117.7,70159.5,70104.5,70108.9
1770691680000,BTC-USDT,70125.8,1.68417135,70109,70176.1,70109,70125.8
1770691740000,BTC-USDT,70143,1.34022917,70125.8,70199.9,70125.8,70143
1770691800000,BTC-USDT,70111.7,1.79598908,70143,70152.8,70102.4,70111.7
1770691860000,BTC-USDT,70131.9,0.21508832,70116.9,70135.9,70104,70131.9
1770691920000,BTC-USDT,70157.7,0.7067348,70134,70173,70133.9,70157.7
1770691980000,BTC-USDT,70174.7,1.04820644,70160,70194.8,70153.1,70174.7
1770692040000,BTC-USDT,70106.8,13.76277651,70174.7,70174.7,70106.8,70106.8
1770692100000,BTC-USDT,70041.6,6.57745477,70106.9,70119.2,70041.6,70041.6
1770692160000,BTC-USDT,70086.4,0.63638584,70041.7,70086.4,70041.7,70086.4
1770692220000,BTC-USDT,70072.1,0.43264289,70086.5,70088.9,70070,70072.1
1770692280000,BTC-USDT,70098.8,0.70390039,70070.2,70104.6,70062,70098.8
1770692340000,BTC-USDT,70109.8,14.34224737,70098.8,70139.7,70092.2,70109.8
1770692400000,BTC-USDT,70095.1,1.50182232,70112.8,70139.8,70089.5,70095.1
1770692460000,BTC-USDT,70097.6,3.23261154,70096.9,70104.5,70057.8,70097.6
1770692520000,BTC-USDT,70119.9,1.39189632,70100.6,70174.7,70100.5,70119.9
1770692580000,BTC-USDT,70071,0.52013575,70119.2,70124,70067.5,70071
1770692640000,BTC-USDT,70002.1,1.75849987,70070.9,70070.9,70002.1,70002.1
1770692700000,BTC-USDT,69880,5.78406725,70002.1,70010.9,69880,69880
1770692760000,BTC-USDT,69801.4,4.35326512,69880,69906.9,69801.4,69801.4
1770692820000,BTC-USDT,69775.8,5.24938157,69801.4,69842,69760,69775.8
1770692880000,BTC-USDT,69847.8,1.34617869,69775.9,69847.8,69760.7,69847.8
1770692940000,BTC-USDT,69816.9,2.28888884,69848.8,69852.1,69760.8,69816.9
1770693000000,BTC-USDT,69789.5,1.20219634,69814.4,69890.8,69781.2,69789.5
1770693060000,BTC-USDT,69842.1,0.59378619,69789.6,69873.9,69789.6,69842.1
1770693120000,BTC-USDT,69800.5,1.65371129,69842.1,69846.5,69789.9,69800.5
1770693180000,BTC-USDT,69871.8,1.96099814,69800.6,69876.2,69800.5,69871.8
1770693240000,BTC-USDT,69847,1.92554325,69867.8,69867.8,69820.1,69847
1770693300000,BTC-USDT,69889.9,1.20882744,69844.8,69914.4,69838.4,69889.9
1770693360000,BTC-USDT,69780,4.53586159,69890,69906.9,69780,69780
1770693420000,BTC-USDT,69803.1,9.49385575,69780,69821.5,69740.6,69803.1
1770693480000,BTC-USDT,69639,30.41541619,69803.2,69817,69614.4,69639
1770693540000,BTC-USDT,69571.8,12.37115597,69639,69648,69560.1,69571.8
1770693600000,BTC-USDT,69583.4,2.88413625,69577.1,69676,69577.1,69583.4
1770693660000,BTC-USDT,69642.1,1.85397496,69583.1,69664.9,69580.1,69642.1
1770693720000,BTC-USDT,69708.9,1.21595436,69644.1,69717,69634.5,69708.9
1770693780000,BTC-USDT,69666.3,14.17350621,69713.2,69720,69632.4,69666.3
1770693840000,BTC-USDT,69667,1.94415746,69666.2,69682.6,69620.1,69667
1770693900000,BTC-USDT,69617.1,7.67001637,69667.8,69733.2,69601.6,69617.1
1770693960000,BTC-USDT,69634.4,11.36320048,69617.1,69654.2,69488.4,69634.4
1770694020000,BTC-USDT,69534,14.30408858,69634.5,69675,69512.4,69534
1770694080000,BTC-USDT,69560.6,4.28547583,69533.9,69575.6,69505.3,69560.6
1770694140000,BTC-USDT,69545.7,0.44008568,69560.5,69579.1,69545.7,69545.7
1770694200000,BTC-USDT,69310.9,26.54214063,69545.6,69545.6,69310.9,69310.9
1770694260000,BTC-USDT,69289.9,16.62196448,69310.8,69331.4,69202.7,69289.9
1770694320000,BTC-USDT,69353,5.64898443,69290,69360,69290,69353
1770694380000,BTC-USDT,69333.5,2.03135374,69353,69366,69278,69333.5
1770694440000,BTC-USDT,69430.7,4.68249921,69335.4,69461.5,69331.1,69430.7
1770694500000,BTC-USDT,69405.1,1.07830505,69430.6,69471,69397.2,69405.1
1770694560000,BTC-USDT,69423.2,5.0638944,69405.1,69448,69400.1,69423.2
1770694620000,BTC-USDT,69394.9,4.89883473,69420,69420,69324.4,69394.9
1770694680000,BTC-USDT,69323.5,5.53225358,69395.3,69395.3,69306,69323.5
1770694740000,BTC-USDT,69371.1,2.48309478,69323.5,69405.6,69300.8,69371.1
1770694800000,BTC-USDT,69341,2.05787672,69379,69379.8,69326.1,69341
1770694860000,BTC-USDT,69334.4,0.63833068,69341,69341,69312,69334.4
1770694920000,BTC-USDT,69332.3,0.63240049,69326.6,69359.7,69322,69332.3
1770694980000,BTC-USDT,69313.4,3.70566196,69332.3,69390.3,69313.4,69313.4
1770695040000,BTC-USDT,69379,2.73106605,69313.4,69379,69310.8,69379
1770695100000,BTC-USDT,69381.9,0.9423438,69380,69414.5,69353.2,69381.9
1770695160000,BTC-USDT,69470.1,2.81550237,69381.9,69483.9,69381.9,69470.1
1770695220000,BTC-USDT,69457,0.18259423,69470,69470,69430.4,69457
1770695280000,BTC-USDT,69441.2,0.59456693,69457,69457,69428.2,69441.2
1770695340000,BTC-USDT,69507.2,2.25236081,69442.3,69519.3,69442.3,69507.2
1770695400000,BTC-USDT,69538.4,10.87275594,69507.2,69545.4,69500,69538.4
1770695460000,BTC-USDT,69556.6,2.82935754,69538.5,69580,69538.4,69556.6
1770695520000,BTC-USDT,69561,5.4569044,69566.4,69593.2,69558,69561
1770695580000,BTC-USDT,69533,0.89366695,69560.9,69560.9,69521.7,69533
1770695640000,BTC-USDT,69556.8,0.5739218,69532.9,69558,69529.1,69556.8
1770695700000,BTC-USDT,69597,0.71525347,69556.8,69598.5,69532.6,69597
1770695760000,BTC-USDT,69542,5.35177189,69596.9,69600,69532,69542
1770695820000,BTC-USDT,69527.5,3.41187471,69542,69547,69483.9,69527.5
1770695880000,BTC-USDT,69489.2,0.91853535,69534.2,69550,69479.1,69489.2
1770695940000,BTC-USDT,69515.7,2.20197202,69489.2,69530.1,69467.8,69515.7
1770696000000,BTC-USDT,69572.1,2.47447144,69515.6,69587.9,69481,69572.1
1770696060000,BTC-USDT,69541,2.54824346,69571.9,69579.9,69530,69541
1770696120000,BTC-USDT,69579.9,1.91212751,69550.9,69584.3,69547.6,69579.9
1770696180000,BTC-USDT,69581.8,0.50570285,69579.3,69596,69564,69581.8
1770696240000,BTC-USDT,69619.6,1.4925425,69581.8,69625,69552,69619.6
1770696300000,BTC-USDT,69649,1.28170592,69620,69689.1,69620,69649
1770696360000,BTC-USDT,69703.1,2.78131441,69652.9,69716.9,69650.3,69703.1
1770696420000,BTC-USDT,69729,1.76187441,69703.1,69744.4,69680,69729
1770696480000,BTC-USDT,69717.8,5.50132669,69734.9,69746.6,69696,69717.8
1770696540000,BTC-USDT,69743.9,2.08941459,69716,69750,69683.9,69743.9
1770696600000,BTC-USDT,69700,1.85947506,69744.9,69759.6,69700,69700
1770696660000,BTC-USDT,69757,1.44220399,69697.9,69766.6,69697.9,69757
1770696720000,BTC-USDT,69837,38.54880647,69753.7,69873,69752.1,69837
1770696780000,BTC-USDT,69762.7,0.79091268,69837,69854.8,69761.6,69762.7
1770696840000,BTC-USDT,69795.2,4.03419639,69762.5,69809.6,69755.3,69795.2
1770696900000,BTC-USDT,69755.5,0.74443364,69795.2,69795.2,69730.5,69755.5
1770696960000,BTC-USDT,69782.9,1.45512924,69753.9,69786,69745.7,69782.9
1770697020000,BTC-USDT,69754,0.75373027,69784,69820,69751.3,69754
1770697080000,BTC-USDT,69668.5,1.02093074,69754,69754,69666.1,69668.5
1770697140000,BTC-USDT,69690.6,2.20034699,69670.7,69697,69656.9,69690.6
1770697200000,BTC-USDT,69715.8,1.31952054,69690.5,69715.8,69678.5,69715.8
1770697260000,BTC-USDT,69755.6,0.53727674,69715.9,69764.3,69712,69755.6
1770697320000,BTC-USDT,69729,0.68035794,69750.9,69778.8,69729,69729
1770697380000,BTC-USDT,69711.1,0.33580562,69729,69739.1,69711.1,69711.1
1770697440000,BTC-USDT,69670.6,1.50510691,69711.1,69731.1,69670.6,69670.6
1770697500000,BTC-USDT,69682.1,0.44903491,69670.3,69702.5,69668.1,69682.1
1770697560000,BTC-USDT,69662.1,1.09466655,69682,69702.2,69662.1,69662.1
1770697620000,BTC-USDT,69732,5.32619105,69662,69732,69615.4,69732
1770697680000,BTC-USDT,69765.2,4.13671773,69732,69816,69721,69765.2
1770697740000,BTC-USDT,69820,0.29170701,69768.9,69820,69768.9,69820
1770697800000,BTC-USDT,69776.6,2.85758619,69815,69815,69770.1,69776.6
1770697860000,BTC-USDT,69749.1,5.03374451,69776.6,69776.6,69735,69749.1
1770697920000,BTC-USDT,69767.1,0.73147057,69748.1,69773.3,69748.1,69767.1
1770697980000,BTC-USDT,69776,1.34119905,69766.1,69790.5,69756.9,69776
1770698040000,BTC-USDT,69778.1,0.64160338,69776,69786,69776,69778.1
1770698100000,BTC-USDT,69799.9,0.40986339,69781.7,69799.9,69757.3,69799.9
1770698160000,BTC-USDT,69832,10.25468628,69800,69833,69800,69832
1770698220000,BTC-USDT,69817,2.00181557,69832,69874.9,69812,69817
1770698280000,BTC-USDT,69789.9,0.83961932,69818.9,69818.9,69776.4,69789.9
1770698340000,BTC-USDT,69776.2,1.08938322,69787.2,69807,69776.1,69776.2
1770698400000,BTC-USDT,69702,0.62135407,69776.1,69776.1,69700.1,69702
1770698460000,BTC-USDT,69640.5,1.95219327,69700.1,69700.1,69640.5,69640.5
1770698520000,BTC-USDT,69655,0.36262212,69640.6,69679.9,69640.5,69655
1770698580000,BTC-USDT,69663.1,2.1161935,69655,69671.8,69636.5,69663.1
1770698640000,BTC-USDT,69706.4,0.89037618,69667.6,69712.8,69667.6,69706.4
1770698700000,BTC-USDT,69665.1,2.45073192,69703.8,69703.8,69664.9,69665.1
1770698760000,BTC-USDT,69706.2,2.02242516,69665,69709.5,69660.1,69706.2
1770698820000,BTC-USDT,69738.6,2.45700356,69707.1,69752,69707.1,69738.6
1770698880000,BTC-USDT,69745.8,0.96503354,69734.1,69764.2,69726,69745.8
1770698940000,BTC-USDT,69787.3,1.68984108,69745.8,69789.7,69745.8,69787.3
1770699000000,BTC-USDT,69838.7,0.80487062,69789.5,69838.8,69774.1,69838.7
1770699060000,BTC-USDT,69819.3,1.4781639,69834.1,69845,69819.3,69819.3
1770699120000,BTC-USDT,69814.1,4.18912993,69819,69834.1,69809.4,69814.1
1770699180000,BTC-USDT,69834,0.58822211,69814.1,69834,69812.3,69834
1770699240000,BTC-USDT,69861,1.34699059,69834,69876,69834,69861
1770699300000,BTC-USDT,69867.1,1.19624798,69862.4,69880,69857,69867.1
1770699360000,BTC-USDT,69902.7,7.16877131,69867,69907.9,69842.4,69902.7
1770699420000,BTC-USDT,69858,2.02053192,69902.6,69902.6,69842.3,69858
1770699480000,BTC-USDT,69845.5,1.37507744,69858,69871.9,69845.5,69845.5
1770699540000,BTC-USDT,69837.1,1.83990581,69845.4,69845.5,69833,69837.1
1770699600000,BTC-USDT,69839.1,0.97824093,69837,69869.5,69812.2,69839.1
1770699660000,BTC-USDT,69822.2,0.22343811,69839,69840.8,69822.2,69822.2
1770699720000,BTC-USDT,69724.3,3.78269572,69822,69822,69724.3,69724.3
1770699780000,BTC-USDT,69733.7,0.96718416,69724.1,69765.8,69724.1,69733.7
1770699840000,BTC-USDT,69778.3,0.61493023,69733.7,69783.4,69733.7,69778.3
1770699900000,BTC-USDT,69734,0.99260916,69778.3,69778.3,69720.2,69734
1770699960000,BTC-USDT,69688.1,2.13172559,69734,69734,69688,69688.1
1770700020000,BTC-USDT,69698.9,5.38536699,69688.1,69745,69688,69698.9
1770700080000,BTC-USDT,69699.7,0.29864656,69698.9,69712,69698.9,69699.7
1770700140000,BTC-USDT,69732,0.36159529,69703,69732,69703,69732
1770700200000,BTC-USDT,69748.1,0.54222934,69731.9,69763.8,69729.2,69748.1
1770700260000,BTC-USDT,69781.9,2.4364738,69748,69787.5,69748,69781.9
1770700320000,BTC-USDT,69716,0.44741092,69781,69781,69716,69716
1770700380000,BTC-USDT,69714.9,3.47028297,69711.7,69728.9,69688,69714.9
1770700440000,BTC-USDT,69806.2,2.0698454,69715,69830.9,69715,69806.2
1770700500000,BTC-USDT,69740.8,1.20376709,69816.1,69816.1,69729.4,69740.8
1770700560000,BTC-USDT,69695.8,1.84814827,69740.7,69740.7,69688.3,69695.8
1770700620000,BTC-USDT,69648.9,2.1121097,69695.8,69721.9,69641.5,69648.9
1770700680000,BTC-USDT,69668,6.27239239,69648.9,69683,69646.3,69668
1770700740000,BTC-USDT,69667.1,2.59014463,69668,69669,69633,69667.1
1770700800000,BTC-USDT,69581.8,12.17622703,69667,69668.9,69580.1,69581.8
1770700860000,BTC-USDT,69591.6,10.09791814,69580.1,69642,69579.5,69591.6
1770700920000,BTC-USDT,69579,4.30707895,69591.6,69595.9,69567.5,69579
1770700980000,BTC-USDT,69613.8,1.19978182,69579.1,69613.9,69568.8,69613.8
1770701040000,BTC-USDT,69613,0.51159126,69613.8,69617.3,69590,69613
1770701100000,BTC-USDT,69584,0.65237071,69613,69613.1,69584,69584
1770701160000,BTC-USDT,69603.1,2.86330728,69582,69616.1,69566,69603.1
1770701220000,BTC-USDT,69516.1,0.92945789,69603.1,69603.1,69512.8,69516.1
1770701280000,BTC-USDT,69496.7,6.4393227,69518,69535,69496.7,69496.7
1770701340000,BTC-USDT,69527,4.21888439,69496.8,69529.9,69493.6,69527
1770701400000,BTC-USDT,69464.9,1.86018602,69526.7,69526.7,69423.1,69464.9
1770701460000,BTC-USDT,69447,0.78201905,69464.8,69485.6,69441.3,69447
1770701520000,BTC-USDT,69421.8,2.28224735,69447,69476.2,69421.8,69421.8
1770701580000,BTC-USDT,69448.3,0.91006116,69421.6,69458.7,69421.6,69448.3
1770701640000,BTC-USDT,69559,5.31052879,69448.3,69587,69440,69559
1770701700000,BTC-USDT,69561.5,1.69276074,69559,69591.8,69547.9,69561.5
1770701760000,BTC-USDT,69678.8,5.77788614,69561.6,69702,69561.6,69678.8
1770701820000,BTC-USDT,69646.5,1.32125062,69683.4,69693.1,69633,69646.5
1770701880000,BTC-USDT,69661.2,0.46203833,69646.5,69669.3,69618,69661.2
1770701940000,BTC-USDT,69616.8,2.84817137,69661.1,69701.8,69592.6,69616.8
1770702000000,BTC-USDT,69646.2,1.18826724,69616.9,69648.9,69590.9,69646.2
1770702060000,BTC-USDT,69470.3,21.30934636,69644,69647.9,69460.6,69470.3
1770702120000,BTC-USDT,69389.9,4.03959292,69470.4,69470.4,69389.9,69389.9
1770702180000,BTC-USDT,69318.5,4.2734406,69389.8,69389.8,69318.5,69318.5
1770702240000,BTC-USDT,69369.5,3.22058325,69318.1,69379.9,69294,69369.5
1770702300000,BTC-USDT,69399,0.7342319,69373,69408.4,69370.9,69399
1770702360000,BTC-USDT,69357.9,0.80177118,69399.1,69408.5,69320,69357.9
1770702420000,BTC-USDT,69323.9,2.65880507,69357.9,69357.9,69271,69323.9
1770702480000,BTC-USDT,69317.7,1.08278721,69323.8,69356.9,69311.9,69317.7
1770702540000,BTC-USDT,69288.5,0.76184123,69317,69325,69274.5,69288.5
1770702600000,BTC-USDT,69249.2,5.36326591,69288.6,69288.6,69211.9,69249.2
1770702660000,BTC-USDT,69297.1,2.48774397,69249.1,69298.6,69235.3,69297.1
1770702720000,BTC-USDT,69252.4,0.86794513,69297.1,69322.9,69218.3,69252.4
1770702780000,BTC-USDT,69306,1.26936074,69250.5,69337.7,69236,69306
1770702840000,BTC-USDT,69406.1,8.27606941,69310.9,69413.7,69310.9,69406.1
1770702900000,BTC-USDT,69406.5,1.01718298,69406,69447.6,69368,69406.5
1770702960000,BTC-USDT,69388,2.21726031,69406.2,69406.3,69362.6,69388
1770703020000,BTC-USDT,69408.2,1.9421607,69386.3,69408.3,69339.1,69408.2
1770703080000,BTC-USDT,69454.9,0.64793126,69408.3,69457,69408.3,69454.9
1770703140000,BTC-USDT,69455,0.33453786,69455,69483.8,69455,69455
1770703200000,BTC-USDT,69408.9,1.91726768,69455.1,69455.1,69388.9,69408.9
1770703260000,BTC-USDT,69398.1,0.89760293,69406.1,69424.9,69383,69398.1
1770703320000,BTC-USDT,69412.2,1.37836911,69398,69419.9,69393.8,69412.2
1770703380000,BTC-USDT,69456.9,0.74247911,69412.6,69457,69412.6,69456.9
1770703440000,BTC-USDT,69451.8,6.72745499,69457,69494,69451.8,69451.8
1770703500000,BTC-USDT,69427.9,0.85186293,69448.1,69491,69425,69427.9
1770703560000,BTC-USDT,69478.3,1.9437544,69428,69499.9,69427.8,69478.3
1770703620000,BTC-USDT,69477.9,0.46232537,69478.3,69478.3,69440.1,69477.9
1770703680000,BTC-USDT,69414.5,11.46121639,69477.9,69489,69371.1,69414.5
1770703740000,BTC-USDT,69376.9,1.09832918,69413.1,69435.5,69336.9,69376.9
1770703800000,BTC-USDT,69342.9,1.21024681,69377.1,69377.1,69328,69342.9
1770703860000,BTC-USDT,69355.9,3.47606751,69341.1,69394.1,69341.1,69355.9
1770703920000,BTC-USDT,69351.3,1.03635504,69355.9,69360,69340,69351.3
1770703980000,BTC-USDT,69327.9,1.62687653,69351.3,69363.9,69319.3,69327.9
1770704040000,BTC-USDT,69342,2.45111187,69327.9,69344.3,69317,69342
1770704100000,BTC-USDT,69309,2.40021116,69342.1,69365.6,69283,69309
1770704160000,BTC-USDT,69311,2.4181721,69315.7,69332.8,69255.3,69311
1770704220000,BTC-USDT,69357.7,2.19474379,69311.1,69372.5,69301,69357.7
1770704280000,BTC-USDT,69307.1,1.26560317,69357.5,69357.5,69297.3,69307.1
1770704340000,BTC-USDT,69376.9,0.85158288,69305.4,69376.9,69293.2,69376.9
1770704400000,BTC-USDT,69362,1.15100886,69373.2,69402.3,69342,69362
1770704460000,BTC-USDT,69201,10.29028997,69356,69371.5,69168.2,69201
1770704520000,BTC-USDT,69139.9,7.50239466,69200,69225.7,69112,69139.9
1770704580000,BTC-USDT,69124.3,1.62377785,69139.9,69198,69124.3,69124.3
1770704640000,BTC-USDT,69164.3,1.4030712,69124.3,69164.3,69112,69164.3
1770704700000,BTC-USDT,69185.8,1.89610273,69164.3,69195.2,69117.9,69185.8
1770704760000,BTC-USDT,69146.1,1.18721143,69183.5,69183.5,69143.1,69146.1
1770704820000,BTC-USDT,69175.1,27.06037724,69146.1,69221.7,69077.6,69175.1
1770704880000,BTC-USDT,69215.4,2.25877068,69175.1,69284.4,69175.1,69215.4
1770704940000,BTC-USDT,69205.4,3.44336609,69215.4,69221.7,69178.6,69205.4
1770705000000,BTC-USDT,69219.1,1.75172312,69205.5,69255.2,69205.5,69219.1
1770705060000,BTC-USDT,69242.2,2.559033,69214.3,69291.5,69214.2,69242.2
1770705120000,BTC-USDT,69214.2,2.39134318,69242.3,69275,69214.2,69214.2
1770705180000,BTC-USDT,69194.1,2.64158388,69214.1,69235.8,69189,69194.1
1770705240000,BTC-USDT,69214.5,1.40092387,69194.1,69244.4,69194.1,69214.5
1770705300000,BTC-USDT,69284,2.6662484,69215.3,69297.3,69215.3,69284
1770705360000,BTC-USDT,69237.7,3.811953,69284.1,69291.5,69230.6,69237.7
1770705420000,BTC-USDT,69225.2,0.52019636,69237.8,69258,69225.2,69225.2
1770705480000,BTC-USDT,69177.1,1.83327762,69225.1,69225.1,69167.2,69177.1
1770705540000,BTC-USDT,69174.3,0.86099864,69177,69191.9,69151.9,69174.3
1770705600000,BTC-USDT,69108.1,14.39982474,69174.3,69174.3,69004.3,69108.1
1770705660000,BTC-USDT,69047.9,4.0401289,69108,69108,69047.9,69047.9
1770705720000,BTC-USDT,69060.3,9.12821696,69047.1,69100,69047.1,69060.3
1770705780000,BTC-USDT,69061.2,33.94262135,69063,69111.9,69006.6,69061.2
1770705840000,BTC-USDT,69033.1,4.27248982,69061.3,69099.1,69017.7,69033.1
1770705900000,BTC-USDT,68989,47.07935543,69033.1,69059.7,68916.2,68989
1770705960000,BTC-USDT,68847.3,69.89791738,68989.1,68989.1,68799.6,68847.3
1770706020000,BTC-USDT,68859.5,15.86841494,68847.4,68871.2,68753.4,68859.5
1770706080000,BTC-USDT,68821.8,17.58876028,68859.5,68859.5,68680.6,68821.8
1770706140000,BTC-USDT,68844.8,3.079998,68813,68890.4,68800.1,68844.8
1770706200000,BTC-USDT,68781,12.07397183,68852,68899.6,68751.1,68781
1770706260000,BTC-USDT,68819.9,2.43515412,68781.1,68829.6,68755,68819.9
1770706320000,BTC-USDT,68782.1,14.44560417,68820,68890.5,68782.1,68782.1
1770706380000,BTC-USDT,68831,3.81362707,68781.4,68896.2,68768.9,68831
1770706440000,BTC-USDT,68805.1,22.26386855,68829.1,68855.9,68775.1,68805.1
1770706500000,BTC-USDT,68890.5,2.54134486,68805,68896,68771.5,68890.5
1770706560000,BTC-USDT,68910.9,21.74095849,68891.4,68930.9,68866.4,68910.9
1770706620000,BTC-USDT,68910.1,27.29055978,68911,68947.9,68888,68910.1
1770706680000,BTC-USDT,68875.1,2.55664264,68919.4,68948.9,68870.8,68875.1
1770706740000,BTC-USDT,68919.4,3.05542726,68879.5,68926.6,68863.7,68919.4
1770706800000,BTC-USDT,68871.1,6.49243583,68919,68926.6,68848.7,68871.1
1770706860000,BTC-USDT,68979.1,24.0900712,68871.1,68983,68867.4,68979.1
1770706920000,BTC-USDT,69079,55.08738227,68979.1,69154.8,68966,69079
1770706980000,BTC-USDT,69091.3,9.14349286,69078.9,69156,69078.9,69091.3
1770707040000,BTC-USDT,69148,4.15572176,69091,69176.6,69090.9,69148
1770707100000,BTC-USDT,69127,1.83434703,69148,69153,69097.3,69127
1770707160000,BTC-USDT,69088.9,5.52408082,69127,69152.4,69075.2,69088.9
1770707220000,BTC-USDT,69063.8,1.31100864,69088.9,69097.7,69063.8,69063.8
1770707280000,BTC-USDT,69028.5,3.27590177,69063.8,69063.8,69021.6,69028.5
1770707340000,BTC-USDT,69002.5,1.96328017,69028.5,69043.5,68999.9,69002.5
1770707400000,BTC-USDT,69094,3.95080383,69002.5,69094,68998,69094
1770707460000,BTC-USDT,69119.4,2.63925587,69094,69128.9,69077.2,69119.4
1770707520000,BTC-USDT,69195,15.21118501,69119.4,69219.8,69119.3,69195
1770707580000,BTC-USDT,69144.8,5.93151684,69195.9,69213,69128,69144.8
1770707640000,BTC-USDT,69124.8,8.64170169,69141.6,69141.6,69070,69124.8
1770707700000,BTC-USDT,68973.9,3.89619168,69124,69124,68960,68973.9
1770707760000,BTC-USDT,69023,4.03466878,68973.9,69023.1,68973.9,69023
1770707820000,BTC-USDT,69014.9,4.06346493,69023.1,69050,68988.5,69014.9
1770707880000,BTC-USDT,69070,1.40340325,69014.8,69072.6,68988.6,69070
1770707940000,BTC-USDT,69036.3,2.48614706,69069.9,69082.1,69032.5,69036.3
1770708000000,BTC-USDT,69080,2.22273256,69036.2,69080,69036.2,69080
1770708060000,BTC-USDT,69118.1,1.98532968,69080.9,69130.7,69079.5,69118.1
1770708120000,BTC-USDT,69046,2.04368654,69118,69121.5,69046,69046
1770708180000,BTC-USDT,69139.3,27.19492884,69045.5,69150,69045.5,69139.3
1770708240000,BTC-USDT,69080.1,3.11602451,69139.2,69139.2,69072.4,69080.1
1770708300000,BTC-USDT,69050.3,13.6396675,69080,69080.1,69050.3,69050.3
1770708360000,BTC-USDT,69046.5,1.77820446,69050.2,69050.3,69025.3,69046.5
1770708420000,BTC-USDT,69065,2.6585185,69046.4,69075.7,69046.4,69065
1770708480000,BTC-USDT,69100.4,12.07714865,69064.9,69115.8,69064.9,69100.4
1770708540000,BTC-USDT,69098.8,3.17383449,69100.3,69108.9,69098.7,69098.8
1770708600000,BTC-USDT,69117.3,1.69072877,69098.7,69146.2,69072.4,69117.3
1770708660000,BTC-USDT,69105.1,1.24897106,69117.2,69126.4,69105,69105.1
1770708720000,BTC-USDT,69041.7,4.50750617,69105.1,69105.1,69028.3,69041.7
1770708780000,BTC-USDT,69035.5,15.91431572,69044.9,69067.9,69029.9,69035.5
1770708840000,BTC-USDT,68969.1,9.44556636,69035.4,69035.5,68969,68969.1
1770708900000,BTC-USDT,68963.5,18.81914987,68969.1,68998.8,68952.8,68963.5
1770708960000,BTC-USDT,68940,20.05639023,68963.5,68967,68916.8,68940
1770709020000,BTC-USDT,68894.2,4.71105552,68939.9,68940,68894.2,68894.2
1770709080000,BTC-USDT,68937.6,1.89266353,68894.2,68938,68874.9,68937.6
1770709140000,BTC-USDT,68947.7,1.21870425,68937.5,68951,68937.4,68947.7
1770709200000,BTC-USDT,68969.9,3.77877566,68947.7,68979.9,68947.7,68969.9
1770709260000,BTC-USDT,68929.5,3.61547371,68969.9,68978.4,68929.5,68929.5
1770709320000,BTC-USDT,68973.9,6.86416919,68929.4,68973.9,68928.4,68973.9
1770709380000,BTC-USDT,68973,4.41634528,68973.8,68979.9,68959.7,68973
1770709440000,BTC-USDT,68962.1,4.78282032,68972.9,68979.9,68962,68962.1
1770709500000,BTC-USDT,68939.2,1.94758028,68962,68962.1,68938.1,68939.2
1770709560000,BTC-USDT,68979.9,1.31306224,68939.1,68979.9,68935.7,68979.9
1770709620000,BTC-USDT,69018.5,18.67713951,68979.8,69050,68979.8,69018.5
1770709680000,BTC-USDT,68959.1,14.09198308,69018.4,69027.6,68956.6,68959.1
1770709740000,BTC-USDT,68978,4.49840514,68959,69008,68951.5,68978
1770709800000,BTC-USDT,69002.5,3.22339405,68977.2,69032,68977.2,69002.5
1770709860000,BTC-USDT,69012.7,17.17704735,69002.5,69026,68973.3,69012.7
1770709920000,BTC-USDT,68959.5,7.88590846,69012.6,69012.6,68937.5,68959.5
1770709980000,BTC-USDT,68936.6,2.10394217,68959.4,68962.4,68935.7,68936.6
1770710040000,BTC-USDT,68945.2,2.62477711,68935.6,68954.8,68909,68945.2
1770710100000,BTC-USDT,68930.1,1.80512712,68945.1,68953,68930,68930.1
1770710160000,BTC-USDT,68987.8,1.28100036,68930,68992,68930,68987.8
1770710220000,BTC-USDT,68945.1,2.19040929,68987.7,68987.8,68945.1,68945.1
1770710280000,BTC-USDT,68950.1,1.33083395,68945.1,68961.3,68941.6,68950.1
1770710340000,BTC-USDT,68924,3.07068781,68950.1,68950.1,68900.1,68924
1770710400000,BTC-USDT,68948.9,15.13348641,68923.9,68963,68923.9,68948.9
1770710460000,BTC-USDT,68973,1.04615689,68948.9,68979.8,68948.9,68973
1770710520000,BTC-USDT,68950.7,1.3275266,68972.9,68980,68932.5,68950.7
1770710580000,BTC-USDT,68918.4,1.0556375,68954.9,68954.9,68907.8,68918.4
1770710640000,BTC-USDT,68885.7,29.14754485,68918.4,68973.2,68875.8,68885.7
1770710700000,BTC-USDT,68907.1,5.10792515,68885.7,68935.1,68859.1,68907.1
1770710760000,BTC-USDT,68968.7,11.25133377,68907,68979.9,68896.3,68968.7
1770710820000,BTC-USDT,68977.3,3.55222091,68968.6,68986.9,68931.5,68977.3
1770710880000,BTC-USDT,68953.5,2.53115593,68978.9,68978.9,68953.5,68953.5
1770710940000,BTC-USDT,68963,0.6563461,68948.1,68963,68923.1,68963
1770711000000,BTC-USDT,68960,3.42282413,68962.9,68963,68918.5,68960
1770711060000,BTC-USDT,68986.4,6.85013612,68960.9,68990,68960.9,68986.4
1770711120000,BTC-USDT,68927.3,5.44083604,68986.4,68990,68927.3,68927.3
1770711180000,BTC-USDT,68832.9,7.37063194,68927.3,68935.8,68822.3,68832.9
1770711240000,BTC-USDT,68841,1.74631651,68833,68873.2,68832.3,68841
1770711300000,BTC-USDT,68755.5,3.73799362,68841,68841,68755.5,68755.5
1770711360000,BTC-USDT,68741.1,3.86348383,68756,68799.9,68727.2,68741.1
1770711420000,BTC-USDT,68754.6,1.29435186,68741.1,68793.8,68740.9,68754.6
1770711480000,BTC-USDT,68772.7,7.43056542,68753.4,68804.9,68751.8,68772.7
1770711540000,BTC-USDT,68800,6.34980805,68772.8,68800,68769.7,68800
1770711600000,BTC-USDT,68753,6.04682062,68799.9,68810.6,68753,68753
1770711660000,BTC-USDT,68800.1,2.07855291,68750.5,68813.3,68727.5,68800.1
1770711720000,BTC-USDT,68959.6,6.12152122,68801.8,68964.7,68801.8,68959.6
1770711780000,BTC-USDT,69000,13.04591157,68959.7,69017,68955.7,69000
1770711840000,BTC-USDT,69092.6,14.84419303,69000,69103.9,68989.3,69092.6
1770711900000,BTC-USDT,69060.9,11.93317015,69093.7,69099.1,69025.1,69060.9
1770711960000,BTC-USDT,69025.9,4.03359783,69060.9,69077.9,69013.8,69025.9
1770712020000,BTC-USDT,69053,25.23207587,69026,69056.9,69026,69053
1770712080000,BTC-USDT,69073.1,14.43354976,69055,69097,69048,69073.1
1770712140000,BTC-USDT,69030.5,8.60673286,69073.1,69080.2,69028.8,69030.5
1770712200000,BTC-USDT,69032.3,11.10353161,69030.4,69036.9,69009.7,69032.3
1770712260000,BTC-USDT,69128.3,26.49938407,69032.3,69128.4,69027,69128.3
1770712320000,BTC-USDT,69102,4.33544033,69128.4,69128.4,69074.9,69102
1770712380000,BTC-USDT,69104,1.97116918,69106.8,69108,69097.2,69104
1770712440000,BTC-USDT,69056.3,2.06427395,69104,69104,69054.1,69056.3
1770712500000,BTC-USDT,68996.6,4.42116645,69060.9,69060.9,68996.6,68996.6
1770712560000,BTC-USDT,68942,11.81363611,68996.6,69019,68928.9,68942
1770712620000,BTC-USDT,68872.6,7.6335212,68942,68948.9,68872.5,68872.6
1770712680000,BTC-USDT,68903.4,3.78476327,68872.5,68912.9,68838.3,68903.4
1770712740000,BTC-USDT,68988.1,3.51666589,68903.3,69000,68901.3,68988.1
1770712800000,BTC-USDT,68973.8,2.41961032,68988.1,69000,68938.6,68973.8
1770712860000,BTC-USDT,69120.5,13.29748915,68973.1,69123.7,68964.1,69120.5
1770712920000,BTC-USDT,69058.4,1.95164523,69120.4,69120.4,69058.4,69058.4
1770712980000,BTC-USDT,69049.4,3.45081786,69058.4,69092.9,69046,69049.4
1770713040000,BTC-USDT,69070,1.02321034,69049.4,69070,69001.1,69070
1770713100000,BTC-USDT,69101.6,1.80046156,69070,69101.7,69070,69101.6
1770713160000,BTC-USDT,69116.8,3.85919502,69101.7,69128.2,69088,69116.8
1770713220000,BTC-USDT,69141.2,3.19614574,69116.7,69148.5,69073.3,69141.2
1770713280000,BTC-USDT,69155.6,1.63128109,69141.3,69169,69141.3,69155.6
1770713340000,BTC-USDT,69168.5,0.99718431,69158.5,69168.5,69152,69168.5
1770713400000,BTC-USDT,69146.4,2.9615375,69168.5,69173.7,69134.1,69146.4
1770713460000,BTC-USDT,69158,10.24844721,69142.1,69158,69096.2,69158
1770713520000,BTC-USDT,69195.7,11.57255318,69157.9,69211.5,69157.6,69195.7
1770713580000,BTC-USDT,69183.2,2.01260172,69195.8,69222.7,69145.1,69183.2
1770713640000,BTC-USDT,69205.7,3.2109037,69183.2,69205.7,69160.8,69205.7
1770713700000,BTC-USDT,69132.1,6.60576034,69204.8,69205.7,69132.1,69132.1
1770713760000,BTC-USDT,69134.7,2.43589435,69132.1,69134.7,69072,69134.7
1770713820000,BTC-USDT,69137.3,1.45439505,69135.8,69137.3,69112.7,69137.3
1770713880000,BTC-USDT,69128.7,3.25711193,69137.3,69137.3,69113,69128.7
1770713940000,BTC-USDT,69135,3.70307607,69128.7,69141,69113,69135
1770714000000,BTC-USDT,69134.1,4.14602638,69135,69136.9,69091,69134.1
1770714060000,BTC-USDT,69189.6,2.89205184,69134.2,69216.5,69103.1,69189.6
1770714120000,BTC-USDT,69217.9,2.29140779,69189.6,69223.9,69168.4,69217.9
1770714180000,BTC-USDT,69313.5,29.58793909,69218,69324.4,69192.4,69313.5
1770714240000,BTC-USDT,69360,5.72615409,69308.8,69360,69306.6,69360
1770714300000,BTC-USDT,69309.3,1.4264442,69358,69359.1,69292,69309.3
1770714360000,BTC-USDT,69254,2.15720311,69310,69310,69248.6,69254
1770714420000,BTC-USDT,69291.3,1.54607443,69254,69309,69254,69291.3
1770714480000,BTC-USDT,69281,10.98331915,69291.3,69334.7,69247.5,69281
1770714540000,BTC-USDT,69326,6.22188827,69264.8,69329,69249.2,69326
1770714600000,BTC-USDT,69282.9,2.81045202,69327.9,69335.8,69274.4,69282.9
1770714660000,BTC-USDT,69266.9,1.37107675,69283,69292,69256.2,69266.9
1770714720000,BTC-USDT,69281.1,0.28090653,69266.9,69286.9,69266.9,69281.1
1770714780000,BTC-USDT,69276.9,1.21868025,69284.9,69284.9,69258.2,69276.9
1770714840000,BTC-USDT,69265.1,1.37314695,69276.9,69276.9,69232.8,69265.1
1770714900000,BTC-USDT,69285,13.13150404,69265.1,69293.8,69254,69285
1770714960000,BTC-USDT,69299.9,0.72284172,69285.1,69300,69285.1,69299.9
1770715020000,BTC-USDT,69326.7,2.08838479,69300,69332.9,69269.5,69326.7
1770715080000,BTC-USDT,69347,5.18887598,69326.7,69353.8,69307.5,69347
1770715140000,BTC-USDT,69363.9,4.38892103,69347.1,69363.9,69340,69363.9
1770715200000,BTC-USDT,69304,17.72714272,69363.9,69363.9,69231.5,69304
1770715260000,BTC-USDT,69320.3,13.54887279,69304,69355.9,69276,69320.3
1770715320000,BTC-USDT,69327.2,2.00344033,69320.2,69331.8,69308,69327.2
1770715380000,BTC-USDT,69390.4,9.83005261,69327.2,69422.2,69320.1,69390.4
1770715440000,BTC-USDT,69405.1,0.99245754,69392.7,69405.1,69377.1,69405.1
1770715500000,BTC-USDT,69340,7.91398123,69405.1,69411.1,69340,69340
1770715560000,BTC-USDT,69300,1.65449829,69336,69346.6,69300,69300
1770715620000,BTC-USDT,69301,1.66910067,69300.1,69318.3,69300,69301
1770715680000,BTC-USDT,69311.3,2.6110397,69301.1,69325.9,69286.1,69311.3
1770715740000,BTC-USDT,69288,2.82583365,69311.2,69311.2,69288,69288
1770715800000,BTC-USDT,69278.8,8.98573125,69288,69288,69249.1,69278.8
1770715860000,BTC-USDT,69204.3,1.79876064,69278.8,69291.5,69200,69204.3
1770715920000,BTC-USDT,69177,0.98049187,69204.3,69204.3,69164.1,69177
1770715980000,BTC-USDT,69226.5,1.07638373,69177,69226.5,69162.1,69226.5
1770716040000,BTC-USDT,69176.1,0.35674141,69225.8,69225.8,69176.1,69176.1
1770716100000,BTC-USDT,69165.2,2.34263412,69172.5,69183.1,69160.9,69165.2
1770716160000,BTC-USDT,69123.8,3.10657461,69165.1,69166.6,69123.8,69123.8
1770716220000,BTC-USDT,69151.5,0.4732744,69124.1,69154.7,69124.1,69151.5
1770716280000,BTC-USDT,69153,4.07324148,69151.5,69203.9,69151.4,69153
1770716340000,BTC-USDT,69169.8,2.50705352,69153.1,69186,69153.1,69169.8
1770716400000,BTC-USDT,69190.2,1.40187543,69169.7,69208,69161.7,69190.2
1770716460000,BTC-USDT,69173,3.96420426,69190,69190,69140.2,69173
1770716520000,BTC-USDT,69169.6,4.19609379,69173,69194.2,69152.5,69169.6
1770716580000,BTC-USDT,69200.4,2.8686733,69169.7,69208,69169.6,69200.4
1770716640000,BTC-USDT,69207.3,2.49242705,69200.4,69207.3,69200,69207.3
1770716700000,BTC-USDT,69212,1.51658967,69207.3,69254.5,69205.5,69212
1770716760000,BTC-USDT,69173.3,0.61570415,69212.1,69212.1,69173.3,69173.3
1770716820000,BTC-USDT,69124.8,7.82580696,69173.3,69187.9,69124.8,69124.8
1770716880000,BTC-USDT,69024.1,11.71869391,69124.7,69124.7,69020.1,69024.1
1770716940000,BTC-USDT,69028.1,1.38872535,69027,69061.9,69027,69028.1
1770717000000,BTC-USDT,69042.2,18.53580764,69028.1,69048.5,68950.2,69042.2
1770717060000,BTC-USDT,69066.2,1.95009089,69048.3,69080.1,69035.3,69066.2
1770717120000,BTC-USDT,69125,4.49211783,69066.2,69130,69048,69125
1770717180000,BTC-USDT,69087.4,1.28143608,69124.1,69124.1,69087.4,69087.4
1770717240000,BTC-USDT,69114.9,9.94779111,69087.4,69134.2,69085.4,69114.9
1770717300000,BTC-USDT,69138.4,5.66454578,69115,69151.9,69108.3,69138.4
1770717360000,BTC-USDT,69147.1,5.05610305,69132.3,69150.6,69121.4,69147.1
1770717420000,BTC-USDT,69138.8,5.49941574,69147.9,69172,69138.8,69138.8
1770717480000,BTC-USDT,69125.7,1.30510602,69138.7,69138.7,69110.4,69125.7
1770717540000,BTC-USDT,69153.6,0.52782752,69125.6,69153.6,69125.6,69153.6
1770717600000,BTC-USDT,69177.2,0.76107558,69153.7,69180,69153.7,69177.2
1770717660000,BTC-USDT,69215.7,0.75655051,69177.2,69229.9,69177.2,69215.7
1770717720000,BTC-USDT,69142.2,5.89209434,69214,69214,69137.8,69142.2
1770717780000,BTC-USDT,69153.6,4.09126894,69142.2,69165,69127.9,69153.6
1770717840000,BTC-USDT,69131,2.59055557,69153,69153,69097.1,69131
1770717900000,BTC-USDT,69133,1.16832064,69131,69134,69099,69133
1770717960000,BTC-USDT,69117.6,0.34878289,69132.9,69149,69117.6,69117.6
1770718020000,BTC-USDT,69113.5,0.37429805,69122,69124,69097.1,69113.5
1770718080000,BTC-USDT,69160.3,0.57089805,69113.6,69165.8,69104.3,69160.3
1770718140000,BTC-USDT,69161.4,1.34076335,69160.2,69195.9,69160.2,69161.4
1770718200000,BTC-USDT,69141.9,2.11426398,69161.3,69163,69131.9,69141.9
1770718260000,BTC-USDT,69144.2,0.55315194,69142,69148.8,69133,69144.2
1770718320000,BTC-USDT,69119.9,0.4319193,69144.3,69144.3,69119.9,69119.9
1770718380000,BTC-USDT,69129.6,0.72602155,69119.9,69129.9,69119.9,69129.6
1770718440000,BTC-USDT,69147.3,0.84146494,69129.2,69150.2,69123,69147.3
1770718500000,BTC-USDT,69086,1.53695348,69149.2,69149.3,69081.3,69086
1770718560000,BTC-USDT,69072.4,1.02188246,69086,69086,69038.8,69072.4
1770718620000,BTC-USDT,69010.9,0.58276102,69072.3,69079,69010.9,69010.9
1770718680000,BTC-USDT,69031,1.17917864,69010.1,69054,69010.1,69031
1770718740000,BTC-USDT,69047.1,0.48769443,69031,69052.9,69028.4,69047.1
1770718800000,BTC-USDT,69059.4,0.56096747,69045.3,69059.4,69023.9,69059.4
1770718860000,BTC-USDT,69068.9,0.70695346,69059.3,69077.9,69029.7,69068.9
1770718920000,BTC-USDT,69073,0.95479551,69067.2,69080.1,69065,69073
1770718980000,BTC-USDT,69085.9,0.50453467,69073,69099.6,69073,69085.9
1770719040000,BTC-USDT,69132.3,0.58608198,69085.9,69133.2,69085.9,69132.3
1770719100000,BTC-USDT,69247.4,2.08364655,69133.3,69260,69133.3,69247.4
1770719160000,BTC-USDT,69214,0.50835724,69243.8,69243.8,69202.9,69214
1770719220000,BTC-USDT,69232.3,0.61515442,69213.9,69251.9,69202.7,69232.3
1770719280000,BTC-USDT,69201,0.82298314,69232.3,69246.2,69200,69201
1770719340000,BTC-USDT,69180,0.90925728,69200.9,69200.9,69180,69180
1770719400000,BTC-USDT,69140.9,1.30186422,69180,69180,69117.7,69140.9
1770719460000,BTC-USDT,69108.9,0.29288072,69133.5,69140,69108.9,69108.9
1770719520000,BTC-USDT,69126.9,0.85645348,69108.8,69126.9,69105.7,69126.9
1770719580000,BTC-USDT,69063.8,2.32162891,69126.9,69126.9,69063.8,69063.8
1770719640000,BTC-USDT,69059,1.69045927,69066.2,69072,69045.9,69059
1770719700000,BTC-USDT,69027.1,2.26334301,69058.9,69059,69027,69027.1
1770719760000,BTC-USDT,69046.9,2.71442906,69027,69047,69027,69046.9
1770719820000,BTC-USDT,69024.5,0.79754799,69047,69048,69024.5,69024.5
1770719880000,BTC-USDT,68987.1,5.38984207,69021.9,69026,68967.5,68987.1
1770719940000,BTC-USDT,68983.9,0.70917559,68987.1,69014,68983.9,68983.9
1770720000000,BTC-USDT,69011,0.55185271,68984,69011,68975,69011
1770720060000,BTC-USDT,69001.4,0.42707112,69011,69014,68979.4,69001.4
1770720120000,BTC-USDT,69013.9,0.23065933,69003.2,69014,68987.1,69013.9
1770720180000,BTC-USDT,69024.8,0.30782131,69013.9,69026.5,69000,69024.8
1770720240000,BTC-USDT,68998,1.88730801,69024.7,69024.7,68995.3,68998
1770720300000,BTC-USDT,69050,0.4993231,68999.7,69055.1,68999.7,69050
1770720360000,BTC-USDT,69025,3.10473238,69049.9,69050,69012.9,69025
1770720420000,BTC-USDT,68969.8,4.05035336,69024.9,69024.9,68969.8,68969.8
1770720480000,BTC-USDT,68982.1,1.24083915,68969.8,68982.2,68966.4,68982.1
1770720540000,BTC-USDT,69008.1,2.12080806,68982.2,69008.1,68982.1,69008.1
1770720600000,BTC-USDT,69012.2,7.57621778,69012.2,69055,69011.9,69012.2
1770720660000,BTC-USDT,69038,1.40052508,69012.1,69038,69002.4,69038
1770720720000,BTC-USDT,69006,1.14146456,69036.4,69036.4,69006,69006
1770720780000,BTC-USDT,69031.9,5.60295737,69006.1,69031.9,68984.5,69031.9
1770720840000,BTC-USDT,69034.9,0.53409537,69032,69051.5,69031.1,69034.9
1770720900000,BTC-USDT,69043.9,0.9440025,69035,69049,69018.2,69043.9
1770720960000,BTC-USDT,69043.8,1.07337065,69043.7,69043.8,69006.1,69043.8
1770721020000,BTC-USDT,69000.1,5.43953304,69043.8,69050.4,69000,69000.1
1770721080000,BTC-USDT,68959.1,3.95786565,69000.1,69000.1,68959,68959.1
1770721140000,BTC-USDT,68920.4,2.77931858,68959.1,68960.9,68920.4,68920.4
1770721200000,BTC-USDT,68900,1.51239751,68920.4,68920.5,68900,68900
1770721260000,BTC-USDT,68843.5,20.77946475,68900,68900,68824.5,68843.5
1770721320000,BTC-USDT,68920.9,2.56794189,68843.5,68937.1,68843,68920.9
1770721380000,BTC-USDT,68892.1,0.71927731,68914.5,68932.9,68885.8,68892.1
1770721440000,BTC-USDT,68896.6,1.02103181,68892.1,68897,68863.4,68896.6
1770721500000,BTC-USDT,68927.9,5.6686986,68896.6,68930.4,68860.8,68927.9
1770721560000,BTC-USDT,68995.3,3.00233067,68927.9,68999.9,68909.2,68995.3
1770721620000,BTC-USDT,68952,0.69008381,68990.2,68999.6,68945.2,68952
1770721680000,BTC-USDT,68874.4,1.11593442,68952,68952,68871.3,68874.4
1770721740000,BTC-USDT,68870.3,2.31696106,68874.3,68875.7,68843,68870.3
1770721800000,BTC-USDT,68854.3,0.92092879,68870.3,68880.6,68848.1,68854.3
1770721860000,BTC-USDT,68913.8,0.71764921,68852.4,68916.9,68851.7,68913.8
1770721920000,BTC-USDT,68880,1.12806543,68912.6,68912.6,68874.1,68880
1770721980000,BTC-USDT,68933.7,1.26415429,68880,68935.9,68880,68933.7
1770722040000,BTC-USDT,68907.7,1.83231844,68928.1,68928.1,68903,68907.7
1770722100000,BTC-USDT,68896,1.29629235,68907.7,68907.7,68891.3,68896
1770722160000,BTC-USDT,68896.1,0.06381315,68896.1,68896.2,68896.1,68896.1
1770722220000,BTC-USDT,68972.7,2.16864854,68896.2,68972.7,68896.2,68972.7
1770722280000,BTC-USDT,68997.9,0.48052118,68972.7,68997.9,68957,68997.9
1770722340000,BTC-USDT,68984.9,4.25224295,68997.9,69009.3,68975.8,68984.9
1770722400000,BTC-USDT,68966.3,1.47545854,68984.9,68992.8,68966.3,68966.3
1770722460000,BTC-USDT,68983.1,5.14396042,68966.3,68990.5,68925.4,68983.1
1770722520000,BTC-USDT,68960.2,7.06464289,68983,69001.7,68952.5,68960.2
1770722580000,BTC-USDT,68951.4,2.53486175,68960.2,68997.9,68951.4,68951.4
1770722640000,BTC-USDT,68955.3,3.01230545,68951.5,68957.8,68923.1,68955.3
1770722700000,BTC-USDT,68944,2.45246892,68957,68979.3,68936,68944
1770722760000,BTC-USDT,68920,3.25370175,68944.3,68944.3,68911.1,68920
1770722820000,BTC-USDT,68913.5,3.23193226,68920.1,68922.6,68898,68913.5
1770722880000,BTC-USDT,68956.2,0.78810114,68913.4,68956.3,68913.4,68956.2
1770722940000,BTC-USDT,68937.4,1.28936199,68956.3,68956.3,68926,68937.4
1770723000000,BTC-USDT,68983.4,2.43795433,68937.5,68990.6,68912.5,68983.4
1770723060000,BTC-USDT,68985.7,5.24013808,68983.4,69003.9,68964,68985.7
1770723120000,BTC-USDT,68988.6,1.41339483,68985.6,68990.6,68972.1,68988.6
1770723180000,BTC-USDT,69084.3,3.93288452,68988.6,69091.6,68988.5,69084.3
1770723240000,BTC-USDT,69070.2,0.57678328,69084.3,69084.4,69040.1,69070.2
1770723300000,BTC-USDT,69057.1,1.64267526,69070.1,69072,69029.1,69057.1
1770723360000,BTC-USDT,69044,0.51094738,69057.1,69060,69029.1,69044
1770723420000,BTC-USDT,69050.8,0.32973351,69044,69063.4,69043.9,69050.8
1770723480000,BTC-USDT,68997.6,0.8998479,69050.7,69050.7,68997.5,68997.6
1770723540000,BTC-USDT,69011.1,1.70920646,68997.6,69011.1,68975,69011.1
1770723600000,BTC-USDT,68923.1,1.65510058,69011.9,69011.9,68923.1,68923.1
1770723660000,BTC-USDT,68878.3,3.38211379,68931,68931,68874.9,68878.3
1770723720000,BTC-USDT,68782.1,10.16071132,68878.4,68882.6,68766.3,68782.1
1770723780000,BTC-USDT,68740,4.29993171,68781.1,68799.6,68740,68740
1770723840000,BTC-USDT,68666.1,77.69729618,68740,68740.1,68500,68666.1
1770723900000,BTC-USDT,68581,6.36854089,68665.5,68665.5,68500.5,68581
1770723960000,BTC-USDT,68558.6,3.9541698,68581,68615,68547.9,68558.6
1770724020000,BTC-USDT,68629,37.60643832,68558.5,68629,68466,68629
1770724080000,BTC-USDT,68703.7,2.16327713,68628.9,68704.4,68623.3,68703.7
1770724140000,BTC-USDT,68713.8,11.91439763,68704,68777.7,68664.9,68713.8
1770724200000,BTC-USDT,68766.3,2.56243364,68713.7,68785.7,68705.3,68766.3
1770724260000,BTC-USDT,68709.6,1.75007571,68768.3,68768.3,68706.1,68709.6
1770724320000,BTC-USDT,68688.1,3.26690902,68708.6,68708.6,68660.1,68688.1
1770724380000,BTC-USDT,68544.1,9.66893327,68688.1,68688.1,68520,68544.1
1770724440000,BTC-USDT,68556.5,1.89361858,68544.2,68592.2,68526.3,68556.5
1770724500000,BTC-USDT,68612.5,3.6354642,68557,68625.5,68550.3,68612.5
1770724560000,BTC-USDT,68625.4,1.45376503,68612.5,68634.8,68609.8,68625.4
1770724620000,BTC-USDT,68544.1,2.684458,68625.5,68647,68535.1,68544.1
1770724680000,BTC-USDT,68532.1,2.34484631,68543,68545.6,68512.6,68532.1
1770724740000,BTC-USDT,68530.9,4.66790501,68532,68558.6,68502,68530.9
1770724800000,BTC-USDT,68622.6,2.74299295,68530.2,68622.6,68530.2,68622.6
1770724860000,BTC-USDT,68690,4.0743639,68629.3,68700.5,68629.3,68690
1770724920000,BTC-USDT,68764.1,7.5084084,68692,68774.6,68692,68764.1
1770724980000,BTC-USDT,68745.3,1.56981328,68764.1,68779.3,68741.6,68745.3
1770725040000,BTC-USDT,68707.6,4.62763852,68745.4,68767,68692,68707.6
1770725100000,BTC-USDT,68808.5,4.88182775,68707.6,68820.5,68707.6,68808.5
1770725160000,BTC-USDT,68825,1.82497669,68808.5,68825,68776,68825
1770725220000,BTC-USDT,68739.5,4.05865176,68824,68827,68734,68739.5
1770725280000,BTC-USDT,68688.8,3.89855546,68740.9,68740.9,68668.5,68688.8
1770725340000,BTC-USDT,68712.8,5.05875024,68688.7,68746.4,68618.1,68712.8
1770725400000,BTC-USDT,68707.9,2.19982763,68708.9,68767.8,68690.6,68707.9
1770725460000,BTC-USDT,68676.4,3.48712238,68708,68740,68676.4,68676.4
1770725520000,BTC-USDT,68630.7,3.32017975,68676.3,68698.1,68630.6,68630.7
1770725580000,BTC-USDT,68669,1.70139878,68630.7,68678.9,68624,68669
1770725640000,BTC-USDT,68633,0.86137173,68668.9,68668.9,68625.1,68633
1770725700000,BTC-USDT,68666,0.67034411,68633,68670.7,68625.2,68666
1770725760000,BTC-USDT,68645.1,0.74004761,68666,68687.5,68632,68645.1
1770725820000,BTC-USDT,68610.1,1.73383897,68645.1,68645.1,68610.1,68610.1
1770725880000,BTC-USDT,68671,1.19104695,68610,68680.9,68607.8,68671
1770725940000,BTC-USDT,68563,2.84957158,68672,68685.1,68551.8,68563
1770726000000,BTC-USDT,68640,2.13452979,68563,68664.3,68563,68640
1770726060000,BTC-USDT,68691.2,1.04597411,68640,68691.2,68627.1,68691.2
1770726120000,BTC-USDT,68668.5,1.0652714,68691.2,68699.9,68641,68668.5
1770726180000,BTC-USDT,68695.1,0.84246968,68665,68695.1,68641.1,68695.1
1770726240000,BTC-USDT,68750,3.66046296,68699.9,68754.9,68699.9,68750
1770726300000,BTC-USDT,68770.1,1.47125513,68750,68778.9,68748.5,68770.1
1770726360000,BTC-USDT,68766.8,0.29167213,68769.4,68784.4,68757.2,68766.8
1770726420000,BTC-USDT,68772.3,1.74223586,68760,68777.9,68743.9,68772.3
1770726480000,BTC-USDT,68740,1.97622566,68772.3,68772.3,68733.7,68740
1770726540000,BTC-USDT,68762.1,0.34106602,68740.1,68766.3,68740,68762.1
1770726600000,BTC-USDT,68788.3,1.00010951,68762,68799.6,68754.1,68788.3
1770726660000,BTC-USDT,68839.2,2.1067393,68795.5,68850,68795.5,68839.2
1770726720000,BTC-USDT,68812.7,5.50643579,68839.2,68839.2,68794.6,68812.7
1770726780000,BTC-USDT,68852.4,1.64142619,68812.7,68852.4,68812.7,68852.4
1770726840000,BTC-USDT,68700.7,3.40104861,68852.9,68852.9,68700.7,68700.7
1770726900000,BTC-USDT,68678.2,1.88097256,68700.1,68700.1,68655,68678.2
1770726960000,BTC-USDT,68636.3,2.91916959,68678.2,68678.2,68620.8,68636.3
1770727020000,BTC-USDT,68670,6.49479447,68636,68670,68630,68670
1770727080000,BTC-USDT,68671.3,1.6108666,68669.9,68682,68638.8,68671.3
1770727140000,BTC-USDT,68652.6,0.70662122,68671.2,68671.2,68639.8,68652.6
1770727200000,BTC-USDT,68600.1,3.71845368,68652.9,68675.6,68600,68600.1
1770727260000,BTC-USDT,68609.2,2.45707042,68600,68623.4,68571.4,68609.2
1770727320000,BTC-USDT,68594.5,2.02012071,68610.7,68628.9,68593.9,68594.5
1770727380000,BTC-USDT,68586,1.79943851,68594.4,68596,68574.3,68586
1770727440000,BTC-USDT,68571,2.5963233,68588,68620,68557.9,68571
1770727500000,BTC-USDT,68500,5.2100405,68571.1,68586.6,68471.8,68500
1770727560000,BTC-USDT,68524.1,6.76971896,68500.3,68588.2,68433.3,68524.1
1770727620000,BTC-USDT,68592.3,4.24131474,68520.5,68594.9,68507,68592.3
1770727680000,BTC-USDT,68522.3,3.15196488,68592.3,68602.8,68504.7,68522.3
1770727740000,BTC-USDT,68554,13.03386316,68522.4,68572.1,68474.4,68554
1770727800000,BTC-USDT,68591.6,2.40339951,68556.9,68602.4,68548,68591.6
1770727860000,BTC-USDT,68622.7,1.33458892,68596.7,68622.7,68571.2,68622.7
1770727920000,BTC-USDT,68576.7,1.30547163,68623,68630.8,68563,68576.7
1770727980000,BTC-USDT,68623,1.15743585,68576.7,68630.5,68561.1,68623
1770728040000,BTC-USDT,68638.9,1.32750544,68619.9,68672,68619.8,68638.9
1770728100000,BTC-USDT,68623.5,1.19146265,68637,68665.8,68623.5,68623.5
1770728160000,BTC-USDT,68679,1.40478202,68621.1,68685,68621.1,68679
1770728220000,BTC-USDT,68659.3,1.04676153,68679,68681.5,68628.5,68659.3
1770728280000,BTC-USDT,68618,1.97498978,68660,68661.1,68600.6,68618
1770728340000,BTC-USDT,68613.3,0.55151135,68617.2,68630.1,68607.1,68613.3
1770728400000,BTC-USDT,68529.3,12.95302324,68613.3,68613.3,68500,68529.3
1770728460000,BTC-USDT,68505.9,6.06831103,68529.2,68550.9,68474.3,68505.9
1770728520000,BTC-USDT,68523.1,1.49838638,68502.4,68553.2,68502,68523.1
1770728580000,BTC-USDT,68602.8,1.09522847,68525.3,68602.8,68525.2,68602.8
1770728640000,BTC-USDT,68485.9,2.54862697,68603,68619.9,68476.5,68485.9
1770728700000,BTC-USDT,68554.9,18.34835379,68486,68588.9,68357.1,68554.9
1770728760000,BTC-USDT,68500,4.98728293,68554.9,68554.9,68434.9,68500
1770728820000,BTC-USDT,68510.1,4.6342919,68500,68566.9,68459.2,68510.1
1770728880000,BTC-USDT,68505.3,1.92138389,68510.2,68530.9,68485.9,68505.3
1770728940000,BTC-USDT,68586,4.39085796,68513,68593.4,68506.4,68586
1770729000000,BTC-USDT,68552.2,1.92928695,68592.2,68596,68520.6,68552.2
1770729060000,BTC-USDT,68507.7,3.55165107,68549.6,68570,68507.7,68507.7
1770729120000,BTC-USDT,68512,6.95025694,68507.7,68538,68440.3,68512
1770729180000,BTC-USDT,68579,1.77702674,68512,68581.9,68505,68579
1770729240000,BTC-USDT,68588.2,1.69050062,68579,68593.1,68552.3,68588.2
1770729300000,BTC-USDT,68570.1,3.426057,68588.2,68588.2,68530.7,68570.1
1770729360000,BTC-USDT,68565.1,1.65991884,68570,68572.1,68533.4,68565.1
1770729420000,BTC-USDT,68622.3,1.98674612,68565.6,68625.9,68557,68622.3
1770729480000,BTC-USDT,68668.3,4.68480898,68622.3,68711.3,68622.3,68668.3
1770729540000,BTC-USDT,68632.4,3.20758033,68668.3,68672.5,68617.5,68632.4
1770729600000,BTC-USDT,68683.2,3.61828928,68632.5,68689.2,68632.5,68683.2
1770729660000,BTC-USDT,68645.9,1.6340173,68683.2,68697.9,68636.1,68645.9
1770729720000,BTC-USDT,68739.3,3.23894787,68646,68739.3,68645.9,68739.3
1770729780000,BTC-USDT,68732.3,11.1163864,68739.3,68759.7,68732.1,68732.3
1770729840000,BTC-USDT,68766.1,2.04503067,68732.3,68766.1,68722.6,68766.1
1770729900000,BTC-USDT,68735,4.09885271,68766.1,68774.6,68716.9,68735
1770729960000,BTC-USDT,68730.6,3.83795195,68734.5,68751.9,68721,68730.6
1770730020000,BTC-USDT,68747.4,0.54940502,68730,68748.3,68705.4,68747.4
1770730080000,BTC-USDT,68760,2.58640166,68747.4,68800,68747.4,68760
1770730140000,BTC-USDT,68736.5,1.52659838,68760,68760,68731.2,68736.5
1770730200000,BTC-USDT,68723.2,12.03009647,68734.3,68780,68694.8,68723.2
1770730260000,BTC-USDT,68766.6,2.53226572,68727,68766.6,68700.1,68766.6
1770730320000,BTC-USDT,68919.9,9.0588896,68768.1,68919.9,68768.1,68919.9
1770730380000,BTC-USDT,68983.9,7.67628368,68919.9,69019.9,68900,68983.9
1770730440000,BTC-USDT,69033.7,11.94324421,68983.8,69035.7,68935.6,69033.7
1770730500000,BTC-USDT,68950.9,3.76996657,69035,69062.5,68927.4,68950.9
1770730560000,BTC-USDT,68952.4,1.49881815,68952.8,69004.5,68945,68952.4
1770730620000,BTC-USDT,68977.3,1.13679886,68949.1,68992.7,68946.1,68977.3
1770730680000,BTC-USDT,68922.9,1.02000586,68980.2,68984,68920,68922.9
1770730740000,BTC-USDT,68956.8,1.33141597,68926.9,68957.4,68915.1,68956.8
1770730800000,BTC-USDT,68941.3,2.42824598,68956.8,68990.3,68930.1,68941.3
1770730860000,BTC-USDT,68924,1.1396134,68943.8,68947.9,68897.6,68924
1770730920000,BTC-USDT,68962.8,2.08374019,68924,68995.8,68923.9,68962.8
1770730980000,BTC-USDT,68958,0.61668691,68962.8,68975,68932,68958
1770731040000,BTC-USDT,69026.9,0.78992877,68956.9,69027,68937.1,69026.9
1770731100000,BTC-USDT,69035.1,2.87902075,69027,69047.5,69010.3,69035.1
1770731160000,BTC-USDT,69103.6,5.89402175,69035.1,69139.9,69001.1,69103.6
1770731220000,BTC-USDT,69120.3,4.02132406,69087.1,69130.9,69050,69120.3
1770731280000,BTC-USDT,69075.1,1.66890952,69120.8,69132,69061,69075.1
1770731340000,BTC-USDT,68948.6,1.68259029,69075,69075,68948.6,68948.6
1770731400000,BTC-USDT,68917.3,2.0682201,68948.6,68956.9,68889.5,68917.3
1770731460000,BTC-USDT,68932,2.33416935,68918.9,68932,68892.1,68932
1770731520000,BTC-USDT,68920.5,1.39646262,68934.8,68970.3,68920.1,68920.5
1770731580000,BTC-USDT,68965.2,1.86418364,68921.7,68975,68921.7,68965.2
1770731640000,BTC-USDT,68983.8,0.63524741,68962.3,69008,68962.3,68983.8
1770731700000,BTC-USDT,68961.2,0.54315557,68983.7,69014.1,68961.2,68961.2
1770731760000,BTC-USDT,68991.5,1.01019809,68965.1,68999.8,68961.3,68991.5
1770731820000,BTC-USDT,69002,0.18778542,68984,69005,68976.7,69002
1770731880000,BTC-USDT,69009.3,3.15277181,69001.9,69053.9,68989.9,69009.3
1770731940000,BTC-USDT,69030.1,3.98450701,69009.9,69036.9,68997,69030.1
1770732000000,BTC-USDT,69040.6,2.99086089,69030.2,69057.6,69019.2,69040.6
1770732060000,BTC-USDT,68974.5,5.9984956,69040.5,69040.5,68952.7,68974.5
1770732120000,BTC-USDT,69012.7,1.75240904,68974.4,69020.6,68947,69012.7
1770732180000,BTC-USDT,68967.7,9.84583224,69008.9,69008.9,68912.6,68967.7
1770732240000,BTC-USDT,68880.1,3.17393136,68967.6,68969,68880,68880.1
1770732300000,BTC-USDT,68897.3,4.47398803,68880,68925,68874.1,68897.3
1770732360000,BTC-USDT,68963.1,4.08091088,68897.4,68970,68897.4,68963.1
1770732420000,BTC-USDT,68982.2,2.05464803,68963.1,68982.2,68955.1,68982.2
1770732480000,BTC-USDT,69014,7.01501182,68983.8,69026.2,68962.7,69014
1770732540000,BTC-USDT,69096.8,6.45913597,69014.1,69096.8,68988.9,69096.8
1770732600000,BTC-USDT,69150,5.80287772,69096.7,69193.4,69096.7,69150
1770732660000,BTC-USDT,69115.7,2.42997675,69150,69150,69085.8,69115.7
1770732720000,BTC-USDT,69104,2.66352511,69115.7,69115.8,69090.2,69104
1770732780000,BTC-USDT,69094,3.11191464,69103,69106,69067.7,69094
1770732840000,BTC-USDT,69127.3,3.7289585,69093.9,69150,69081.5,69127.3
1770732900000,BTC-USDT,69179.5,18.91707076,69127.4,69200,69115.2,69179.5
1770732960000,BTC-USDT,69460.1,74.02118878,69179.5,69499.9,69161.7,69460.1
1770733020000,BTC-USDT,69452.4,16.4428167,69460,69525,69440,69452.4
1770733080000,BTC-USDT,69546.9,23.87924229,69450.9,69588.5,69426.7,69546.9
1770733140000,BTC-USDT,69500,15.74653406,69542.9,69579.9,69455.4,69500
1770733200000,BTC-USDT,69388.2,13.04967938,69500,69500,69346,69388.2
1770733260000,BTC-USDT,69440.1,3.59270839,69388.2,69470.2,69378.7,69440.1
1770733320000,BTC-USDT,69445.7,4.88432132,69440.1,69467.5,69387.1,69445.7
1770733380000,BTC-USDT,69376.9,13.06783825,69445.7,69445.7,69351.6,69376.9
1770733440000,BTC-USDT,69313.9,9.84939362,69376,69376,69275,69313.9
1770733500000,BTC-USDT,69316.2,4.73702264,69313.9,69351,69283.1,69316.2
1770733560000,BTC-USDT,69245.1,5.0168336,69316.2,69324.7,69235.7,69245.1
1770733620000,BTC-USDT,69251.3,6.08485228,69245,69265.5,69212,69251.3
1770733680000,BTC-USDT,69252.7,2.83123667,69251.2,69252.8,69212.1,69252.7
1770733740000,BTC-USDT,69216.6,0.91157878,69252.7,69261,69213,69216.6
1770733800000,BTC-USDT,69334,7.05007724,69216.5,69346.3,69186,69334
1770733860000,BTC-USDT,69198.2,15.15787847,69339.6,69433.1,69173.7,69198.2
1770733920000,BTC-USDT,69213,11.28713385,69213.7,69326.9,69186.9,69213
1770733980000,BTC-USDT,69031.8,24.71431478,69217,69222.9,68997.4,69031.8
1770734040000,BTC-USDT,69117,7.09688354,69035.8,69152.6,69015.1,69117
1770734100000,BTC-USDT,69135.9,6.32619829,69117,69179.5,69075.6,69135.9
1770734160000,BTC-USDT,69006.4,10.70697056,69133.4,69174.2,68920.1,69006.4
1770734220000,BTC-USDT,68684.3,20.25984376,69007.7,69007.7,68684.3,68684.3
1770734280000,BTC-USDT,68458.6,55.40832445,68684.3,68687.7,68423.7,68458.6
1770734340000,BTC-USDT,68582,52.1673772,68451.6,68621,68372.3,68582
1770734400000,BTC-USDT,68114.7,117.37890173,68576.9,68586.6,68088,68114.7
1770734460000,BTC-USDT,68038.5,109.53100879,68107.9,68240,67917.2,68038.5
1770734520000,BTC-USDT,68019.8,64.90650214,68033.5,68109,67911.6,68019.8
1770734580000,BTC-USDT,68091.6,28.88543542,68019.9,68246.7,67991.1,68091.6
1770734640000,BTC-USDT,68231.9,27.22933992,68087.3,68286,68082.1,68231.9
1770734700000,BTC-USDT,68064.9,20.58424955,68236,68306,68005.2,68064.9
1770734760000,BTC-USDT,68047.2,23.61720989,68064.8,68159.9,67991.9,68047.2
1770734820000,BTC-USDT,67926.4,9.1557959,68048.9,68125.2,67920.1,67926.4
1770734880000,BTC-USDT,67960,11.12234361,67926.3,68087.8,67926.3,67960
1770734940000,BTC-USDT,68032.7,3.49317471,67952,68032.7,67943,68032.7
1770735000000,BTC-USDT,68216.6,12.53700505,68034.2,68221.4,67974.8,68216.6
1770735060000,BTC-USDT,68169.9,13.88526349,68206.9,68232.5,68140,68169.9
1770735120000,BTC-USDT,68368.9,20.10140697,68166.6,68382.3,68155.2,68368.9
1770735180000,BTC-USDT,68380.8,10.86075718,68373.5,68432.9,68302.1,68380.8
1770735240000,BTC-USDT,68422,6.59336368,68380.8,68431.7,68219.2,68422
1770735300000,BTC-USDT,68521.7,19.02693371,68422,68521.7,68331.2,68521.7
1770735360000,BTC-USDT,68519.4,15.65614068,68521.2,68585.2,68409.4,68519.4
1770735420000,BTC-USDT,68437.7,5.51037458,68519.6,68524,68386.8,68437.7
1770735480000,BTC-USDT,68427.9,3.01522102,68437.6,68479,68400.5,68427.9
1770735540000,BTC-USDT,68458.7,3.25065374,68429,68531.7,68429,68458.7
1770735600000,BTC-USDT,68413.6,9.75316629,68458.7,68458.7,68282.5,68413.6
1770735660000,BTC-USDT,68580,7.37590997,68407.5,68586.5,68350,68580
1770735720000,BTC-USDT,68445.9,4.78701311,68586.5,68586.5,68394,68445.9
1770735780000,BTC-USDT,68647.9,21.5221129,68446.5,68647.9,68429.4,68647.9
1770735840000,BTC-USDT,68573.2,4.90852101,68648.3,68673.2,68469.5,68573.2
1770735900000,BTC-USDT,68540,5.40771744,68567,68637.4,68512.1,68540
1770735960000,BTC-USDT,68780.6,24.90658141,68543.5,68849.9,68504.9,68780.6
1770736020000,BTC-USDT,69014.9,23.90889713,68796.4,69152.3,68796.4,69014.9
1770736080000,BTC-USDT,69002.4,10.27986945,69018.2,69120,68994.6,69002.4
1770736140000,BTC-USDT,68941,9.80508831,69002.3,69034.7,68875,68941
1770736200000,BTC-USDT,69000.5,7.86741802,68946.6,69100,68939.7,69000.5
1770736260000,BTC-USDT,68899.9,12.86625524,69007.2,69034.9,68892.2,68899.9
1770736320000,BTC-USDT,68843.1,27.09371391,68900,68900,68763.2,68843.1
1770736380000,BTC-USDT,68610.6,20.62340953,68842.2,68842.2,68610.6,68610.6
1770736440000,BTC-USDT,68643,6.4853583,68610.6,68673.9,68593.7,68643
1770736500000,BTC-USDT,68555.3,11.00979536,68642.9,68642.9,68537.2,68555.3
1770736560000,BTC-USDT,68669,5.15788871,68555.2,68669,68543.1,68669
1770736620000,BTC-USDT,68650,8.90979336,68671.3,68705.9,68580.5,68650
1770736680000,BTC-USDT,68911.6,8.8063731,68656,68911.6,68622.9,68911.6
1770736740000,BTC-USDT,68892.2,7.56362216,68904.9,68911.6,68824.7,68892.2
1770736800000,BTC-USDT,68920.2,5.72857698,68892.2,68958.9,68836.9,68920.2
1770736860000,BTC-USDT,68989.2,10.03328665,68918,69063.7,68900,68989.2
1770736920000,BTC-USDT,69120,12.61054714,68989.2,69170,68965.1,69120
1770736980000,BTC-USDT,69072.9,7.30108257,69120.1,69172.4,69067,69072.9
1770737040000,BTC-USDT,68980,4.47784911,69072.9,69072.9,68965.5,68980
1770737100000,BTC-USDT,69064.1,4.37274334,68986.1,69069,68951.5,69064.1
1770737160000,BTC-USDT,69283.8,12.56862463,69058,69329.8,69046.6,69283.8
1770737220000,BTC-USDT,69285.3,27.10207435,69278,69325.9,69173.1,69285.3
1770737280000,BTC-USDT,69190.2,7.13092487,69285.4,69286,69159.7,69190.2
1770737340000,BTC-USDT,69219.9,9.76767644,69190.2,69225.2,69150.1,69219.9
1770737400000,BTC-USDT,69361.8,14.74704149,69219.9,69372.9,69176,69361.8
1770737460000,BTC-USDT,69245.8,9.48345309,69363.3,69400,69245.8,69245.8
1770737520000,BTC-USDT,69264.1,11.14313017,69245.9,69337.4,69238,69264.1
1770737580000,BTC-USDT,69357.4,12.56972961,69264.1,69398.9,69252.5,69357.4
1770737640000,BTC-USDT,69286.9,10.33053554,69357.3,69400,69265.5,69286.9
1770737700000,BTC-USDT,69323.1,14.27320635,69291.3,69400,69195.1,69323.1
1770737760000,BTC-USDT,69483.9,31.99025402,69323.1,69486.8,69299.5,69483.9
1770737820000,BTC-USDT,69318.2,24.71382593,69484,69500,69305.2,69318.2
1770737880000,BTC-USDT,69374.3,4.69422357,69321.2,69411,69321.2,69374.3
1770737940000,BTC-USDT,69350,7.68981088,69375.9,69388,69322.1,69350
1770738000000,BTC-USDT,69420.9,11.03813988,69350,69494.9,69343,69420.9
1770738060000,BTC-USDT,69512,19.75688099,69420,69512.1,69390.9,69512
1770738120000,BTC-USDT,69388,15.20151648,69512,69512,69340.7,69388
1770738180000,BTC-USDT,69280,8.46646509,69388,69394.9,69206.8,69280
1770738240000,BTC-USDT,69280.1,7.02395928,69282,69330.9,69244,69280.1
1770738300000,BTC-USDT,69128,18.0411635,69280.1,69299.9,69122,69128
1770738360000,BTC-USDT,69180,5.74853848,69127.9,69231.9,69119.4,69180
1770738420000,BTC-USDT,69236.7,7.60020096,69182.5,69292.5,69174.6,69236.7
1770738480000,BTC-USDT,69316.2,5.30600675,69244.9,69400,69244.9,69316.2
1770738540000,BTC-USDT,69397.2,7.67579471,69327.4,69435.9,69327.4,69397.2
1770738600000,BTC-USDT,69259.9,6.96920207,69398.9,69398.9,69185.9,69259.9
1770738660000,BTC-USDT,69220.9,2.60493869,69259.6,69335.3,69216,69220.9
1770738720000,BTC-USDT,69265.4,8.37270845,69220.5,69273.6,69166.9,69265.4
1770738780000,BTC-USDT,69331.9,4.96267956,69261.6,69374.9,69233.6,69331.9
1770738840000,BTC-USDT,69385.9,2.74504407,69331.9,69386,69310,69385.9
1770738900000,BTC-USDT,69288.7,13.61320866,69385.9,69414.4,69280.9,69288.7
1770738960000,BTC-USDT,69110.9,4.86225484,69293,69314.4,69106,69110.9
1770739020000,BTC-USDT,69263.4,2.8972497,69108.1,69263.5,69108.1,69263.4
1770739080000,BTC-USDT,69281.9,3.64407368,69263.5,69369.5,69263.5,69281.9
1770739140000,BTC-USDT,69288.1,8.80420248,69281.9,69317.9,69204.1,69288.1
1770739200000,BTC-USDT,69309.8,3.32926064,69288.2,69325,69193.4,69309.8
1770739260000,BTC-USDT,69142.8,4.16213794,69309.7,69309.7,69142.8,69142.8
1770739320000,BTC-USDT,69212.3,6.40552909,69141.9,69259.2,69141.9,69212.3
1770739380000,BTC-USDT,69146.3,2.70963538,69212.3,69212.3,69121,69146.3
1770739440000,BTC-USDT,69068,6.48636497,69146.3,69197,69051,69068
1770739500000,BTC-USDT,69022,7.32140924,69066.9,69142.8,69015.2,69022
1770739560000,BTC-USDT,68971,11.48115758,69019.1,69020,68939.3,68971
1770739620000,BTC-USDT,69023.3,7.51148725,68970.9,69025.1,68940.1,69023.3
1770739680000,BTC-USDT,69132,27.64064117,69022.1,69166.5,69008.3,69132
1770739740000,BTC-USDT,69006.1,3.48345326,69134,69145.4,69006,69006.1
1770739800000,BTC-USDT,69113.1,2.72342229,69006,69135.4,69006,69113.1
1770739860000,BTC-USDT,69255,3.36826088,69113.1,69259,69113.1,69255
1770739920000,BTC-USDT,69333.4,3.09064314,69257,69333.4,69257,69333.4
1770739980000,BTC-USDT,69394.6,2.58777255,69334.5,69396.7,69321.6,69394.6
1770740040000,BTC-USDT,69672.7,44.76268014,69388.3,69717.6,69388.3,69672.7
1770740100000,BTC-USDT,69682.5,12.98825654,69679.6,69800,69591.5,69682.5
1770740160000,BTC-USDT,69580.8,11.69499476,69682.5,69754,69571.1,69580.8
1770740220000,BTC-USDT,69545,4.81481725,69580.8,69631.4,69545,69545
1770740280000,BTC-USDT,69577.9,4.98164222,69544.8,69595.7,69532.5,69577.9
1770740340000,BTC-USDT,69499.1,4.59211285,69580,69590.3,69484.6,69499.1
1770740400000,BTC-USDT,69427.4,7.41828655,69502.7,69526.8,69368.5,69427.4
1770740460000,BTC-USDT,69416.8,2.85154427,69427.5,69507,69416.8,69416.8
1770740520000,BTC-USDT,69320.7,6.92034654,69420,69439.9,69270.1,69320.7
1770740580000,BTC-USDT,69381,6.39829474,69320.7,69398.2,69261.5,69381
1770740640000,BTC-USDT,69414.8,3.15741482,69385.5,69451.3,69361.5,69414.8
1770740700000,BTC-USDT,69436.4,5.01703344,69419.2,69481,69368.5,69436.4
1770740760000,BTC-USDT,69516.9,12.1070176,69437.6,69531,69376.3,69516.9
1770740820000,BTC-USDT,69450.9,1.98769713,69514.4,69547.5,69432.9,69450.9
1770740880000,BTC-USDT,69451,3.24091966,69450.9,69456.2,69376,69451
1770740940000,BTC-USDT,69419.5,1.60532609,69454.9,69490,69419.4,69419.5
1770741000000,BTC-USDT,69268.2,5.1966905,69423.9,69423.9,69268.2,69268.2
1770741060000,BTC-USDT,69413,6.70811463,69268.1,69417.5,69268,69413
1770741120000,BTC-USDT,69345.8,4.53138545,69408,69439.2,69339,69345.8
1770741180000,BTC-USDT,69408.6,5.16840287,69351.3,69482.6,69351.3,69408.6
1770741240000,BTC-USDT,69385.8,2.61296584,69416.3,69435.5,69328,69385.8
1770741300000,BTC-USDT,69480,3.54921661,69389.9,69506.4,69375.1,69480
1770741360000,BTC-USDT,69477.7,0.92374544,69476.3,69525,69460.1,69477.7
1770741420000,BTC-USDT,69412,4.34079008,69480.9,69491,69408,69412
1770741480000,BTC-USDT,69615.3,6.37713656,69411.9,69615.3,69387.3,69615.3
1770741540000,BTC-USDT,69581.7,3.57451659,69615.3,69658.6,69555,69581.7
1770741600000,BTC-USDT,69555,2.94478546,69581.6,69640.1,69555,69555
1770741660000,BTC-USDT,69558,3.12355778,69555,69616.3,69541.5,69558
1770741720000,BTC-USDT,69529.4,1.92001305,69566,69607.6,69511.2,69529.4
1770741780000,BTC-USDT,69437.3,1.39348198,69529.5,69545.9,69437.2,69437.3
1770741840000,BTC-USDT,69480,2.6274781,69437.2,69516.6,69400.1,69480
1770741900000,BTC-USDT,69498.1,5.50840005,69486.7,69569.5,69460,69498.1
1770741960000,BTC-USDT,69548.4,3.05178613,69503.7,69558.3,69471,69548.4
1770742020000,BTC-USDT,69437,6.42868755,69547.1,69569.6,69433.6,69437
1770742080000,BTC-USDT,69370.1,2.7864969,69436.9,69466,69370,69370.1
1770742140000,BTC-USDT,69416.1,1.92369149,69370,69452.9,69356.8,69416.1
1770742200000,BTC-USDT,69434,3.41270726,69419.5,69446.9,69386.6,69434
1770742260000,BTC-USDT,69352,3.48622301,69434,69445.9,69349.1,69352
1770742320000,BTC-USDT,69331.9,1.54896247,69353,69356.2,69318.5,69331.9
1770742380000,BTC-USDT,69313.6,7.61211791,69333.9,69352.6,69283.7,69313.6
1770742440000,BTC-USDT,69396,1.00485407,69313.5,69416.3,69310.8,69396
1770742500000,BTC-USDT,69408,3.56887317,69395.9,69429.9,69358.5,69408
1770742560000,BTC-USDT,69553,5.0005914,69408.1,69553.5,69408.1,69553
1770742620000,BTC-USDT,69569.6,1.82717042,69552.6,69569.6,69526.7,69569.6
1770742680000,BTC-USDT,69552.9,0.99309039,69569.5,69584.2,69521.5,69552.9
1770742740000,BTC-USDT,69510.6,2.38390498,69557,69600,69500.1,69510.6
1770742800000,BTC-USDT,69422.8,2.05767091,69505.9,69540.1,69422.8,69422.8
1770742860000,BTC-USDT,69392,1.39262072,69422.7,69478.1,69383.3,69392
1770742920000,BTC-USDT,69406.6,1.55401198,69392,69451.3,69379,69406.6
1770742980000,BTC-USDT,69322.9,6.58648957,69405.7,69442.1,69313,69322.9
1770743040000,BTC-USDT,69378,1.39681211,69319.1,69381.4,69319.1,69378
1770743100000,BTC-USDT,69362.2,1.97878557,69377.9,69410.2,69353.1,69362.2
1770743160000,BTC-USDT,69361.9,2.9658296,69362.2,69408.8,69333.6,69361.9
1770743220000,BTC-USDT,69339,0.63048421,69360,69366,69332,69339
1770743280000,BTC-USDT,69428.1,1.85602481,69340.8,69447.6,69340.8,69428.1
1770743340000,BTC-USDT,69440,1.51010592,69428.1,69447.6,69415.4,69440
1770743400000,BTC-USDT,69410,2.72357196,69440,69495.2,69410,69410
1770743460000,BTC-USDT,69379,2.04143582,69410.1,69453.9,69370.3,69379
1770743520000,BTC-USDT,69408.4,0.57880397,69378.3,69410.6,69374.3,69408.4
1770743580000,BTC-USDT,69335,12.81030849,69409.9,69423.8,69324.9,69335
1770743640000,BTC-USDT,69394.9,0.98929599,69334.9,69396,69334.9,69394.9
1770743700000,BTC-USDT,69386.2,1.22611934,69394.9,69418.7,69362.1,69386.2
1770743760000,BTC-USDT,69466.7,2.24154728,69386.2,69466.8,69342.9,69466.7
1770743820000,BTC-USDT,69580,16.00219871,69453.1,69596,69440.1,69580
1770743880000,BTC-USDT,69614.1,7.8526828,69586.6,69676.8,69573.3,69614.1
1770743940000,BTC-USDT,69619,6.87043177,69614.1,69658.5,69582.1,69619
1770744000000,BTC-USDT,69654.1,4.46262874,69618.9,69671.8,69593.4,69654.1
1770744060000,BTC-USDT,69702.8,4.60433814,69656.4,69721,69636.9,69702.8
1770744120000,BTC-USDT,69610,2.94024309,69702.9,69702.9,69607.9,69610
1770744180000,BTC-USDT,69709.4,10.63252342,69609.7,69750,69572.1,69709.4
1770744240000,BTC-USDT,69661.2,1.90040241,69708.9,69739.9,69636.8,69661.2
1770744300000,BTC-USDT,69702.3,3.61375951,69661.2,69702.3,69616,69702.3
1770744360000,BTC-USDT,69747.9,6.23283353,69706.6,69788.3,69695.1,69747.9
1770744420000,BTC-USDT,69760.1,10.26113165,69745.1,69810.3,69714.2,69760.1
1770744480000,BTC-USDT,69712.1,2.48392864,69760,69760,69668.8,69712.1
1770744540000,BTC-USDT,69664.6,0.75124277,69712,69712,69650.2,69664.6
1770744600000,BTC-USDT,69659,2.03221532,69666.9,69681.6,69632.3,69659
1770744660000,BTC-USDT,69650,4.0474655,69663.9,69684.4,69622.5,69650
1770744720000,BTC-USDT,69850.2,23.74818513,69650.1,69943.7,69650.1,69850.2
1770744780000,BTC-USDT,69829.3,5.93725227,69845.8,69911,69753.1,69829.3
1770744840000,BTC-USDT,69802.1,4.41939443,69831.9,69856,69760.1,69802.1
1770744900000,BTC-USDT,69751.1,3.65685971,69800,69840.6,69749.7,69751.1
1770744960000,BTC-USDT,69841.1,1.24980799,69764.1,69856.7,69764.1,69841.1
1770745020000,BTC-USDT,69788.9,3.3334,69841.1,69841.1,69764.1,69788.9
1770745080000,BTC-USDT,69881.4,2.97328788,69789,69896.9,69765.4,69881.4
1770745140000,BTC-USDT,69842.5,2.88342913,69876,69926.4,69838.4,69842.5
1770745200000,BTC-USDT,69867.9,7.73108278,69842.4,69867.9,69807.3,69867.9
1770745260000,BTC-USDT,69943.9,11.23915463,69867.9,69990,69848.1,69943.9
1770745320000,BTC-USDT,69900.7,2.30552173,69939.2,69956.6,69896,69900.7
1770745380000,BTC-USDT,69912.2,5.47585635,69900.7,69944.3,69879.6,69912.2
1770745440000,BTC-USDT,69878.4,3.05884868,69912.2,69932,69845.5,69878.4
1770745500000,BTC-USDT,69852.1,2.45869057,69883.8,69904.4,69850.1,69852.1
1770745560000,BTC-USDT,69897.1,5.2030297,69858,69948.7,69855.4,69897.1
1770745620000,BTC-USDT,69902.1,1.60888079,69897.1,69927.9,69894.6,69902.1
1770745680000,BTC-USDT,69844,1.62950122,69897.5,69897.5,69830.3,69844
1770745740000,BTC-USDT,69844,3.24703855,69844,69886.7,69827,69844
1770745800000,BTC-USDT,69902.7,1.66635316,69840.8,69925.9,69829.4,69902.7
1770745860000,BTC-USDT,69841.5,2.00268127,69902.6,69909.9,69840,69841.5
1770745920000,BTC-USDT,69834.8,0.69968989,69841.6,69854.7,69834.8,69834.8
1770745980000,BTC-USDT,69794.5,2.32537177,69834.9,69849.9,69791.1,69794.5
1770746040000,BTC-USDT,69747.6,2.09162067,69794.4,69794.4,69708.5,69747.6
1770746100000,BTC-USDT,69790.1,3.13274227,69752.3,69802.6,69748.4,69790.1
1770746160000,BTC-USDT,69739.7,1.85477453,69790,69790.1,69720,69739.7
1770746220000,BTC-USDT,69806,1.53387225,69739.8,69807.7,69739.8,69806
1770746280000,BTC-USDT,69799,1.33657765,69807.6,69807.7,69772.7,69799
1770746340000,BTC-USDT,69921,3.35840196,69798.9,69923.4,69794,69921
1770746400000,BTC-USDT,69840.1,17.65587593,69921,69949.1,69787,69840.1
1770746460000,BTC-USDT,69833.3,2.61450473,69840,69866,69791.7,69833.3
1770746520000,BTC-USDT,69809.8,0.66821373,69836,69847.3,69809.8,69809.8
1770746580000,BTC-USDT,69860,2.11648492,69809.7,69860,69757.5,69860
1770746640000,BTC-USDT,69747.8,0.99386458,69860.1,69860.1,69747.8,69747.8
1770746700000,BTC-USDT,69609,4.16202838,69747.8,69760.1,69601.8,69609
1770746760000,BTC-USDT,69588,6.71917409,69611.9,69647.5,69586.7,69588
1770746820000,BTC-USDT,69641.9,2.07767227,69587.2,69641.9,69564.4,69641.9
1770746880000,BTC-USDT,69664.1,0.86038787,69641.9,69677,69624,69664.1
1770746940000,BTC-USDT,69661.9,0.54413749,69664.1,69685,69659.5,69661.9
1770747000000,BTC-USDT,69618.6,1.97943142,69663,69693.1,69592.8,69618.6
1770747060000,BTC-USDT,69633.2,1.61323152,69614.8,69639,69566.7,69633.2
1770747120000,BTC-USDT,69592.8,0.78797004,69631.1,69631.1,69580.4,69592.8
1770747180000,BTC-USDT,69570.1,1.59015789,69595,69610.9,69560,69570.1
1770747240000,BTC-USDT,69581.4,0.23122874,69570,69606.9,69570,69581.4
1770747300000,BTC-USDT,69537.1,0.56051371,69576.3,69576.3,69527.7,69537.1
1770747360000,BTC-USDT,69553.4,2.5643376,69537.1,69583.7,69482.5,69553.4
1770747420000,BTC-USDT,69506.4,2.00455049,69559.3,69559.3,69493.3,69506.4
1770747480000,BTC-USDT,69574.2,1.20049367,69506.5,69596.8,69506.5,69574.2
1770747540000,BTC-USDT,69557.4,2.40803986,69572,69581,69518,69557.4
1770747600000,BTC-USDT,69444.4,4.01066728,69557.4,69558,69394.9,69444.4
1770747660000,BTC-USDT,69259.3,7.34176231,69442,69442,69259.3,69259.3
1770747720000,BTC-USDT,69341,5.0955893,69259.2,69345.8,69218,69341
1770747780000,BTC-USDT,69316,1.79170716,69341,69354.3,69249.9,69316
1770747840000,BTC-USDT,69335.1,1.66313378,69316,69374.1,69298.7,69335.1
1770747900000,BTC-USDT,69114,9.35729579,69338.3,69388.6,69113.8,69114
1770747960000,BTC-USDT,69044.7,8.57650952,69115.6,69120,69002.7,69044.7
1770748020000,BTC-USDT,68875.5,10.31687005,69042.1,69042.1,68875.1,68875.5
1770748080000,BTC-USDT,69020.3,7.7128926,68880,69068.7,68880,69020.3
1770748140000,BTC-USDT,68900.1,2.56277808,69021.4,69022,68895,68900.1
1770748200000,BTC-USDT,68956.1,3.54798239,68899.6,68988.9,68884.6,68956.1
1770748260000,BTC-USDT,68987.3,7.5181347,68956.1,69111.1,68923.4,68987.3
1770748320000,BTC-USDT,69045.1,3.09879273,68992.7,69071,68969.8,69045.1
1770748380000,BTC-USDT,68904.6,1.99608678,69045,69068.4,68894.3,68904.6
1770748440000,BTC-USDT,68806.1,7.48733388,68905.1,68934.6,68784.2,68806.1
1770748500000,BTC-USDT,69005.7,2.84291486,68806.1,69029.3,68800.2,69005.7
1770748560000,BTC-USDT,68934.1,1.59536907,69000,69015,68933.8,68934.1
1770748620000,BTC-USDT,69012.6,3.85839037,68934,69028,68853.7,69012.6
1770748680000,BTC-USDT,69030,2.73585126,69011.5,69030,68997.3,69030
1770748740000,BTC-USDT,68989.9,3.31293981,69022,69083.2,68977.8,68989.9
1770748800000,BTC-USDT,69060,8.86499741,68989.6,69083.3,68976.8,69060
1770748860000,BTC-USDT,68998.8,3.8840837,69056.6,69066.2,68982.6,68998.8
1770748920000,BTC-USDT,68986.4,1.15944208,68995.8,69043.6,68961.1,68986.4
1770748980000,BTC-USDT,69017.4,0.72959055,68981.1,69021.6,68969.1,69017.4
1770749040000,BTC-USDT,68998,0.363276,69013.7,69020,68987,68998
1770749100000,BTC-USDT,68961.7,6.74940157,68997.1,69031.7,68953.2,68961.7
1770749160000,BTC-USDT,68835.9,3.36250578,68965.1,68991.1,68788.7,68835.9
1770749220000,BTC-USDT,68660,15.26321649,68839.9,68839.9,68619.2,68660
1770749280000,BTC-USDT,68765.1,4.91016722,68664.9,68765.1,68659.8,68765.1
1770749340000,BTC-USDT,68736.1,2.03829522,68765.1,68807.3,68726.5,68736.1
1770749400000,BTC-USDT,68763.4,9.23786289,68736.1,68792.1,68727.7,68763.4
1770749460000,BTC-USDT,68762,1.16910937,68766.7,68785.5,68707.1,68762
1770749520000,BTC-USDT,68811.3,3.09017029,68761.1,68874.9,68761.1,68811.3
1770749580000,BTC-USDT,68824,12.00566176,68816,68859.1,68786.3,68824
1770749640000,BTC-USDT,68847.1,1.82356981,68836.9,68871,68814,68847.1
1770749700000,BTC-USDT,68874,2.3156592,68846.5,68874.8,68793.2,68874
1770749760000,BTC-USDT,69040,3.05623149,68874,69054.4,68874,69040
1770749820000,BTC-USDT,69009,0.95064157,69024.3,69025,68980.1,69009
1770749880000,BTC-USDT,68954,6.87486668,69007.3,69007.3,68928,68954
1770749940000,BTC-USDT,68907.3,4.81688527,68954.1,68964.8,68907.3,68907.3
1770750000000,BTC-USDT,68840.1,7.11133081,68906.6,68966.3,68840.1,68840.1
1770750060000,BTC-USDT,68950.1,3.85160132,68840.1,68969.1,68840.1,68950.1
1770750120000,BTC-USDT,68829.9,3.77647226,68950.1,68993,68818.1,68829.9
1770750180000,BTC-USDT,68802.4,2.52917718,68825,68876.1,68790.3,68802.4
1770750240000,BTC-USDT,68728.8,2.22795987,68808.6,68851.5,68704.1,68728.8
1770750300000,BTC-USDT,68862.6,4.1703638,68728.7,68874.8,68717.1,68862.6
1770750360000,BTC-USDT,68869.1,2.16448634,68851.4,68906.2,68847.2,68869.1
1770750420000,BTC-USDT,68810.8,3.7134225,68868.2,68889.5,68804.7,68810.8
1770750480000,BTC-USDT,68788.9,0.86619411,68813.3,68846,68788.1,68788.9
1770750540000,BTC-USDT,68906.1,2.84230565,68787.1,68906.1,68786.1,68906.1
1770750600000,BTC-USDT,68938.2,2.79916937,68906.2,68976,68906.2,68938.2
1770750660000,BTC-USDT,68902.8,1.47141123,68938.2,68938.2,68845.1,68902.8
1770750720000,BTC-USDT,68916.7,1.59576699,68902.9,68933,68901,68916.7
1770750780000,BTC-USDT,68913.9,1.54055919,68917.5,68938.2,68903.6,68913.9
1770750840000,BTC-USDT,68916.7,0.83440336,68914.9,68929,68905.3,68916.7
1770750900000,BTC-USDT,68899.9,2.42519492,68916.4,68929.8,68873,68899.9
1770750960000,BTC-USDT,68871.1,2.75619322,68894.3,68957.6,68871.1,68871.1
1770751020000,BTC-USDT,68806.5,4.10031893,68885,68891.5,68727.2,68806.5
1770751080000,BTC-USDT,68922.9,3.02816657,68811.9,68922.9,68811.9,68922.9
1770751140000,BTC-USDT,68834.5,1.31457149,68927.5,68939.9,68820.1,68834.5
1770751200000,BTC-USDT,68850.9,1.76820014,68841.3,68897.9,68838.8,68850.9
1770751260000,BTC-USDT,68893.4,0.58607059,68852,68895.5,68852,68893.4
1770751320000,BTC-USDT,68858,0.52179884,68893.4,68893.4,68826.3,68858
1770751380000,BTC-USDT,68825.1,1.08296008,68855.1,68864.9,68825.1,68825.1
1770751440000,BTC-USDT,68871.5,2.13166762,68825.1,68878.4,68825.1,68871.5
1770751500000,BTC-USDT,68777.1,1.81401537,68869.4,68870,68777.1,68777.1
1770751560000,BTC-USDT,68734.5,3.03982061,68777.1,68813.4,68734.4,68734.5
1770751620000,BTC-USDT,68803.3,1.07708225,68737.3,68803.3,68737.3,68803.3
1770751680000,BTC-USDT,68821.9,0.580538,68803.2,68825.9,68797.6,68821.9
1770751740000,BTC-USDT,68936.4,16.41187423,68815.6,68937.4,68813.1,68936.4
1770751800000,BTC-USDT,68963,1.85369845,68936.5,68966.8,68891.9,68963
1770751860000,BTC-USDT,68950.6,16.57149436,68966.8,69024,68941.9,68950.6
1770751920000,BTC-USDT,68978.9,0.47779399,68950.7,69003.6,68950.7,68978.9
1770751980000,BTC-USDT,69038,3.00300777,68977.1,69079.9,68970.3,69038
1770752040000,BTC-USDT,68994,0.61493099,69033.4,69045.8,68990,68994
1770752100000,BTC-USDT,69202,8.66987292,68991.2,69216.5,68982.8,69202
1770752160000,BTC-USDT,69200,3.56296915,69200,69291.4,69180.1,69200
1770752220000,BTC-USDT,69264.9,1.68114254,69200.1,69275.9,69190.8,69264.9
1770752280000,BTC-USDT,69219.9,3.17861225,69264.8,69264.8,69191.6,69219.9
1770752340000,BTC-USDT,69224.6,3.97192641,69226.9,69243.2,69150.8,69224.6
1770752400000,BTC-USDT,69191.7,1.34665166,69226.4,69226.4,69142.9,69191.7
1770752460000,BTC-USDT,69169.7,0.82975073,69187.1,69211.8,69153.4,69169.7
1770752520000,BTC-USDT,69210.9,1.312126,69172,69210.9,69172,69210.9
1770752580000,BTC-USDT,69232,1.57855606,69208.5,69233.7,69187.9,69232
1770752640000,BTC-USDT,69203.2,1.00757603,69228.3,69233.7,69192.4,69203.2
1770752700000,BTC-USDT,69214.6,1.64004872,69203.3,69264.9,69203.3,69214.6
1770752760000,BTC-USDT,69208,3.15296293,69214.7,69228,69137.1,69208
1770752820000,BTC-USDT,69218.2,0.99661209,69205.9,69240,69197.3,69218.2
1770752880000,BTC-USDT,69264.3,1.77315766,69221.4,69273,69221.4,69264.3
1770752940000,BTC-USDT,69214.5,3.85604236,69264,69311.9,69214.4,69214.5
1770753000000,BTC-USDT,69204,0.81925462,69214.4,69214.4,69171.3,69204
1770753060000,BTC-USDT,69186.8,1.23070512,69200.7,69204.1,69170.2,69186.8
1770753120000,BTC-USDT,69205.7,0.46398817,69186.9,69215.9,69186.9,69205.7
1770753180000,BTC-USDT,69174.3,1.40378978,69203.7,69203.7,69174.3,69174.3
1770753240000,BTC-USDT,69059.2,9.15475893,69172.1,69188.2,69053,69059.2
1770753300000,BTC-USDT,69030.8,3.21978146,69059.3,69073.7,69003.2,69030.8
1770753360000,BTC-USDT,69072.9,0.71127925,69030.7,69079.9,69027.5,69072.9
1770753420000,BTC-USDT,69069.5,0.55991535,69072.9,69080,69032.1,69069.5
1770753480000,BTC-USDT,69029.2,1.42868559,69069.4,69069.4,69020.4,69029.2
1770753540000,BTC-USDT,69068.8,1.68776963,69033,69077,69033,69068.8
1770753600000,BTC-USDT,69058.9,4.08646011,69068.8,69068.8,68966.7,69058.9
1770753660000,BTC-USDT,69073.5,3.08415218,69059,69143,69059,69073.5
1770753720000,BTC-USDT,69034.7,1.13739629,69073.5,69081.9,69033.9,69034.7
1770753780000,BTC-USDT,69002.7,2.5120709,69034.7,69043.2,68968.6,69002.7
1770753840000,BTC-USDT,68995.6,0.72465993,69005.9,69006,68986.9,68995.6
1770753900000,BTC-USDT,69044.2,0.98073966,69001.8,69047,68997.2,69044.2
1770753960000,BTC-USDT,69030.6,1.6952142,69044.8,69046.9,69000.1,69030.6
1770754020000,BTC-USDT,68955,4.54180137,69028,69028,68947.8,68955
1770754080000,BTC-USDT,68999,1.83543026,68958,69031.7,68958,68999
1770754140000,BTC-USDT,68971,2.15344366,69003,69015.3,68963.3,68971
1770754200000,BTC-USDT,68939.3,0.47660714,68968,68993.1,68939.3,68939.3
1770754260000,BTC-USDT,68864.1,8.77163092,68939.4,68949.6,68849.2,68864.1
1770754320000,BTC-USDT,68778.1,1.59404613,68864.1,68874.5,68778.1,68778.1
1770754380000,BTC-USDT,68749,1.38422773,68778.1,68821.9,68742,68749
1770754440000,BTC-USDT,68762.1,0.64569201,68749,68786.7,68747.3,68762.1
1770754500000,BTC-USDT,68804.6,0.50033547,68762.1,68810,68761.1,68804.6
1770754560000,BTC-USDT,68783,2.56422767,68806.9,68878.7,68772.7,68783
1770754620000,BTC-USDT,68850.8,4.33714734,68782.9,68873.2,68782.9,68850.8
1770754680000,BTC-USDT,68888.1,0.83077434,68845,68888.1,68822.1,68888.1
1770754740000,BTC-USDT,68874.1,3.1691068,68878.3,68880,68832.2,68874.1
1770754800000,BTC-USDT,68853.1,1.12883885,68874,68874,68825,68853.1
1770754860000,BTC-USDT,68865.9,0.12877242,68847.7,68865.9,68831.1,68865.9
1770754920000,BTC-USDT,68865,0.52734092,68861.8,68911.5,68861.8,68865
1770754980000,BTC-USDT,68815.8,1.05542512,68872.9,68899.9,68815.8,68815.8
1770755040000,BTC-USDT,68780,13.22357232,68815.7,68829.9,68780,68780
1770755100000,BTC-USDT,68778,0.85032919,68780.1,68831,68778,68778
1770755160000,BTC-USDT,68737.2,2.8324284,68778.1,68795.6,68730.2,68737.2
1770755220000,BTC-USDT,68788.6,6.62092947,68736,68799.6,68715.1,68788.6
1770755280000,BTC-USDT,68846.4,0.45612637,68792.7,68865.4,68790.7,68846.4
1770755340000,BTC-USDT,68824,0.29195649,68846.7,68857.5,68823.4,68824
1770755400000,BTC-USDT,68854.4,1.12467488,68823.3,68883.3,68805.2,68854.4
1770755460000,BTC-USDT,68873.7,1.8115147,68854.3,68963.5,68854.3,68873.7
1770755520000,BTC-USDT,68865.7,0.56826166,68873.7,68903.9,68851.4,68865.7
1770755580000,BTC-USDT,68804,1.18870021,68865.7,68870.4,68804,68804
1770755640000,BTC-USDT,68685,2.78428782,68803,68806.5,68672.2,68685
1770755700000,BTC-USDT,68686.6,7.55638159,68686.9,68699.9,68636.4,68686.6
1770755760000,BTC-USDT,68791.2,3.36531228,68686.6,68806.6,68686.6,68791.2
1770755820000,BTC-USDT,68788.7,0.38693837,68793.1,68832,68788.7,68788.7
1770755880000,BTC-USDT,68757.8,1.77681952,68785.7,68792.8,68724.9,68757.8
1770755940000,BTC-USDT,68831.7,1.68851713,68758,68840,68757.8,68831.7
1770756000000,BTC-USDT,68861.8,1.81848226,68838.8,68874.8,68832,68861.8
1770756060000,BTC-USDT,68857,0.63776349,68862.5,68869.6,68845.6,68857
1770756120000,BTC-USDT,68840,1.89046704,68857.6,68859.4,68827.6,68840
1770756180000,BTC-USDT,68829.9,0.48195227,68835.8,68835.8,68810.8,68829.9
1770756240000,BTC-USDT,68904,1.8769672,68830.5,68904,68813,68904
1770756300000,BTC-USDT,68886.1,0.80698193,68903.9,68924.1,68868,68886.1
1770756360000,BTC-USDT,68923.1,2.42222088,68886,68925.7,68820.1,68923.1
1770756420000,BTC-USDT,68932,2.73732936,68918.5,68959.9,68910.3,68932
1770756480000,BTC-USDT,68942.2,2.07203157,68932,68978.9,68932,68942.2
1770756540000,BTC-USDT,68876.2,2.06639853,68942.1,68964.9,68854.9,68876.2
1770756600000,BTC-USDT,68845.1,2.77882406,68876.2,68898.9,68813.2,68845.1
1770756660000,BTC-USDT,68785.8,1.15577495,68854.9,68861.3,68761.1,68785.8
1770756720000,BTC-USDT,68808.2,2.63660043,68785.9,68832.3,68785.9,68808.2
1770756780000,BTC-USDT,68840.2,2.70173395,68808.1,68848,68711.3,68840.2
1770756840000,BTC-USDT,68840.8,2.2046626,68840.2,68850.9,68792.6,68840.8
1770756900000,BTC-USDT,68827.3,1.49960509,68839.2,68847,68801.1,68827.3
1770756960000,BTC-USDT,68779.5,2.1428852,68821.5,68821.5,68742.6,68779.5
1770757020000,BTC-USDT,68748,0.89792457,68767.8,68772,68743,68748
1770757080000,BTC-USDT,68813.4,2.6613586,68748,68818,68748,68813.4
1770757140000,BTC-USDT,68761.3,30.2770943,68807,68828.8,68714.4,68761.3
1770757200000,BTC-USDT,68797.3,3.43154367,68755.1,68797.9,68731.1,68797.3
1770757260000,BTC-USDT,68917.1,10.61485927,68791.1,68985.6,68791,68917.1
1770757320000,BTC-USDT,68939,2.66336164,68923.7,68959.9,68923.7,68939
1770757380000,BTC-USDT,68924.5,1.67190118,68939.1,68954.6,68916,68924.5
1770757440000,BTC-USDT,68925.4,3.76639909,68929.1,68955.1,68907.9,68925.4
1770757500000,BTC-USDT,68949,1.38229804,68927.4,68949,68894,68949
1770757560000,BTC-USDT,68923.7,1.68321237,68948.9,68949,68916,68923.7
1770757620000,BTC-USDT,68911.9,2.63572674,68922.9,68922.9,68897.2,68911.9
1770757680000,BTC-USDT,69005.5,3.38651704,68912,69012.2,68912,69005.5
1770757740000,BTC-USDT,68920.5,5.04671098,69005.4,69005.4,68904.7,68920.5
1770757800000,BTC-USDT,68904,1.8350074,68920.5,68931.9,68892.6,68904
1770757860000,BTC-USDT,68872.6,2.69879577,68897.6,68897.6,68863.5,68872.6
1770757920000,BTC-USDT,68892.1,1.89282518,68872.6,68901.1,68872.6,68892.1
1770757980000,BTC-USDT,68862.3,4.33533023,68892,68892,68848.5,68862.3
1770758040000,BTC-USDT,68836.9,1.93582577,68862.2,68862.2,68835.2,68836.9
1770758100000,BTC-USDT,68836,1.83644415,68835.3,68847.1,68818,68836
1770758160000,BTC-USDT,68910.1,3.05564385,68836,68910.1,68836,68910.1
1770758220000,BTC-USDT,68914.8,1.52907034,68910.1,68931.9,68902.9,68914.8
1770758280000,BTC-USDT,68891.7,1.91851758,68914.7,68918,68891.6,68891.7
1770758340000,BTC-USDT,68916.2,1.48042832,68891.7,68924,68891.7,68916.2
1770758400000,BTC-USDT,68884.1,2.68687351,68917,68938.9,68884.1,68884.1
1770758460000,BTC-USDT,68862.1,2.08378146,68884.1,68884.1,68847,68862.1
1770758520000,BTC-USDT,68842.3,0.33105809,68859.6,68859.6,68831.1,68842.3
1770758580000,BTC-USDT,68775.1,0.61759021,68840.2,68840.2,68769.5,68775.1
1770758640000,BTC-USDT,68806.9,0.70091537,68775.9,68806.9,68775.9,68806.9
1770758700000,BTC-USDT,68828.8,0.66605986,68806.9,68828.8,68806.9,68828.8
1770758760000,BTC-USDT,68759.8,9.11347492,68828.8,68854.9,68754.7,68759.8
1770758820000,BTC-USDT,68769,10.35612571,68759.9,68779.9,68750.2,68769
1770758880000,BTC-USDT,68750,1.86418669,68769,68778.7,68750,68750
1770758940000,BTC-USDT,68653.9,11.17306741,68750,68750,68653.9,68653.9
1770759000000,BTC-USDT,68633.9,4.96888832,68653.9,68653.9,68582.8,68633.9
1770759060000,BTC-USDT,68425.2,67.37857317,68634,68647,68377.3,68425.2
1770759120000,BTC-USDT,68443.7,9.21245825,68431.1,68500,68431.1,68443.7
1770759180000,BTC-USDT,68452,9.22032663,68445,68494.6,68431.9,68452
1770759240000,BTC-USDT,68497,4.88811465,68452,68529.8,68445.4,68497
1770759300000,BTC-USDT,68493,3.9944355,68501.9,68561,68491.1,68493
1770759360000,BTC-USDT,68460.1,6.62027792,68500,68533,68455.7,68460.1
1770759420000,BTC-USDT,68513.1,3.4525243,68461.8,68519.9,68441.1,68513.1
1770759480000,BTC-USDT,68520,1.33272509,68513.1,68547.6,68510.9,68520
1770759540000,BTC-USDT,68487,2.87633965,68519.8,68521,68487,68487
1770759600000,BTC-USDT,68460.7,3.1157574,68486.9,68486.9,68388.4,68460.7
1770759660000,BTC-USDT,68414.2,2.49620204,68461.3,68495.2,68411.4,68414.2
1770759720000,BTC-USDT,68372.2,1.17535615,68411.3,68419.8,68363.7,68372.2
1770759780000,BTC-USDT,68475.3,3.41769445,68372,68475.3,68372,68475.3
1770759840000,BTC-USDT,68467.6,8.37888457,68475.2,68507.4,68447.9,68467.6
1770759900000,BTC-USDT,68514.7,1.06840931,68466.5,68538.7,68465.3,68514.7
1770759960000,BTC-USDT,68520.9,0.21770972,68514.8,68520.9,68513,68520.9
1770760020000,BTC-USDT,68556.5,1.1708055,68520.9,68567.8,68514,68556.5
1770760080000,BTC-USDT,68593,1.48737714,68556.9,68599.6,68550.1,68593
1770760140000,BTC-USDT,68568.8,2.49442249,68592.7,68596.7,68540,68568.8
1770760200000,BTC-USDT,68622.2,10.1144012,68568.8,68622.2,68568.8,68622.2
1770760260000,BTC-USDT,68647.1,3.50915757,68623.3,68688.8,68622.1,68647.1
1770760320000,BTC-USDT,68641.1,1.13913597,68647.1,68657.5,68627,68641.1
1770760380000,BTC-USDT,68634.6,1.0624748,68641.1,68641.1,68621.9,68634.6
1770760440000,BTC-USDT,68675.1,7.51289661,68634.6,68690.9,68634.6,68675.1
1770760500000,BTC-USDT,68700.1,3.17131976,68675.3,68725,68674.1,68700.1
1770760560000,BTC-USDT,68640,7.91739864,68700,68741,68617.3,68640
1770760620000,BTC-USDT,68626.2,0.94753828,68645.6,68654,68626.2,68626.2
1770760680000,BTC-USDT,68640.7,2.31668682,68626.2,68656.1,68614.1,68640.7
1770760740000,BTC-USDT,68659,1.16861259,68640.6,68673.9,68634,68659
1770760800000,BTC-USDT,68715,3.87043394,68660,68733,68660,68715
1770760860000,BTC-USDT,68672,6.65832791,68712.3,68712.3,68672,68672
1770760920000,BTC-USDT,68668,2.70062898,68672.1,68699.9,68658.6,68668
1770760980000,BTC-USDT,68748,27.87304682,68668.5,68770.6,68632.6,68748
1770761040000,BTC-USDT,68774.9,0.52527383,68743.3,68774.9,68731.5,68774.9
1770761100000,BTC-USDT,68782,1.74577136,68774,68799.7,68764.1,68782
1770761160000,BTC-USDT,68731,1.2126773,68782,68782,68724.7,68731
1770761220000,BTC-USDT,68669.2,3.8380862,68731.4,68733,68665,68669.2
1770761280000,BTC-USDT,68605.7,1.72938367,68669.2,68689,68605.7,68605.7
1770761340000,BTC-USDT,68618,0.62919753,68605.8,68624,68601.1,68618
1770761400000,BTC-USDT,68636.4,1.78941622,68618,68660.2,68618,68636.4
1770761460000,BTC-USDT,68633,3.25358431,68636.3,68636.3,68623.6,68633
1770761520000,BTC-USDT,68640,1.20099536,68633,68648.3,68633,68640
1770761580000,BTC-USDT,68706.9,4.66099741,68640,68712.2,68640,68706.9
1770761640000,BTC-USDT,68615.1,2.00773133,68704,68708.2,68611.6,68615.1
1770761700000,BTC-USDT,68659.2,0.36489116,68618,68679.9,68618,68659.2
1770761760000,BTC-USDT,68695,1.92157247,68659.2,68704.9,68657.1,68695
1770761820000,BTC-USDT,68650.7,0.48841389,68695,68702.2,68650.3,68650.7
1770761880000,BTC-USDT,68632.1,0.24437668,68650.7,68650.7,68629.7,68632.1
1770761940000,BTC-USDT,68618.1,2.86672453,68630.4,68634.2,68618.1,68618.1
1770762000000,BTC-USDT,68642.3,0.88302662,68618,68644.3,68597,68642.3
1770762060000,BTC-USDT,68682.2,2.75665227,68640.4,68682.2,68628,68682.2
1770762120000,BTC-USDT,68651.5,0.57797002,68679.5,68679.6,68648.1,68651.5
1770762180000,BTC-USDT,68629.1,1.08618317,68651.6,68651.6,68624.1,68629.1
1770762240000,BTC-USDT,68641.1,1.80916793,68629.1,68647,68609.2,68641.1
1770762300000,BTC-USDT,68638,1.21816959,68643.1,68685.4,68623.3,68638
1770762360000,BTC-USDT,68576.4,1.57549089,68638.1,68638.1,68566.3,68576.4
1770762420000,BTC-USDT,68621.2,1.19867517,68571.1,68621.2,68571.1,68621.2
1770762480000,BTC-USDT,68646,0.59795169,68621.3,68650.4,68617.8,68646
1770762540000,BTC-USDT,68688.1,1.52914057,68646,68698.4,68646,68688.1
1770762600000,BTC-USDT,68719.9,1.84462711,68688,68720,68662,68719.9
1770762660000,BTC-USDT,68680.2,0.6350416,68714.1,68714.1,68671.7,68680.2
1770762720000,BTC-USDT,68726.9,0.85699642,68680.4,68733.7,68676.1,68726.9
1770762780000,BTC-USDT,68758.1,1.2195093,68728,68761.9,68720.1,68758.1
1770762840000,BTC-USDT,68764.5,0.0889369,68757.6,68767.1,68757,68764.5
1770762900000,BTC-USDT,68794.8,1.27800134,68764.5,68817,68764.5,68794.8
1770762960000,BTC-USDT,68748.3,1.02914451,68792.9,68792.9,68748.3,68748.3
1770763020000,BTC-USDT,68728,1.10339929,68745.9,68745.9,68718.5,68728
1770763080000,BTC-USDT,68801.4,1.32584874,68728,68817.8,68728,68801.4
1770763140000,BTC-USDT,68839.9,0.82703438,68797.6,68840,68794.7,68839.9
1770763200000,BTC-USDT,68801.3,0.68638251,68840,68872.4,68800.2,68801.3
1770763260000,BTC-USDT,68787.7,0.32347496,68801.2,68801.2,68760,68787.7
1770763320000,BTC-USDT,68735.7,0.56477159,68787.8,68790.7,68735.7,68735.7
1770763380000,BTC-USDT,68714,2.69142441,68735.8,68735.8,68706.9,68714
1770763440000,BTC-USDT,68676.4,1.07355466,68711.2,68746.2,68676.4,68676.4
1770763500000,BTC-USDT,68747.9,1.29601589,68676,68747.9,68676,68747.9
1770763560000,BTC-USDT,68640.1,1.05053283,68747.9,68747.9,68640.1,68640.1
1770763620000,BTC-USDT,68658.1,0.70248745,68640,68668.3,68636.3,68658.1
1770763680000,BTC-USDT,68654.1,0.19563506,68656.3,68679.9,68654,68654.1
1770763740000,BTC-USDT,68664.4,0.57180656,68654.8,68669.3,68654.8,68664.4
1770763800000,BTC-USDT,68661.2,1.08223675,68664.5,68685.4,68653,68661.2
1770763860000,BTC-USDT,68657.6,0.127787,68661.3,68661.3,68657.6,68657.6
1770763920000,BTC-USDT,68645.5,0.29804028,68657.6,68657.7,68640.4,68645.5
1770763980000,BTC-USDT,68649.5,1.62348606,68645.5,68673.3,68645.5,68649.5
1770764040000,BTC-USDT,68644.3,0.44112419,68648.8,68662.5,68644.2,68644.3
1770764100000,BTC-USDT,68740.5,1.23114661,68643.8,68747.9,68643.8,68740.5
1770764160000,BTC-USDT,68731.8,0.79204461,68740.6,68748,68731.8,68731.8
1770764220000,BTC-USDT,68699.9,0.80618786,68730.6,68731.7,68699.9,68699.9
1770764280000,BTC-USDT,68756.1,0.77663631,68699.8,68774.6,68696.3,68756.1
1770764340000,BTC-USDT,68707.2,7.86198555,68756.1,68773.6,68672.4,68707.2
1770764400000,BTC-USDT,68711.5,5.37055027,68707.1,68724.2,68660,68711.5
1770764460000,BTC-USDT,68683,1.00371617,68701.7,68701.7,68669.1,68683
1770764520000,BTC-USDT,68742.1,1.08039228,68683.2,68742.1,68683.2,68742.1
1770764580000,BTC-USDT,68749,1.83226211,68739.1,68762.6,68709.7,68749
1770764640000,BTC-USDT,68700,0.97000044,68749,68749,68700,68700
1770764700000,BTC-USDT,68659.1,1.10865298,68699.3,68699.3,68652.4,68659.1
1770764760000,BTC-USDT,68684.6,3.05224669,68660,68692.2,68655.1,68684.6
1770764820000,BTC-USDT,68633.3,1.40166686,68684.6,68691.5,68609.3,68633.3
1770764880000,BTC-USDT,68610,4.37951457,68631.5,68668,68600,68610
1770764940000,BTC-USDT,68626.6,1.40437917,68610,68640.6,68610,68626.6
1770765000000,BTC-USDT,68666.2,0.42722448,68628,68666.9,68628,68666.2
1770765060000,BTC-USDT,68668.5,0.49837178,68668,68692.7,68665.8,68668.5
1770765120000,BTC-USDT,68678.3,1.32554565,68672,68689.2,68672,68678.3
1770765180000,BTC-USDT,68663.3,0.41421679,68678.3,68699.2,68663.3,68663.3
1770765240000,BTC-USDT,68718.1,2.34002914,68664.3,68726.2,68640.4,68718.1
1770765300000,BTC-USDT,68646.9,1.73875281,68718,68718,68625.2,68646.9
1770765360000,BTC-USDT,68604,2.51559901,68646.9,68652.7,68592,68604
1770765420000,BTC-USDT,68558,3.75137429,68602,68602,68509.7,68558
1770765480000,BTC-USDT,68616,2.97852692,68558,68628.5,68553.1,68616
1770765540000,BTC-USDT,68623.9,1.8917366,68615.9,68637.2,68608.9,68623.9
1770765600000,BTC-USDT,68612,8.30751649,68624,68684.8,68610.3,68612
1770765660000,BTC-USDT,68603.5,2.75423601,68613.7,68651,68593.8,68603.5
1770765720000,BTC-USDT,68601.3,2.83811174,68603.6,68631.2,68600,68601.3
1770765780000,BTC-USDT,68591.8,4.63293781,68601.4,68626.7,68560.1,68591.8
1770765840000,BTC-USDT,68593.6,0.38706627,68591.8,68604.2,68591.8,68593.6
1770765900000,BTC-USDT,68624.1,0.62650978,68593.7,68624.1,68593.7,68624.1
1770765960000,BTC-USDT,68591.8,0.2023024,68618.2,68618.2,68591.8,68591.8
1770766020000,BTC-USDT,68634.7,0.36185773,68591,68634.7,68588,68634.7
1770766080000,BTC-USDT,68665,0.72497455,68634.7,68672,68626.7,68665
1770766140000,BTC-USDT,68661.9,0.67799008,68664.9,68681.2,68660,68661.9
1770766200000,BTC-USDT,68598,4.43205558,68662,68662.6,68591.2,68598
1770766260000,BTC-USDT,68648,0.89531294,68599.7,68648,68591.1,68648
1770766320000,BTC-USDT,68690.8,0.97831494,68647.1,68701.5,68647.1,68690.8
1770766380000,BTC-USDT,68657.9,0.28124186,68687,68687,68657.4,68657.9
1770766440000,BTC-USDT,68645.6,1.25842278,68657.8,68658.9,68620.1,68645.6
1770766500000,BTC-USDT,68650,16.04074264,68643.2,68671.5,68643.2,68650
1770766560000,BTC-USDT,68666.9,13.03284691,68650.1,68670,68650.1,68666.9
1770766620000,BTC-USDT,68726,4.71625898,68667,68734.7,68667,68726
1770766680000,BTC-USDT,68773,1.32367437,68727.4,68773,68721.5,68773
1770766740000,BTC-USDT,68735.7,0.97408906,68773,68773,68735.1,68735.7
1770766800000,BTC-USDT,68703.1,0.46467143,68738.9,68738.9,68701.1,68703.1
1770766860000,BTC-USDT,68731.9,1.16595557,68703.2,68731.9,68685,68731.9
1770766920000,BTC-USDT,68740,0.25445065,68732.1,68740,68714.6,68740
1770766980000,BTC-USDT,68775,5.48077504,68740,68775,68739.5,68775
1770767040000,BTC-USDT,68786.9,0.97359233,68775,68793.1,68775,68786.9
1770767100000,BTC-USDT,68748.4,1.29471861,68784.5,68784.5,68730.6,68748.4
1770767160000,BTC-USDT,68750.1,0.48836615,68748.4,68752,68728,68750.1
1770767220000,BTC-USDT,68776.1,0.22588721,68750.1,68785.4,68749,68776.1
1770767280000,BTC-USDT,68819.9,1.11097054,68776.6,68820,68776.6,68819.9
1770767340000,BTC-USDT,68848.1,1.96736468,68820,68853.7,68797.9,68848.1
1770767400000,BTC-USDT,68840,0.7364331,68848,68866.1,68828.3,68840
1770767460000,BTC-USDT,68792.2,0.56633596,68840,68840.1,68789.5,68792.2
1770767520000,BTC-USDT,68779,0.24948979,68792.3,68798.1,68778.8,68779
1770767580000,BTC-USDT,68795.1,0.23358641,68779,68798,68779,68795.1
1770767640000,BTC-USDT,68821,0.42745957,68796.4,68828.6,68787.5,68821
1770767700000,BTC-USDT,68843.1,0.22170421,68821.1,68843.1,68821.1,68843.1
1770767760000,BTC-USDT,68843.1,0.24047608,68843.1,68843.1,68843,68843.1
1770767820000,BTC-USDT,68819,0.40004859,68843.1,68844.8,68819,68819
1770767880000,BTC-USDT,68843.4,0.88853533,68819,68843.4,68804.1,68843.4
1770767940000,BTC-USDT,68841.3,0.51423872,68844.8,68847.9,68813.1,68841.3
1770768000000,BTC-USDT,68816,1.95343376,68841.3,68841.3,68816,68816
1770768060000,BTC-USDT,68811.1,0.22669912,68824.9,68835.6,68811.1,68811.1
1770768120000,BTC-USDT,68853.7,0.53329004,68811.3,68874.9,68810.2,68853.7
1770768180000,BTC-USDT,68839.8,0.80284821,68852.1,68855,68819.5,68839.8
1770768240000,BTC-USDT,68823,1.08732104,68839.7,68845.5,68815.1,68823
1770768300000,BTC-USDT,68913.9,5.0584356,68817,68914,68816,68913.9
1770768360000,BTC-USDT,68885.9,6.49828448,68910.1,68919.1,68877.6,68885.9
1770768420000,BTC-USDT,68895.9,1.20310954,68884,68914.9,68855.2,68895.9
1770768480000,BTC-USDT,68917.3,0.32140098,68896,68919.9,68896,68917.3
1770768540000,BTC-USDT,68911.1,5.1055138,68917.3,68974.2,68911.1,68911.1
1770768600000,BTC-USDT,68867.2,0.99881211,68914,68916.9,68817.8,68867.2
1770768660000,BTC-USDT,68864.2,1.29177722,68867.1,68869.3,68848.1,68864.2
1770768720000,BTC-USDT,68840.1,0.71362984,68866.9,68873.4,68840.1,68840.1
1770768780000,BTC-USDT,68795.7,4.69964587,68840.1,68841.5,68793.6,68795.7
1770768840000,BTC-USDT,68799.5,0.75540227,68795.8,68801.3,68784.1,68799.5
1770768900000,BTC-USDT,68850,0.64745261,68799.6,68850,68799.5,68850
1770768960000,BTC-USDT,68878.1,0.95831121,68849.9,68889.5,68849.9,68878.1
1770769020000,BTC-USDT,68941.7,2.08227203,68874.6,68941.7,68874.6,68941.7
1770769080000,BTC-USDT,68999.8,8.82017405,68948,68999.9,68947.9,68999.8
1770769140000,BTC-USDT,69019.5,4.01707828,68995,69026.5,68967.1,69019.5
1770769200000,BTC-USDT,68983.6,2.09604514,69018.2,69018.2,68967.8,68983.6
1770769260000,BTC-USDT,69020,0.51081349,68983.6,69023,68970.1,69020
1770769320000,BTC-USDT,69047.9,7.44720335,69018.1,69112.8,69003.3,69047.9
1770769380000,BTC-USDT,69026,0.7202014,69043.6,69068,69023,69026
1770769440000,BTC-USDT,69040.7,2.83553811,69026,69114.5,69024.5,69040.7
1770769500000,BTC-USDT,69060,0.27214667,69040.7,69069,69029.8,69060
1770769560000,BTC-USDT,69183.5,24.35834858,69060,69206.9,69032.1,69183.5
1770769620000,BTC-USDT,69244.1,6.23249249,69181.5,69244.1,69174.8,69244.1
1770769680000,BTC-USDT,69192,0.97402763,69244.3,69244.4,69183.5,69192
1770769740000,BTC-USDT,69187.9,0.84319946,69196,69196,69178.9,69187.9
1770769800000,BTC-USDT,69131,3.52996089,69188,69188,69112.8,69131
1770769860000,BTC-USDT,69117.8,4.43151019,69131.9,69140,69117.7,69117.8
1770769920000,BTC-USDT,69127.9,0.68095092,69117.8,69150.1,69117.8,69127.9
1770769980000,BTC-USDT,69090.1,0.52850302,69128,69128,69089,69090.1
1770770040000,BTC-USDT,69128.2,5.3270315,69088,69128.2,69079.7,69128.2
1770770100000,BTC-USDT,69193,3.26811486,69121.1,69193.1,69121.1,69193
1770770160000,BTC-USDT,69215.6,3.22253977,69193.1,69221.9,69177.5,69215.6
1770770220000,BTC-USDT,69199.9,0.68884996,69214.8,69214.8,69186,69199.9
1770770280000,BTC-USDT,69110.3,1.40003009,69200,69200,69110.3,69110.3
1770770340000,BTC-USDT,69096,0.50957369,69110.2,69112,69096,69096
1770770400000,BTC-USDT,69108.5,1.64344379,69097.9,69124,69094.8,69108.5
1770770460000,BTC-USDT,69055.5,24.18812372,69110.2,69110.2,69052.2,69055.5
1770770520000,BTC-USDT,69034.7,0.63339693,69052,69052.1,69021.5,69034.7
1770770580000,BTC-USDT,69084.5,0.82294053,69033,69098.8,69033,69084.5
1770770640000,BTC-USDT,69068.1,0.34864734,69080.4,69080.4,69037.3,69068.1
1770770700000,BTC-USDT,69043.1,0.46159233,69068.1,69095.3,69034.7,69043.1
1770770760000,BTC-USDT,69037.2,0.85050541,69043.1,69060.7,69037.2,69037.2
1770770820000,BTC-USDT,69120.5,1.76509244,69037,69131.5,69037,69120.5
1770770880000,BTC-USDT,69089,1.05970732,69126.8,69131.9,69064.6,69089
1770770940000,BTC-USDT,69119.8,0.71601455,69088.9,69119.8,69075.1,69119.8
1770771000000,BTC-USDT,69109.8,0.32500128,69119.8,69128.9,69102.3,69109.8
1770771060000,BTC-USDT,69100.6,1.30354772,69113.2,69113.2,69100.6,69100.6
1770771120000,BTC-USDT,69144.2,2.63006877,69100.7,69156.3,69100.7,69144.2
1770771180000,BTC-USDT,69166.6,2.17093231,69144.3,69186,69138.8,69166.6
1770771240000,BTC-USDT,69211.5,9.87388271,69164.6,69211.5,69164.6,69211.5
1770771300000,BTC-USDT,69201.2,1.29758467,69211.4,69212.9,69190.7,69201.2
1770771360000,BTC-USDT,69203.8,2.07518586,69206.3,69213,69189.5,69203.8
1770771420000,BTC-USDT,69202.9,1.14311214,69203.8,69203.8,69178,69202.9
1770771480000,BTC-USDT,69224.4,3.11485262,69203,69237.7,69203,69224.4
1770771540000,BTC-USDT,69193.2,1.38002223,69223.3,69225.3,69193.2,69193.2
1770771600000,BTC-USDT,69194.5,1.97985582,69193,69219.6,69180,69194.5
1770771660000,BTC-USDT,69216.2,1.11128353,69194.6,69216.3,69178.3,69216.2
1770771720000,BTC-USDT,69291.5,8.17072927,69214,69291.6,69211.3,69291.5
1770771780000,BTC-USDT,69266,6.83345907,69291.5,69291.5,69243.3,69266
1770771840000,BTC-USDT,69279.9,0.71923715,69268.5,69287.9,69267.8,69279.9
1770771900000,BTC-USDT,69171.3,1.00109724,69279.9,69279.9,69171.3,69171.3
1770771960000,BTC-USDT,69158,1.35434985,69171.3,69171.3,69127.3,69158
1770772020000,BTC-USDT,69196,0.57465433,69158.1,69196,69143.4,69196
1770772080000,BTC-USDT,69126.7,1.21422541,69196,69196,69121.5,69126.7
1770772140000,BTC-USDT,69151.2,1.24521845,69126.8,69177.7,69125.8,69151.2
1770772200000,BTC-USDT,69116.7,3.16798975,69151.9,69164.2,69104,69116.7
1770772260000,BTC-USDT,69109.7,1.77174204,69122.3,69128.9,69086.5,69109.7
1770772320000,BTC-USDT,69124.1,1.10349861,69109.6,69134.3,69109.6,69124.1
1770772380000,BTC-USDT,69183.8,6.58688022,69129.5,69193.1,69129.5,69183.8
1770772440000,BTC-USDT,69228.4,3.06245753,69183.8,69228.5,69172.8,69228.4
1770772500000,BTC-USDT,69264.8,5.84552619,69226.7,69268.7,69211.1,69264.8
1770772560000,BTC-USDT,69212.7,1.06642874,69263.9,69267.3,69212.7,69212.7
1770772620000,BTC-USDT,69180.4,0.58970864,69211.1,69219.2,69168.6,69180.4
1770772680000,BTC-USDT,69192.6,0.17726285,69180.4,69199.6,69180.4,69192.6
1770772740000,BTC-USDT,69174,0.86400133,69195.4,69195.4,69164.2,69174
1770772800000,BTC-USDT,69128.6,0.69170526,69173.9,69173.9,69128.6,69128.6
1770772860000,BTC-USDT,69058.8,1.6485865,69128.5,69128.5,69051.2,69058.8
1770772920000,BTC-USDT,69056.6,0.54820355,69060.6,69072.9,69046.3,69056.6
1770772980000,BTC-USDT,69053.8,0.61106918,69055.9,69072.4,69052.5,69053.8
1770773040000,BTC-USDT,68999.4,4.93625387,69053.7,69053.7,68981.3,68999.4
1770773100000,BTC-USDT,69014.2,0.7617594,69001.4,69018.3,69001.4,69014.2
1770773160000,BTC-USDT,68990,0.34280462,69014.2,69014.3,68988.2,68990
1770773220000,BTC-USDT,68954.2,0.32150089,68990.2,68990.2,68954.2,68954.2
1770773280000,BTC-USDT,68952,1.7278856,68953.5,68960.3,68931.5,68952
1770773340000,BTC-USDT,68959.1,0.4348775,68956.5,68970.5,68951.4,68959.1
1770773400000,BTC-USDT,68985.4,1.52010141,68954.6,68998.6,68954.6,68985.4
1770773460000,BTC-USDT,68982.7,4.43314344,68983.9,68984.1,68941.7,68982.7
1770773520000,BTC-USDT,68960.1,0.2120162,68982.4,68989.4,68958.7,68960.1
1770773580000,BTC-USDT,68926,1.99279291,68960,68960,68909.1,68926
1770773640000,BTC-USDT,68966.8,0.54658712,68928.1,68966.8,68912.5,68966.8
1770773700000,BTC-USDT,68980,1.26680718,68966.9,69008.1,68961.2,68980
1770773760000,BTC-USDT,68966,0.14110234,68977.2,68991.3,68963.2,68966
1770773820000,BTC-USDT,68984,0.39334703,68966,68984.1,68958.6,68984
1770773880000,BTC-USDT,69016.7,2.62782662,68984.1,69035.5,68973.7,69016.7
1770773940000,BTC-USDT,68938.3,1.06942551,69016.7,69028.4,68938.3,68938.3
1770774000000,BTC-USDT,69005,3.35361924,68938.3,69015.3,68938.3,69005
1770774060000,BTC-USDT,69019.2,0.76565778,69006.9,69029.1,68989.2,69019.2
1770774120000,BTC-USDT,69064.1,1.25046255,69020.2,69075.5,68996.4,69064.1
1770774180000,BTC-USDT,69099,0.4290687,69064,69111.3,69064,69099
1770774240000,BTC-USDT,69073.4,0.14073873,69093.9,69094.7,69065.2,69073.4
1770774300000,BTC-USDT,69032.1,1.36673119,69073.3,69110.4,69032.1,69032.1
1770774360000,BTC-USDT,69016.7,0.96521087,69030.6,69033.9,69002,69016.7
1770774420000,BTC-USDT,69038.3,1.28334467,69014,69049.3,69006.4,69038.3
1770774480000,BTC-USDT,69045.8,0.45525057,69038.3,69047.9,69014.5,69045.8
1770774540000,BTC-USDT,69035.2,0.50820742,69043.8,69066.8,69034,69035.2
1770774600000,BTC-USDT,69044.6,0.87297979,69035.2,69049.1,69022.8,69044.6
1770774660000,BTC-USDT,69057.5,0.77662977,69044.6,69069,69033.5,69057.5
1770774720000,BTC-USDT,69052.9,16.09655412,69055.3,69056.9,69029.6,69052.9
1770774780000,BTC-USDT,69083.3,0.72234132,69054,69104.2,69054,69083.3
1770774840000,BTC-USDT,69056.8,14.78985349,69083.3,69124.8,69037.5,69056.8
1770774900000,BTC-USDT,68963.5,2.90154405,69056.8,69064.5,68951.2,68963.5
1770774960000,BTC-USDT,68993.6,1.39096107,68963.6,68999.8,68963.6,68993.6
1770775020000,BTC-USDT,68999.9,8.21963483,68994.7,69019.4,68970.2,68999.9
1770775080000,BTC-USDT,68984,1.61484015,68999.9,69012,68983.9,68984
1770775140000,BTC-USDT,68978.7,0.19621091,68984,68984,68969,68978.7
1770775200000,BTC-USDT,69016.4,2.36711285,68984.1,69016.4,68982.7,69016.4
1770775260000,BTC-USDT,69030,1.16790309,69016.4,69066.4,69016.4,69030
1770775320000,BTC-USDT,69137.5,6.00114948,69030,69149.1,69017.6,69137.5
1770775380000,BTC-USDT,69114.5,9.93522188,69137.6,69165,69111.3,69114.5
1770775440000,BTC-USDT,69086.2,9.75472794,69114.1,69131.4,69073.6,69086.2
1770775500000,BTC-USDT,69080.6,0.68423716,69086.2,69100,69079.4,69080.6
1770775560000,BTC-USDT,69037.4,1.58074085,69080.6,69099.9,69027,69037.4
1770775620000,BTC-USDT,69072.4,0.80212596,69034.9,69075.5,69027.1,69072.4
1770775680000,BTC-USDT,69062.2,0.55251081,69072.5,69079.7,69044.9,69062.2
1770775740000,BTC-USDT,69083.1,10.15642589,69062.3,69083.1,69056.7,69083.1
1770775800000,BTC-USDT,69027.3,3.39756419,69084.1,69122.2,69027.1,69027.3
1770775860000,BTC-USDT,69030.1,0.51816708,69027.2,69050,69027.1,69030.1
1770775920000,BTC-USDT,68990.6,1.05916264,69030.1,69040.6,68988.5,68990.6
1770775980000,BTC-USDT,68990,2.16425028,68992.3,68998.3,68969.1,68990
1770776040000,BTC-USDT,68946.3,4.40752242,68990,68990,68946.3,68946.3
1770776100000,BTC-USDT,69008.6,0.33974772,68945.5,69008.6,68945.5,69008.6
1770776160000,BTC-USDT,69033.1,0.32663695,69010.2,69043.4,69010.1,69033.1
1770776220000,BTC-USDT,68991.2,0.5149747,69033.1,69033.1,68991.1,68991.2
1770776280000,BTC-USDT,69022.6,1.34888477,68991.2,69032.2,68979.3,69022.6
1770776340000,BTC-USDT,69018.7,0.81801567,69025.9,69025.9,69004.2,69018.7
1770776400000,BTC-USDT,69013.3,5.93935384,69018.8,69033.8,69013.3,69013.3
1770776460000,BTC-USDT,69011,1.39803876,69014.5,69040,68986.5,69011
1770776520000,BTC-USDT,69039.9,2.7963017,69014.7,69039.9,69005.8,69039.9
1770776580000,BTC-USDT,69057.3,2.08694461,69039.9,69130.5,69039.9,69057.3
1770776640000,BTC-USDT,69032,0.66883555,69057.3,69065.1,69026.1,69032
1770776700000,BTC-USDT,69023.1,0.15873662,69031.9,69031.9,69002.9,69023.1
1770776760000,BTC-USDT,69090.9,0.54936914,69023.5,69095.6,69023.4,69090.9
1770776820000,BTC-USDT,69022.1,2.27874327,69090.9,69112.6,69022,69022.1
1770776880000,BTC-USDT,69045.3,2.23404212,69022,69047,69000.1,69045.3
1770776940000,BTC-USDT,69058,4.36317917,69045.3,69064.3,69021.8,69058
1770777000000,BTC-USDT,69022.3,0.31174111,69060.5,69070.7,69022.3,69022.3
1770777060000,BTC-USDT,69048.1,1.76814189,69022.3,69077,69022.3,69048.1
1770777120000,BTC-USDT,69051.7,2.21798237,69048,69068.9,69028.5,69051.7
1770777180000,BTC-USDT,69110,0.67262681,69051.7,69112.9,69044.8,69110
1770777240000,BTC-USDT,69086.6,0.7812304,69111,69129,69086.6,69086.6
1770777300000,BTC-USDT,69080.1,2.90934487,69086.6,69111,69060,69080.1
1770777360000,BTC-USDT,69041.1,0.37415182,69080.2,69080.2,69029.1,69041.1
1770777420000,BTC-USDT,69052.3,1.47396623,69041,69060.7,69031.1,69052.3
1770777480000,BTC-USDT,69077.2,1.0446348,69052.3,69094.9,69052.3,69077.2
1770777540000,BTC-USDT,69022.3,1.77297987,69077.2,69087.9,69022.3,69022.3
1770777600000,BTC-USDT,69000.1,1.33868006,69023.4,69036.2,69000.1,69000.1
1770777660000,BTC-USDT,68952.2,1.36880617,69000,69000,68937.5,68952.2
1770777720000,BTC-USDT,68967.7,1.30807673,68953,68983.8,68953,68967.7
1770777780000,BTC-USDT,68942.8,3.08066606,68969.5,68969.5,68942.7,68942.8
1770777840000,BTC-USDT,68872.6,23.07892612,68948,68958.8,68872.6,68872.6
1770777900000,BTC-USDT,68758.9,12.12201664,68872.6,68872.6,68753,68758.9
1770777960000,BTC-USDT,68723.4,2.48896072,68759.9,68759.9,68706.4,68723.4
1770778020000,BTC-USDT,68753.9,14.77736731,68723.3,68765.6,68688.1,68753.9
1770778080000,BTC-USDT,68648.2,18.56597241,68754,68779.7,68647,68648.2
1770778140000,BTC-USDT,68626.7,1.44039613,68647,68678.3,68612.2,68626.7
1770778200000,BTC-USDT,68684,2.88144183,68624.4,68708,68624.3,68684
1770778260000,BTC-USDT,68695.8,3.02704773,68685,68710.9,68682.1,68695.8
1770778320000,BTC-USDT,68710.9,0.491816,68695.7,68722,68680,68710.9
1770778380000,BTC-USDT,68660.1,0.47858038,68713.3,68716.2,68657.4,68660.1
1770778440000,BTC-USDT,68671.5,5.80726549,68661.8,68671.5,68630,68671.5
1770778500000,BTC-USDT,68610,7.84221967,68671.5,68699.3,68609.9,68610
1770778560000,BTC-USDT,68648.9,18.72730503,68610,68658.1,68608,68648.9
1770778620000,BTC-USDT,68680,0.31594212,68648.9,68680,68648.9,68680
1770778680000,BTC-USDT,68693,0.27010697,68679.9,68709.5,68677,68693
1770778740000,BTC-USDT,68679,2.42971473,68692.9,68703.8,68650,68679
1770778800000,BTC-USDT,68693.3,1.21302815,68679,68712,68679,68693.3
1770778860000,BTC-USDT,68664,2.71477592,68692.8,68692.8,68614,68664
1770778920000,BTC-USDT,68677,0.57565768,68663.9,68680,68643.1,68677
1770778980000,BTC-USDT,68625.2,0.56506553,68678.9,68678.9,68618.4,68625.2
1770779040000,BTC-USDT,68604,25.11462951,68625.2,68692.8,68540,68604
1770779100000,BTC-USDT,68640,1.32234302,68602.9,68669.9,68570.4,68640
1770779160000,BTC-USDT,68649,1.46099234,68644.6,68655,68614.1,68649
1770779220000,BTC-USDT,68672.5,0.47461097,68649,68672.5,68612.6,68672.5
1770779280000,BTC-USDT,68677.5,0.54121382,68674.5,68690.6,68657.9,68677.5
1770779340000,BTC-USDT,68707.6,1.58698962,68677.5,68719.9,68677.5,68707.6
1770779400000,BTC-USDT,68722,2.21001546,68707.6,68754,68707.6,68722
1770779460000,BTC-USDT,68666.3,5.10040174,68722,68730.1,68666.3,68666.3
1770779520000,BTC-USDT,68661.1,0.90645062,68664,68685.8,68654,68661.1
1770779580000,BTC-USDT,68662,0.17534373,68668.3,68674,68657.4,68662
1770779640000,BTC-USDT,68527.6,8.76014985,68662.1,68663.8,68524.8,68527.6
1770779700000,BTC-USDT,68520,2.20257674,68529.4,68561,68504.4,68520
1770779760000,BTC-USDT,68476.9,11.58613024,68520,68526,68470.1,68476.9
1770779820000,BTC-USDT,68405.1,9.95995274,68479.2,68483.6,68387.2,68405.1
1770779880000,BTC-USDT,68182,52.61330668,68405.1,68421.6,68160.8,68182
1770779940000,BTC-USDT,68103.5,15.70173771,68185.9,68192.2,68088.8,68103.5
1770780000000,BTC-USDT,68069.9,4.94885301,68101.1,68152.2,68064.1,68069.9
1770780060000,BTC-USDT,68071.9,16.35056346,68064.2,68102.8,68000.1,68071.9
1770780120000,BTC-USDT,68162.9,5.03344446,68075,68171.2,68075,68162.9
1770780180000,BTC-USDT,68207.5,5.7920448,68163,68227.3,68157,68207.5
1770780240000,BTC-USDT,68244,3.25940223,68209.4,68268,68209.4,68244
1770780300000,BTC-USDT,68269,2.88091608,68247.2,68290,68247.2,68269
1770780360000,BTC-USDT,68290,12.30400519,68269,68395,68232.9,68290
1770780420000,BTC-USDT,68280.3,4.19133311,68290.2,68336,68280.3,68280.3
1770780480000,BTC-USDT,68310.9,1.24029851,68280,68310.9,68260.3,68310.9
1770780540000,BTC-USDT,68290.1,1.63157135,68311.9,68346.9,68290,68290.1
1770780600000,BTC-USDT,68318.5,1.37124683,68290,68336.8,68260,68318.5
1770780660000,BTC-USDT,68378,0.74438945,68318.5,68399.8,68316,68378
1770780720000,BTC-USDT,68381.1,2.1149999,68378.4,68430.1,68360,68381.1
1770780780000,BTC-USDT,68348.1,1.0412357,68382.9,68382.9,68343,68348.1
1770780840000,BTC-USDT,68332,0.43751862,68348,68349.5,68330.4,68332
1770780900000,BTC-USDT,68332.2,1.14488698,68332.1,68381.5,68330.4,68332.2
1770780960000,BTC-USDT,68385,1.30539045,68332.1,68385,68332.1,68385
1770781020000,BTC-USDT,68415.1,2.59433983,68384.9,68437.5,68380,68415.1
1770781080000,BTC-USDT,68403.7,2.18367986,68415,68445.6,68403.7,68403.7
1770781140000,BTC-USDT,68394.8,0.51796338,68403.7,68428,68394.7,68394.8
1770781200000,BTC-USDT,68466,3.09363035,68394.7,68478.6,68388.1,68466
1770781260000,BTC-USDT,68533,8.59287895,68467.6,68556,68467.6,68533
1770781320000,BTC-USDT,68520.4,1.09952263,68532.9,68549.4,68508.9,68520.4
1770781380000,BTC-USDT,68437.3,3.20426732,68519.9,68519.9,68437.3,68437.3
1770781440000,BTC-USDT,68427.4,2.97411124,68437.4,68481.2,68418,68427.4
1770781500000,BTC-USDT,68400,1.31107321,68429.2,68454.1,68400,68400
1770781560000,BTC-USDT,68420.5,2.60092099,68400,68432,68368.4,68420.5
1770781620000,BTC-USDT,68505.9,0.81797156,68419.6,68505.9,68419.5,68505.9
1770781680000,BTC-USDT,68442.1,1.86628316,68506,68530.7,68442,68442.1
1770781740000,BTC-USDT,68398.2,0.76917003,68442,68442,68398,68398.2
1770781800000,BTC-USDT,68420.9,0.41924463,68396.7,68423,68380.4,68420.9
1770781860000,BTC-USDT,68374.3,0.51201554,68420.9,68431,68371.9,68374.3
1770781920000,BTC-USDT,68300,1.47871738,68374.2,68374.2,68300,68300
1770781980000,BTC-USDT,68287.6,2.62611562,68300.1,68325.1,68287.6,68287.6
1770782040000,BTC-USDT,68283,2.4473551,68288.1,68298.8,68270,68283
1770782100000,BTC-USDT,68264.1,0.66292337,68282.9,68294.8,68264.1,68264.1
1770782160000,BTC-USDT,68294,6.47255656,68264.2,68319.9,68264.2,68294
1770782220000,BTC-USDT,68265.8,4.56243631,68293.9,68298.9,68260.6,68265.8
1770782280000,BTC-USDT,68209.3,2.4925494,68267.1,68275.2,68200,68209.3
1770782340000,BTC-USDT,68187.9,0.77743024,68209.3,68209.4,68173.2,68187.9
1770782400000,BTC-USDT,68254.2,1.63964045,68187.7,68258.6,68181.1,68254.2
1770782460000,BTC-USDT,68275.1,2.60817894,68254.2,68301.5,68250.7,68275.1
1770782520000,BTC-USDT,68261.2,1.24247312,68277.7,68282.4,68224.8,68261.2
1770782580000,BTC-USDT,68249,1.01877833,68261.9,68278.6,68243.5,68249
1770782640000,BTC-USDT,68267.9,2.32691962,68249,68267.9,68249,68267.9
1770782700000,BTC-USDT,68315.1,3.17462561,68269,68326.1,68269,68315.1
1770782760000,BTC-USDT,68268.1,1.45417795,68315,68315,68256.8,68268.1
1770782820000,BTC-USDT,68271,2.49290613,68270,68273.7,68228,68271
1770782880000,BTC-USDT,68283.2,3.03464748,68272.1,68306.5,68250.1,68283.2
1770782940000,BTC-USDT,68247.2,3.06989642,68283.1,68283.1,68172,68247.2
1770783000000,BTC-USDT,68249.4,3.68586385,68247.3,68254.7,68204,68249.4
1770783060000,BTC-USDT,68099.7,4.10609424,68249.4,68249.4,68085.6,68099.7
1770783120000,BTC-USDT,68118.9,3.3412812,68102,68139,68094.2,68118.9
1770783180000,BTC-USDT,68053,15.08046188,68125.7,68127,68041.6,68053
1770783240000,BTC-USDT,68038.7,1.3074864,68052.9,68068.3,68020.1,68038.7
1770783300000,BTC-USDT,68061.9,5.48116531,68039.8,68069.9,68030,68061.9
1770783360000,BTC-USDT,68068.4,2.6340943,68064,68119,68064,68068.4
1770783420000,BTC-USDT,68087.5,7.89763971,68068.4,68120.9,68000,68087.5
1770783480000,BTC-USDT,68146.8,4.38875348,68093,68146.8,68082.1,68146.8
1770783540000,BTC-USDT,68149.8,3.89752784,68146.9,68180.3,68133.5,68149.8
1770783600000,BTC-USDT,68108,3.33899528,68149.8,68177.2,68105.9,68108
1770783660000,BTC-USDT,68082.9,1.54374119,68108.3,68126.9,68071.7,68082.9
1770783720000,BTC-USDT,68072.9,3.91873939,68080.9,68088,68049.2,68072.9
1770783780000,BTC-USDT,67776.1,132.9579535,68070,68070,67671,67776.1
1770783840000,BTC-USDT,67836.3,9.64965483,67776.1,67863.9,67751.7,67836.3
1770783900000,BTC-USDT,67878.2,5.67717387,67836.3,67908,67819,67878.2
1770783960000,BTC-USDT,67835.1,11.27957197,67874.1,67917.2,67835.1,67835.1
1770784020000,BTC-USDT,67709.2,33.48105173,67835,67864.9,67699.5,67709.2
1770784080000,BTC-USDT,67676,10.27664018,67709.3,67724.4,67655,67676
1770784140000,BTC-USDT,67578,60.37869089,67675.9,67715,67555,67578
1770784200000,BTC-USDT,67572,13.01929064,67578,67670.2,67565.1,67572
1770784260000,BTC-USDT,67592,4.62085874,67571.1,67684.4,67571.1,67592
1770784320000,BTC-USDT,67675.5,15.81307543,67590,67675.5,67500,67675.5
1770784380000,BTC-USDT,67695,7.55612872,67676,67710.5,67600,67695
1770784440000,BTC-USDT,67580,3.52760796,67696.9,67701.8,67578.4,67580
1770784500000,BTC-USDT,67680.7,3.55368945,67580,67702.5,67569,67680.7
1770784560000,BTC-USDT,67706,4.06205512,67676.6,67720.7,67675.6,67706
1770784620000,BTC-USDT,67647.2,2.13925831,67705.1,67705.1,67640.1,67647.2
1770784680000,BTC-USDT,67595.1,28.21542662,67647.2,67653.8,67433.3,67595.1
1770784740000,BTC-USDT,67477.6,8.26206959,67596.2,67597.9,67468.6,67477.6
1770784800000,BTC-USDT,67507.6,10.80902674,67477.6,67542.9,67450,67507.6
1770784860000,BTC-USDT,67401.6,5.70255061,67513,67513,67401.6,67401.6
1770784920000,BTC-USDT,67384.9,6.36726388,67401.6,67433,67373.1,67384.9
1770784980000,BTC-USDT,67378,6.26223574,67382.9,67407.7,67365.7,67378
1770785040000,BTC-USDT,67507.7,10.29822948,67378,67548.6,67378,67507.7
1770785100000,BTC-USDT,67560,11.01663429,67507.7,67596,67491,67560
1770785160000,BTC-USDT,67578.6,3.84308902,67559.9,67591.6,67541,67578.6
1770785220000,BTC-USDT,67543.1,6.94296748,67578.5,67578.5,67500,67543.1
1770785280000,BTC-USDT,67654.1,4.17483784,67546,67660,67546,67654.1
1770785340000,BTC-USDT,67603.4,11.97557167,67656.2,67691,67566.6,67603.4
1770785400000,BTC-USDT,67638.9,1.45481922,67602.7,67659.9,67586.7,67638.9
1770785460000,BTC-USDT,67620,3.82246792,67639,67683.8,67600.1,67620
1770785520000,BTC-USDT,67509.9,7.79385929,67617,67640,67496.7,67509.9
1770785580000,BTC-USDT,67452.2,1.52341486,67509.9,67543.7,67452,67452.2
1770785640000,BTC-USDT,67449.5,9.71571455,67456.6,67466,67384,67449.5
1770785700000,BTC-USDT,67464.8,4.22579681,67454.3,67485.3,67414.1,67464.8
1770785760000,BTC-USDT,67600.1,7.35137225,67464.4,67600.1,67460,67600.1
1770785820000,BTC-USDT,67584,8.04011197,67600.1,67620,67580.2,67584
1770785880000,BTC-USDT,67591.2,2.58231624,67584.1,67614.1,67570,67591.2
1770785940000,BTC-USDT,67592,0.78566305,67591.1,67594,67577.5,67592
1770786000000,BTC-USDT,67595.4,2.01390594,67594.9,67646,67575.1,67595.4
1770786060000,BTC-USDT,67707.5,4.87413673,67595.5,67721.3,67595.5,67707.5
1770786120000,BTC-USDT,67746.5,25.64616801,67709.9,67819.3,67700,67746.5
1770786180000,BTC-USDT,67691.3,6.61358599,67746.5,67779.9,67671.6,67691.3
1770786240000,BTC-USDT,67726,3.79254717,67693,67726,67650.1,67726
1770786300000,BTC-USDT,67726,2.22036427,67725.9,67754.5,67716.8,67726
1770786360000,BTC-USDT,67747.8,1.44308578,67726,67775.4,67714.4,67747.8
1770786420000,BTC-USDT,67727.1,1.96399269,67747.8,67761,67714.3,67727.1
1770786480000,BTC-USDT,67732.9,1.65392973,67727.1,67746.1,67710,67732.9
1770786540000,BTC-USDT,67769,1.62155301,67733,67769,67711,67769
1770786600000,BTC-USDT,67781,1.76310916,67769,67793,67738.1,67781
1770786660000,BTC-USDT,67754.8,3.34121372,67781.1,67781.1,67754.8,67754.8
1770786720000,BTC-USDT,67680.7,3.14097217,67754.8,67754.8,67663.3,67680.7
1770786780000,BTC-USDT,67724.3,2.8886842,67680.6,67729.4,67680.6,67724.3
1770786840000,BTC-USDT,67720.7,5.97663971,67724,67726,67660.3,67720.7
1770786900000,BTC-USDT,67789.8,2.75790236,67720.7,67793.8,67720.7,67789.8
1770786960000,BTC-USDT,67752.6,3.36148438,67789.7,67808,67752.6,67752.6
1770787020000,BTC-USDT,67791.9,1.69750325,67752.6,67793,67752.6,67791.9
1770787080000,BTC-USDT,67691.3,1.37478893,67792,67792,67682.1,67691.3
1770787140000,BTC-USDT,67669.7,3.17967484,67691.2,67703,67669.6,67669.7
1770787200000,BTC-USDT,67700.2,2.08339923,67669.7,67712.2,67642.5,67700.2
1770787260000,BTC-USDT,67774.9,1.27360231,67700.2,67787,67700.2,67774.9
1770787320000,BTC-USDT,67743.4,2.28584975,67775,67792.4,67743.3,67743.4
1770787380000,BTC-USDT,67679,1.76407011,67743.3,67743.3,67679,67679
1770787440000,BTC-USDT,67679,0.88019189,67678.9,67688.1,67671.9,67679
1770787500000,BTC-USDT,67703.9,1.42577567,67680.8,67706.4,67665,67703.9
1770787560000,BTC-USDT,67621.3,0.78276125,67703.1,67703.1,67621.3,67621.3
1770787620000,BTC-USDT,67654,1.44996803,67621.2,67680,67621.2,67654
1770787680000,BTC-USDT,67590.7,1.39056587,67654.1,67654.1,67583.3,67590.7
1770787740000,BTC-USDT,67593.5,2.28324583,67586,67593.5,67550.6,67593.5
1770787800000,BTC-USDT,67538.4,2.333022,67593,67593,67515,67538.4
1770787860000,BTC-USDT,67516.1,5.54535422,67538.5,67550.9,67511.1,67516.1
1770787920000,BTC-USDT,67523.3,1.77265565,67516.1,67531.7,67501.8,67523.3
1770787980000,BTC-USDT,67456.1,4.66674209,67523.4,67525.9,67450,67456.1
1770788040000,BTC-USDT,67424.1,5.54568086,67456.1,67477,67416.6,67424.1
1770788100000,BTC-USDT,67463,6.72823919,67424,67464.3,67400.1,67463
1770788160000,BTC-USDT,67483.7,3.05709564,67463,67495.5,67425.4,67483.7
1770788220000,BTC-USDT,67553,10.28855915,67482.1,67599.9,67442.1,67553
1770788280000,BTC-USDT,67513.5,12.61095973,67553,67560,67490.7,67513.5
1770788340000,BTC-USDT,67565,2.09710518,67515,67584,67514.9,67565
1770788400000,BTC-USDT,67540.8,8.70252452,67565,67567.9,67524.2,67540.8
1770788460000,BTC-USDT,67574.2,11.46091787,67540.8,67575.5,67531.9,67574.2
1770788520000,BTC-USDT,67500.8,21.21999091,67574.2,67574.2,67500.7,67500.8
1770788580000,BTC-USDT,67441.2,2.47852809,67500.7,67500.7,67402,67441.2
1770788640000,BTC-USDT,67445.1,1.10894874,67441.2,67483,67431.9,67445.1
1770788700000,BTC-USDT,67461.1,1.43548529,67445,67495,67437.7,67461.1
1770788760000,BTC-USDT,67504.5,1.16699635,67461,67519,67459.1,67504.5
1770788820000,BTC-USDT,67472.6,1.75688299,67504.6,67527,67470,67472.6
1770788880000,BTC-USDT,67468,1.34115495,67473,67492.8,67411.6,67468
1770788940000,BTC-USDT,67527.8,2.47920126,67468,67537,67463.1,67527.8
1770789000000,BTC-USDT,67534.6,5.77677368,67527.1,67599.9,67526.1,67534.6
1770789060000,BTC-USDT,67510.6,1.57802295,67533,67537.3,67510.6,67510.6
1770789120000,BTC-USDT,67493.5,3.30667893,67510.7,67512.7,67471,67493.5
1770789180000,BTC-USDT,67525.9,10.40477362,67493.6,67531.9,67493.5,67525.9
1770789240000,BTC-USDT,67553.8,2.25491463,67525.9,67564,67525.8,67553.8
1770789300000,BTC-USDT,67546.7,15.11698309,67553.7,67557.7,67500.1,67546.7
1770789360000,BTC-USDT,67520.8,14.43340528,67546.8,67546.8,67484.1,67520.8
1770789420000,BTC-USDT,67493,2.25497393,67522.7,67536.3,67485.1,67493
1770789480000,BTC-USDT,67422.1,37.30091062,67493,67496.9,67412,67422.1
1770789540000,BTC-USDT,67406.9,2.01506335,67422,67449.9,67404.4,67406.9
1770789600000,BTC-USDT,67470.3,2.63143438,67406.9,67480.5,67406.9,67470.3
1770789660000,BTC-USDT,67432.2,2.25716764,67465.9,67476,67419.1,67432.2
1770789720000,BTC-USDT,67404.5,2.75977796,67432.2,67466,67404.4,67404.5
1770789780000,BTC-USDT,67425.5,4.23808339,67404.5,67458,67404.4,67425.5
1770789840000,BTC-USDT,67459.7,5.74307884,67425.5,67496.7,67425.5,67459.7
1770789900000,BTC-USDT,67435,7.75689107,67457.2,67485.8,67406.2,67435
1770789960000,BTC-USDT,67400,5.56926947,67435.1,67442.9,67371.9,67400
1770790020000,BTC-USDT,67232.7,27.14086942,67400.1,67436.1,67210,67232.7
1770790080000,BTC-USDT,67168.6,36.21089047,67230,67230,67105.8,67168.6
1770790140000,BTC-USDT,67119,18.7307067,67168.5,67203,67110,67119
1770790200000,BTC-USDT,67175.9,62.3314831,67118.9,67178.5,67010.1,67175.9
1770790260000,BTC-USDT,67123,15.54854214,67178.5,67185.1,67070,67123
1770790320000,BTC-USDT,67032.9,10.71898295,67123,67151.1,67032.8,67032.9
1770790380000,BTC-USDT,66905,72.04111668,67032.8,67032.8,66888,66905
1770790440000,BTC-USDT,66917.3,75.24274833,66908,66943.6,66801.6,66917.3
1770790500000,BTC-USDT,66854.1,50.11386418,66917.4,66950,66702.2,66854.1
1770790560000,BTC-USDT,66958.5,21.0956703,66854.2,66958.5,66854.2,66958.5
1770790620000,BTC-USDT,66947.1,12.86794309,66958.5,67037.2,66941.8,66947.1
1770790680000,BTC-USDT,66967,20.92928865,66947.1,66998.6,66814.9,66967
1770790740000,BTC-USDT,66898.1,8.20471949,66968,66977,66832.1,66898.1
1770790800000,BTC-USDT,66983.6,13.96510331,66898.1,67000,66819,66983.6
1770790860000,BTC-USDT,66963.3,8.75787494,66983.6,67011.7,66917.1,66963.3
1770790920000,BTC-USDT,66958.3,2.30474565,66962.5,66971,66921,66958.3
1770790980000,BTC-USDT,67050,19.47566757,66960,67068.3,66947.8,67050
1770791040000,BTC-USDT,67079.1,6.44133496,67049.9,67114.4,67040.1,67079.1
1770791100000,BTC-USDT,67123.2,10.42024522,67079.1,67170.5,67079.1,67123.2
1770791160000,BTC-USDT,67160,6.46502086,67121.1,67160,67100,67160
1770791220000,BTC-USDT,67112.3,3.8449679,67160,67174,67112.1,67112.3
1770791280000,BTC-USDT,67147.9,5.01440811,67112.2,67150,67090.4,67147.9
1770791340000,BTC-USDT,67118.1,5.93487605,67148,67173,67102.3,67118.1
1770791400000,BTC-USDT,67066.8,2.11661063,67118,67140,67066.8,67066.8
1770791460000,BTC-USDT,67087.4,5.52339177,67066.8,67096.6,67029.2,67087.4
1770791520000,BTC-USDT,67114,4.01906968,67087.4,67179,67087.3,67114
1770791580000,BTC-USDT,67070.1,3.17463422,67118.9,67118.9,67062.1,67070.1
1770791640000,BTC-USDT,66987,3.59965823,67070.1,67092.9,66979.8,66987
1770791700000,BTC-USDT,67041.1,3.98082585,66986,67069.8,66978.1,67041.1
1770791760000,BTC-USDT,67031.9,5.08958291,67041,67062.9,67023.3,67031.9
1770791820000,BTC-USDT,67007.3,5.5762304,67031.9,67037.9,67006.1,67007.3
1770791880000,BTC-USDT,67038,5.23631755,67006.2,67089,67001.9,67038
1770791940000,BTC-USDT,67024.3,2.04309783,67038.1,67050,67022.4,67024.3
1770792000000,BTC-USDT,66981.7,3.76583523,67024.2,67034,66965.7,66981.7
1770792060000,BTC-USDT,66947,4.2549747,66981.7,66984.3,66913.1,66947
1770792120000,BTC-USDT,66984,6.37350837,66947,67015.4,66946.1,66984
1770792180000,BTC-USDT,66950,2.55154579,66984,67018.9,66950,66950
1770792240000,BTC-USDT,66860.8,11.55228356,66948.3,66948.3,66850.1,66860.8
1770792300000,BTC-USDT,66801.4,8.45051121,66860.8,66881.2,66778.1,66801.4
1770792360000,BTC-USDT,66844.6,4.10649909,66801.4,66903.6,66786,66844.6
1770792420000,BTC-USDT,66814.5,11.74364186,66844.6,66879.9,66778.4,66814.5
1770792480000,BTC-USDT,66757.9,7.23758788,66811,66817.5,66728.8,66757.9
1770792540000,BTC-USDT,66739.1,9.84422047,66757.9,66814.4,66706,66739.1
1770792600000,BTC-USDT,66764,6.67087154,66739.1,66786.1,66720.8,66764
1770792660000,BTC-USDT,66780.2,3.26069943,66764,66797.9,66757.5,66780.2
1770792720000,BTC-USDT,66635.1,22.07952169,66780.1,66780.1,66618.8,66635.1
1770792780000,BTC-USDT,66582,19.56933718,66636.7,66695.9,66571.4,66582
1770792840000,BTC-USDT,66759,9.27057845,66586.3,66779.8,66560,66759
1770792900000,BTC-USDT,66766,23.08173201,66759.1,66826,66732.1,66766
1770792960000,BTC-USDT,66833,13.72894303,66763.4,66833,66763.4,66833
1770793020000,BTC-USDT,66789.9,3.71467294,66833.2,66854.2,66765.9,66789.9
1770793080000,BTC-USDT,66801.8,3.14105073,66789,66813.9,66775.4,66801.8
1770793140000,BTC-USDT,66823.8,12.32861078,66799.1,66848.9,66787.1,66823.8
1770793200000,BTC-USDT,66838.5,5.94861495,66818.7,66851.6,66758.1,66838.5
1770793260000,BTC-USDT,66834.4,3.23905187,66838.6,66850.3,66778,66834.4
1770793320000,BTC-USDT,66745.9,8.18308334,66834.5,66834.5,66739.1,66745.9
1770793380000,BTC-USDT,66753,15.22079615,66746,66781.9,66727.8,66753
1770793440000,BTC-USDT,66796.3,15.59558198,66753,66839.9,66747.7,66796.3
1770793500000,BTC-USDT,66853,17.99485833,66800,66862,66767.2,66853
1770793560000,BTC-USDT,66884.7,8.18299577,66848.8,66979.4,66841.6,66884.7
1770793620000,BTC-USDT,66863.8,17.27689162,66882,66962.9,66847.8,66863.8
1770793680000,BTC-USDT,66827,6.65941424,66863.8,66876.7,66819,66827
1770793740000,BTC-USDT,66772.1,9.92267678,66827,66829,66750,66772.1
1770793800000,BTC-USDT,66703.1,7.9278161,66772.1,66786,66701.3,66703.1
1770793860000,BTC-USDT,66679,7.72727663,66703.1,66715,66654.6,66679
1770793920000,BTC-USDT,66724,1.26661134,66679,66726,66674,66724
1770793980000,BTC-USDT,66727,3.27572801,66724,66755,66712.8,66727
1770794040000,BTC-USDT,66759.2,5.2841429,66727,66759.2,66700,66759.2
1770794100000,BTC-USDT,66756.1,5.06360848,66751.1,66766,66677.4,66756.1
1770794160000,BTC-USDT,66701.8,6.22310629,66756.1,66772,66699.1,66701.8
1770794220000,BTC-USDT,66799.5,2.88202867,66702.9,66799.5,66702.3,66799.5
1770794280000,BTC-USDT,66795,3.69688514,66800,66830.4,66768.1,66795
1770794340000,BTC-USDT,66841.1,2.91122567,66795.1,66874.9,66795.1,66841.1
1770794400000,BTC-USDT,66874.4,3.22059133,66841,66874.4,66815,66874.4
1770794460000,BTC-USDT,66847.5,6.05667603,66874.4,66874.4,66840.1,66847.5
1770794520000,BTC-USDT,66841,8.25887987,66847.5,66868,66812,66841
1770794580000,BTC-USDT,66783,12.23545338,66841,66841,66721.8,66783
1770794640000,BTC-USDT,66840,18.87138733,66783.1,66863.5,66768.6,66840
1770794700000,BTC-USDT,66835,8.57516353,66840.1,66840.9,66800.9,66835
1770794760000,BTC-USDT,66914.6,49.89893146,66834.9,66955,66787.7,66914.6
1770794820000,BTC-USDT,66977,7.72365628,66914.6,66999,66914.6,66977
1770794880000,BTC-USDT,66995.1,15.78387522,66977.1,67022.3,66977.1,66995.1
1770794940000,BTC-USDT,67000.8,11.06920621,66995.1,67000.8,66962.9,67000.8
1770795000000,BTC-USDT,66967.2,7.46199889,67000.8,67008.4,66967.2,66967.2
1770795060000,BTC-USDT,67034.7,9.99887288,66967.2,67067.6,66951.2,67034.7
1770795120000,BTC-USDT,66972.6,4.26963076,67034,67034,66961.1,66972.6
1770795180000,BTC-USDT,66984.4,4.17887432,66972.7,67045.8,66972,66984.4
1770795240000,BTC-USDT,67074.1,14.09070955,66984.5,67098.2,66984.5,67074.1
1770795300000,BTC-USDT,67161.1,22.1115858,67074.1,67221.2,67074.1,67161.1
1770795360000,BTC-USDT,67173.9,3.29490314,67161.1,67201.9,67159.4,67173.9
1770795420000,BTC-USDT,67152.2,6.33029584,67173.8,67182.3,67109.8,67152.2
1770795480000,BTC-USDT,67170.1,11.72391796,67152.2,67197.5,67150.1,67170.1
1770795540000,BTC-USDT,67140.1,8.88264078,67170.1,67189,67139.1,67140.1
1770795600000,BTC-USDT,67056,8.73914193,67140.1,67146.8,67032.1,67056
1770795660000,BTC-USDT,67027.1,2.95381554,67056.1,67060,67027.1,67027.1
1770795720000,BTC-USDT,67061.1,7.61553597,67027,67068.6,67027,67061.1
1770795780000,BTC-USDT,67095.1,30.99937942,67061.1,67153,67015.2,67095.1
1770795840000,BTC-USDT,67172,13.10976137,67097.5,67172,67097.4,67172
1770795900000,BTC-USDT,67167,3.66955632,67171.9,67172,67120,67167
1770795960000,BTC-USDT,67153,3.67932776,67164.5,67164.5,67130,67153
1770796020000,BTC-USDT,67139.1,7.97790172,67153,67182.9,67139,67139.1
1770796080000,BTC-USDT,67123,4.72929693,67139.1,67152.4,67120,67123
1770796140000,BTC-USDT,67100.1,5.21662324,67123,67142,67100,67100.1
1770796200000,BTC-USDT,67114.1,4.31894058,67100.1,67127.9,67095.1,67114.1
1770796260000,BTC-USDT,67202.9,22.51569281,67114.1,67221.2,67099,67202.9
1770796320000,BTC-USDT,67248,8.54834875,67203,67264,67201,67248
1770796380000,BTC-USDT,67222.9,5.87706167,67248,67253,67202.8,67222.9
1770796440000,BTC-USDT,67209.1,8.79172719,67222.9,67222.9,67209.1,67209.1
1770796500000,BTC-USDT,67140.1,5.4767335,67209.1,67209.1,67139,67140.1
1770796560000,BTC-USDT,67103.3,9.23826501,67140.1,67153.6,67085,67103.3
1770796620000,BTC-USDT,67080,4.43578195,67103.2,67105,67056.2,67080
1770796680000,BTC-USDT,67062.9,9.96631131,67080,67080,67014.1,67062.9
1770796740000,BTC-USDT,67039.5,3.81694893,67063,67065,67032.3,67039.5
1770796800000,BTC-USDT,67042.8,2.48573657,67039.6,67071.6,67032.7,67042.8
1770796860000,BTC-USDT,67062.5,4.2750309,67042.1,67065,67010.8,67062.5
1770796920000,BTC-USDT,67053.7,10.06551229,67056.2,67058,67032.5,67053.7
1770796980000,BTC-USDT,67076.9,2.93156005,67058,67107.2,67058,67076.9
1770797040000,BTC-USDT,67036.2,2.15387391,67077,67090.1,67025,67036.2
1770797100000,BTC-USDT,67070,2.0550831,67036.2,67089.9,67022.1,67070
1770797160000,BTC-USDT,67103.9,9.10128793,67070.1,67125,67042.4,67103.9
1770797220000,BTC-USDT,66950.1,8.80826611,67102,67102.9,66950.1,66950.1
1770797280000,BTC-USDT,66941.9,12.65653202,66950,66951.6,66868.8,66941.9
1770797340000,BTC-USDT,66922.1,9.98927111,66942,67025.4,66859.3,66922.1
1770797400000,BTC-USDT,66907.4,4.24063156,66922.1,66960,66849.9,66907.4
1770797460000,BTC-USDT,67000.1,10.1263459,66904.8,67037.6,66904.1,67000.1
1770797520000,BTC-USDT,66975.9,1.74720818,67000,67012.9,66946.9,66975.9
1770797580000,BTC-USDT,66946.5,2.6141318,66976,66995.9,66925.2,66946.5
1770797640000,BTC-USDT,66912.9,1.23985647,66946.6,66971.7,66911.1,66912.9
1770797700000,BTC-USDT,66878.5,17.45072992,66917,66944,66875.1,66878.5
1770797760000,BTC-USDT,66900.9,8.62727609,66875.9,66910.9,66821.4,66900.9
1770797820000,BTC-USDT,66964,1.59449118,66900.7,66966.9,66860.1,66964
1770797880000,BTC-USDT,66990.3,4.036494,66963.9,67014.1,66932.8,66990.3
1770797940000,BTC-USDT,67001,10.8705499,66994,67005.5,66926.1,67001
1770798000000,BTC-USDT,67053,7.0459817,67000.9,67065,66992.1,67053
1770798060000,BTC-USDT,66993.1,2.1164486,67053,67060.9,66991,66993.1
1770798120000,BTC-USDT,67041.5,4.02155853,66993,67054.8,66989.8,67041.5
1770798180000,BTC-USDT,67028.1,3.84429993,67041.6,67086.4,67002.4,67028.1
1770798240000,BTC-USDT,67002.7,1.19093758,67028.1,67051,67002.7,67002.7
1770798300000,BTC-USDT,67009,1.27486547,67002.5,67041,66992.2,67009
1770798360000,BTC-USDT,66926.9,3.44009469,67009,67021,66912.1,66926.9
1770798420000,BTC-USDT,66892.1,2.58163958,66926.9,66973.6,66892.1,66892.1
1770798480000,BTC-USDT,66875.1,1.81851993,66896,66906,66866.4,66875.1
1770798540000,BTC-USDT,66923,4.36920871,66875,66932.6,66835.6,66923
1770798600000,BTC-USDT,66831.9,3.28679526,66923,66924.9,66829.3,66831.9
1770798660000,BTC-USDT,66802,4.59859883,66833.8,66862,66802,66802
1770798720000,BTC-USDT,66869.5,1.64661406,66802.1,66898.5,66802.1,66869.5
1770798780000,BTC-USDT,66860.2,0.75406502,66872,66879.9,66840.7,66860.2
1770798840000,BTC-USDT,66942.1,6.5454562,66860.2,66954.9,66860.2,66942.1
1770798900000,BTC-USDT,67029.2,10.46511399,66944.9,67051.7,66944.9,67029.2
1770798960000,BTC-USDT,66969.1,1.89239834,67029.3,67059.5,66968.1,66969.1
1770799020000,BTC-USDT,66970.1,2.16501728,66968,66989,66957.1,66970.1
1770799080000,BTC-USDT,66960.1,3.36998228,66970,66970.1,66927.3,66960.1
1770799140000,BTC-USDT,66980.5,1.12242394,66958,66992.9,66930.6,66980.5
1770799200000,BTC-USDT,67001.6,2.32539114,66980.6,67007,66940,67001.6
1770799260000,BTC-USDT,66980.6,0.74402962,67000.6,67000.6,66979.4,66980.6
1770799320000,BTC-USDT,66978.1,3.87565593,66983,67016.5,66978,66978.1
1770799380000,BTC-USDT,66998.2,2.41893001,66978.1,67011.5,66978.1,66998.2
1770799440000,BTC-USDT,67036.4,1.82724014,66998.2,67047,66998.2,67036.4
1770799500000,BTC-USDT,66998.9,1.30663761,67036.4,67042.8,66998.3,66998.9
1770799560000,BTC-USDT,67009.6,1.02604439,66999,67029.4,66998.9,67009.6
1770799620000,BTC-USDT,67005.8,1.72763181,67012.3,67016,66980.1,67005.8
1770799680000,BTC-USDT,66998,1.33006191,67005.8,67014,66967,66998
1770799740000,BTC-USDT,66955.8,0.71270956,66997.1,66997.1,66955.8,66955.8
1770799800000,BTC-USDT,67003.8,1.13875156,66955.9,67019,66955.9,67003.8
1770799860000,BTC-USDT,67014.9,0.71641699,67003.3,67038,66997.6,67014.9
1770799920000,BTC-USDT,66997.9,1.39951347,67015,67023,66985.6,66997.9
1770799980000,BTC-USDT,66986.1,1.162529,66998,67023,66975.4,66986.1
1770800040000,BTC-USDT,66945.4,1.86557378,66984.1,66984.1,66920,66945.4
1770800100000,BTC-USDT,66947.2,1.20044944,66945.5,66966,66918,66947.2
1770800160000,BTC-USDT,66980,0.83116628,66947.2,66984,66940.1,66980
1770800220000,BTC-USDT,66999.1,0.77999246,66980.1,67008.4,66980.1,66999.1
1770800280000,BTC-USDT,66981.8,1.05870901,66999.1,67007,66967,66981.8
1770800340000,BTC-USDT,66991.2,0.51942913,66981.8,67022.7,66981.8,66991.2
1770800400000,BTC-USDT,67001.1,1.81409807,66991.2,67028.2,66991.2,67001.1
1770800460000,BTC-USDT,67055,2.12992628,66998.7,67055,66996.1,67055
1770800520000,BTC-USDT,67074.9,5.70112191,67054.9,67114,67054.9,67074.9
1770800580000,BTC-USDT,67110,5.40530746,67075.8,67121.6,67038.1,67110
1770800640000,BTC-USDT,67032.7,5.78292712,67110,67110,67028.9,67032.7
1770800700000,BTC-USDT,67034.5,1.34591895,67032.7,67060.9,67028.8,67034.5
1770800760000,BTC-USDT,66896.7,3.16640454,67033.1,67033.1,66896.7,66896.7
1770800820000,BTC-USDT,66920.1,2.60062276,66896.7,66953.6,66880,66920.1
1770800880000,BTC-USDT,66976.4,0.69615422,66920.1,66982.7,66908,66976.4
1770800940000,BTC-USDT,66856.2,15.85454373,66977.2,66977.2,66840,66856.2
1770801000000,BTC-USDT,66871.9,2.27806901,66856.3,66909.9,66855.4,66871.9
1770801060000,BTC-USDT,66938,1.15043671,66872,66938,66872,66938
1770801120000,BTC-USDT,66917.8,0.99421059,66938,66938,66906,66917.8
1770801180000,BTC-USDT,66924,1.63798771,66917.7,66929.9,66913.3,66924
1770801240000,BTC-USDT,66926.2,1.04604315,66923.1,66926.2,66880,66926.2
1770801300000,BTC-USDT,66953.1,2.40491376,66926.1,66966.6,66902.2,66953.1
1770801360000,BTC-USDT,66935.2,1.12787512,66953.1,66966,66935.2,66935.2
1770801420000,BTC-USDT,66856.2,8.11363749,66935,66935,66810.6,66856.2
1770801480000,BTC-USDT,66845.3,5.98042362,66856.1,66859.9,66824,66845.3
1770801540000,BTC-USDT,66834,2.70023767,66844.8,66866.6,66810.1,66834
1770801600000,BTC-USDT,66850.2,4.41131209,66834,66871,66831.8,66850.2
1770801660000,BTC-USDT,66857.9,4.74100738,66850.1,66867,66830.7,66857.9
1770801720000,BTC-USDT,66898.2,0.71592895,66859,66899.9,66858.9,66898.2
1770801780000,BTC-USDT,66815,1.19861803,66895,66907.4,66815,66815
1770801840000,BTC-USDT,66854,0.66640512,66814.7,66858,66814.7,66854
1770801900000,BTC-USDT,66914,1.05090171,66854,66914.1,66854,66914
1770801960000,BTC-USDT,66959.9,1.17380514,66914,66959.9,66914,66959.9
1770802020000,BTC-USDT,66914,2.0756372,66958.1,66961.2,66902,66914
1770802080000,BTC-USDT,66887.6,4.05252882,66914.1,66914.1,66884.8,66887.6
1770802140000,BTC-USDT,66985.6,6.11495058,66887.6,66985.6,66887.6,66985.6
1770802200000,BTC-USDT,66997.9,7.80689884,66985.7,66997.9,66917.3,66997.9
1770802260000,BTC-USDT,66965.9,1.82306684,66997.6,67013,66923.1,66965.9
1770802320000,BTC-USDT,66973.1,1.12175606,66955.1,67000,66955.1,66973.1
1770802380000,BTC-USDT,66945.7,1.48614718,66973.1,67000,66919.4,66945.7
1770802440000,BTC-USDT,66924.2,1.79489686,66940.6,66962.9,66918,66924.2
1770802500000,BTC-USDT,66944,0.75640088,66924.3,66950.6,66924.3,66944
1770802560000,BTC-USDT,66943.6,2.98693762,66944,66980.9,66926.8,66943.6
1770802620000,BTC-USDT,66915.1,0.7105616,66945.3,66951,66900.1,66915.1
1770802680000,BTC-USDT,66915.9,1.14381055,66915,66923,66912,66915.9
1770802740000,BTC-USDT,66871.8,2.71753658,66915.9,66915.9,66868.3,66871.8
1770802800000,BTC-USDT,66872.2,0.97619157,66871.8,66885.1,66860,66872.2
1770802860000,BTC-USDT,66883.6,5.0756267,66872.2,66902.3,66852.7,66883.6
1770802920000,BTC-USDT,66853.2,1.55856487,66883.6,66885,66830,66853.2
1770802980000,BTC-USDT,66824.4,10.49862172,66851.1,66876,66818.5,66824.4
1770803040000,BTC-USDT,66853.3,2.67144413,66822,66853.3,66808.7,66853.3
1770803100000,BTC-USDT,66831.2,1.04499644,66853.3,66864.9,66825,66831.2
1770803160000,BTC-USDT,66750.1,3.64052946,66830.7,66830.7,66750,66750.1
1770803220000,BTC-USDT,66776.8,2.77411464,66750.1,66800,66750,66776.8
1770803280000,BTC-USDT,66772.6,2.57004514,66776.9,66795,66753.9,66772.6
1770803340000,BTC-USDT,66759.9,3.8890983,66770.1,66770.1,66727.9,66759.9
1770803400000,BTC-USDT,66803.6,18.31334318,66759.9,66864.3,66759.9,66803.6
1770803460000,BTC-USDT,66831.7,1.93111254,66803.5,66839,66781.9,66831.7
1770803520000,BTC-USDT,66803.1,1.35862474,66833,66851.6,66800,66803.1
1770803580000,BTC-USDT,66836,1.75098314,66802.2,66836,66792.8,66836
1770803640000,BTC-USDT,66855.5,0.74302797,66836.1,66870.4,66832,66855.5
1770803700000,BTC-USDT,66860,4.46908113,66854.7,66865.7,66817.1,66860
1770803760000,BTC-USDT,66842,0.27322293,66861.4,66861.4,66842,66842
1770803820000,BTC-USDT,66821.1,0.87336523,66842,66843,66816.5,66821.1
1770803880000,BTC-USDT,66831.6,0.96808821,66821.1,66831.6,66813,66831.6
1770803940000,BTC-USDT,66877.6,11.32456458,66831.5,66886.5,66830,66877.6
1770804000000,BTC-USDT,66831.1,2.84526049,66877.6,66884,66818.5,66831.1
1770804060000,BTC-USDT,66776.1,6.29223364,66831.2,66831.2,66774.3,66776.1
1770804120000,BTC-USDT,66760,11.48248951,66773.4,66860.7,66738.1,66760
1770804180000,BTC-USDT,66730,4.65506883,66760,66780,66730,66730
1770804240000,BTC-USDT,66722,8.08853502,66730.1,66761,66690.4,66722
1770804300000,BTC-USDT,66738.1,2.65304572,66721.9,66738.4,66673.1,66738.1
1770804360000,BTC-USDT,66708.1,3.46476154,66738.1,66763,66704.1,66708.1
1770804420000,BTC-USDT,66718.6,2.89386939,66708,66761.9,66701.5,66718.6
1770804480000,BTC-USDT,66673.1,2.25025447,66718.7,66718.7,66673,66673.1
1770804540000,BTC-USDT,66700.7,9.70063196,66673,66709.9,66645.2,66700.7
1770804600000,BTC-USDT,66744.9,2.63059627,66701.9,66788.6,66693,66744.9
1770804660000,BTC-USDT,66777,1.31012848,66744.9,66788,66744.9,66777
1770804720000,BTC-USDT,66800.7,3.1821609,66775.6,66840,66766.1,66800.7
1770804780000,BTC-USDT,66734.2,2.72694079,66800.2,66800.2,66734.2,66734.2
1770804840000,BTC-USDT,66755.3,2.81194449,66734.2,66755.3,66726.1,66755.3
1770804900000,BTC-USDT,66755.5,4.40674343,66756,66779,66723.7,66755.5
1770804960000,BTC-USDT,66744.8,2.38147156,66755.5,66759,66725.6,66744.8
1770805020000,BTC-USDT,66717,2.7765069,66744.8,66744.8,66688.1,66717
1770805080000,BTC-USDT,66707.4,2.70954988,66716.8,66745,66707.3,66707.4
1770805140000,BTC-USDT,66714,1.58463121,66707.4,66717,66690,66714
1770805200000,BTC-USDT,66733.1,6.56005415,66713.9,66743,66675.7,66733.1
1770805260000,BTC-USDT,66728,1.04360068,66733,66757.7,66728,66728
1770805320000,BTC-USDT,66752.3,0.782925,66728.1,66765,66728.1,66752.3
1770805380000,BTC-USDT,66790.3,1.1439569,66752.4,66799,66752.3,66790.3
1770805440000,BTC-USDT,66763.6,2.27085753,66790.3,66817.8,66763,66763.6
1770805500000,BTC-USDT,66779.4,1.80348247,66763.6,66786.1,66732.4,66779.4
1770805560000,BTC-USDT,66818.9,0.63215957,66779.4,66832.8,66778.1,66818.9
1770805620000,BTC-USDT,66873.5,1.08686906,66816,66873.5,66812,66873.5
1770805680000,BTC-USDT,66840,7.10777311,66873,66895.4,66832.9,66840
1770805740000,BTC-USDT,66876.9,6.39958472,66837,66876.9,66823,66876.9
1770805800000,BTC-USDT,66877.1,2.72653545,66876.9,66892.8,66859.1,66877.1
1770805860000,BTC-USDT,66847.6,2.16945205,66877,66877.1,66837.8,66847.6
1770805920000,BTC-USDT,66829.4,1.46577143,66847.7,66870.9,66809.9,66829.4
1770805980000,BTC-USDT,66751.9,1.64361609,66829.5,66841.6,66742.1,66751.9
1770806040000,BTC-USDT,66684,5.8808517,66754,66766,66676.1,66684
1770806100000,BTC-USDT,66583.2,11.58788705,66682,66682,66567.5,66583.2
1770806160000,BTC-USDT,66584.1,2.46131921,66580.1,66642.2,66573.2,66584.1
1770806220000,BTC-USDT,66602.4,1.51808143,66586.1,66631.6,66580.1,66602.4
1770806280000,BTC-USDT,66665.5,4.08758994,66602.3,66679.8,66587,66665.5
1770806340000,BTC-USDT,66720,5.12035201,66665.1,66729.1,66650,66720
1770806400000,BTC-USDT,66705.6,1.31217055,66720,66763.2,66694,66705.6
1770806460000,BTC-USDT,66703.5,0.88239879,66705.6,66734.1,66703.5,66703.5
1770806520000,BTC-USDT,66693.1,1.6286075,66700,66738.8,66693,66693.1
1770806580000,BTC-USDT,66695.8,1.11777959,66694,66701,66684,66695.8
1770806640000,BTC-USDT,66734.9,1.74269205,66695.9,66771.4,66695.8,66734.9
1770806700000,BTC-USDT,66752.8,6.82026404,66735,66774.8,66727.2,66752.8
1770806760000,BTC-USDT,66738.4,2.09376143,66752.8,66784.9,66727.3,66738.4
1770806820000,BTC-USDT,66690,1.97661437,66738.5,66738.5,66682,66690
1770806880000,BTC-USDT,66638.4,5.7169623,66690.1,66690.1,66620.4,66638.4
1770806940000,BTC-USDT,66621.1,3.63487289,66638.4,66651.9,66601.1,66621.1
1770807000000,BTC-USDT,66658.6,15.98618668,66621,66667.4,66522.9,66658.6
1770807060000,BTC-USDT,66566.5,5.17754741,66664.1,66732.9,66555.1,66566.5
1770807120000,BTC-USDT,66558.8,8.69460786,66566.5,66570.8,66505.5,66558.8
1770807180000,BTC-USDT,66454.7,74.26910508,66560,66568.2,66417.7,66454.7
1770807240000,BTC-USDT,66499.9,7.15067913,66455.4,66521.2,66445.3,66499.9
1770807300000,BTC-USDT,66391.1,6.0759259,66500,66545.5,66380.1,66391.1
1770807360000,BTC-USDT,66419.5,5.81321003,66395,66451.9,66380.6,66419.5
1770807420000,BTC-USDT,66567.8,3.50650575,66419.4,66567.8,66402,66567.8
1770807480000,BTC-USDT,66521.5,4.59982186,66568.2,66599.9,66520,66521.5
1770807540000,BTC-USDT,66539.8,1.7288991,66521.5,66546.3,66513,66539.8
1770807600000,BTC-USDT,66597.6,6.24726678,66539.9,66608,66516.1,66597.6
1770807660000,BTC-USDT,66608.7,4.31825633,66598,66622,66577.6,66608.7
1770807720000,BTC-USDT,66673,5.198898,66611,66679.1,66588,66673
1770807780000,BTC-USDT,66683.5,2.94296539,66670.1,66695.9,66597.6,66683.5
1770807840000,BTC-USDT,66705.4,1.8383436,66685,66705.9,66641.3,66705.4
1770807900000,BTC-USDT,66670.6,1.98731394,66705.5,66715.1,66653,66670.6
1770807960000,BTC-USDT,66665.1,0.79397235,66667.2,66687.9,66663.1,66665.1
1770808020000,BTC-USDT,66682.1,4.02505223,66665.1,66714.2,66665,66682.1
1770808080000,BTC-USDT,66660,1.0546751,66682.1,66704.8,66658.1,66660
1770808140000,BTC-USDT,66674.6,1.90682898,66662.5,66674.7,66616,66674.6
1770808200000,BTC-USDT,66688,1.73373574,66674.6,66703,66656.8,66688
1770808260000,BTC-USDT,66708.8,1.88955221,66688.1,66730.7,66688.1,66708.8
1770808320000,BTC-USDT,66691.7,2.07247781,66709.4,66719,66691.3,66691.7
1770808380000,BTC-USDT,66708.9,0.60742527,66691.7,66709,66670.9,66708.9
1770808440000,BTC-USDT,66669.8,2.6866786,66708.9,66711.1,66665.8,66669.8
1770808500000,BTC-USDT,66673.4,0.85846203,66669.8,66694.4,66665.2,66673.4
1770808560000,BTC-USDT,66656.9,2.45420696,66678.1,66690.9,66642.9,66656.9
1770808620000,BTC-USDT,66711.1,0.97158191,66657,66711.1,66640.6,66711.1
1770808680000,BTC-USDT,66810,13.02782738,66711,66810,66711,66810
1770808740000,BTC-USDT,66844.8,12.52500619,66807.9,66880,66801.3,66844.8
1770808800000,BTC-USDT,66987.8,8.47243314,66844.8,67004.9,66844.8,66987.8
1770808860000,BTC-USDT,67000,2.97566972,66986.9,67012.6,66973.1,67000
1770808920000,BTC-USDT,67030,10.25561599,67001,67068.8,66991.5,67030
1770808980000,BTC-USDT,67032.1,2.07015449,67030,67043,66990.6,67032.1
1770809040000,BTC-USDT,67031,1.77450182,67032.1,67044.9,66993,67031
1770809100000,BTC-USDT,67010,7.76415801,67031.9,67078,67010,67010
1770809160000,BTC-USDT,67056.6,1.00222779,67010.1,67057.9,67000.2,67056.6
1770809220000,BTC-USDT,67077.9,3.57360924,67055,67077.9,67025,67077.9
1770809280000,BTC-USDT,67053.5,7.18212688,67077.9,67122.9,67041.9,67053.5
1770809340000,BTC-USDT,67000,2.88080892,67055,67063.1,67000,67000
1770809400000,BTC-USDT,67007.1,24.58644923,67000,67032,66986,67007.1
1770809460000,BTC-USDT,66987.9,7.4459708,67007.1,67007.1,66962.1,66987.9
1770809520000,BTC-USDT,66940.7,7.85010293,66985.6,66985.7,66913.1,66940.7
1770809580000,BTC-USDT,66896.7,3.69441755,66940.3,66946.4,66896.7,66896.7
1770809640000,BTC-USDT,66969,11.08157733,66896.5,67017.5,66896.5,66969
1770809700000,BTC-USDT,66963,1.10439402,66965.1,67005.6,66960.9,66963
1770809760000,BTC-USDT,66955,0.51228697,66963,66972.8,66952,66955
1770809820000,BTC-USDT,67032.7,5.61078675,66954.9,67051.6,66954.9,67032.7
1770809880000,BTC-USDT,66978.9,0.62777216,67032.6,67032.6,66967,66978.9
1770809940000,BTC-USDT,66963,1.3536145,66978.9,66985.2,66963,66963
1770810000000,BTC-USDT,66958,1.06559556,66963,66963.5,66955,66958
1770810060000,BTC-USDT,66915.8,1.63391194,66958.1,66958.1,66908.1,66915.8
1770810120000,BTC-USDT,66914.9,0.92147368,66915.8,66924.7,66911,66914.9
1770810180000,BTC-USDT,66903,2.7156517,66915,66955.2,66903,66903
1770810240000,BTC-USDT,66932.1,0.78103056,66903.1,66955.4,66903.1,66932.1
1770810300000,BTC-USDT,66954.7,2.1603636,66932.1,66978.2,66932.1,66954.7
1770810360000,BTC-USDT,67031,0.96741676,66954.7,67031,66954.7,67031
1770810420000,BTC-USDT,66988.3,5.02638886,67030.9,67043.3,66960,66988.3
1770810480000,BTC-USDT,66971,1.10126846,66982.9,66993.9,66970,66971
1770810540000,BTC-USDT,66996,1.47343834,66971.1,67018.2,66971,66996
1770810600000,BTC-USDT,67004.1,0.86831266,66996.1,67008.7,66995,67004.1
1770810660000,BTC-USDT,67046.9,5.23467388,67004.1,67069,67003.6,67046.9
1770810720000,BTC-USDT,67068,3.25772227,67046.9,67087.7,67042,67068
1770810780000,BTC-USDT,67053.6,2.95882336,67067.9,67099,67048.2,67053.6
1770810840000,BTC-USDT,67051,1.09982734,67053.7,67073.2,67034.5,67051
1770810900000,BTC-USDT,67065.4,0.70070789,67051,67065.4,67038,67065.4
1770810960000,BTC-USDT,67053.8,0.62109472,67065.5,67065.5,67045,67053.8
1770811020000,BTC-USDT,67048.2,1.10076107,67053.7,67059.7,67048.1,67048.2
1770811080000,BTC-USDT,67064.9,0.81272059,67048.1,67065,67048.1,67064.9
1770811140000,BTC-USDT,67067.9,2.06257627,67065,67078.2,67053.8,67067.9
1770811200000,BTC-USDT,67060.3,8.16162705,67067.6,67091.1,67053,67060.3
1770811260000,BTC-USDT,67093.1,5.57103643,67060.4,67102.4,67031.7,67093.1
1770811320000,BTC-USDT,67015.4,2.86399785,67093.4,67094,67010,67015.4
1770811380000,BTC-USDT,67025.9,3.12167861,67015.5,67031.4,67000,67025.9
1770811440000,BTC-USDT,66974,15.42582004,67026,67031,66968.8,66974
1770811500000,BTC-USDT,67026.8,4.86821355,66974,67066.8,66974,67026.8
1770811560000,BTC-USDT,67023,1.19496381,67026,67041.9,67010.3,67023
1770811620000,BTC-USDT,67240.7,59.85044884,67023,67260.8,67023,67240.7
1770811680000,BTC-USDT,67245.1,10.24299757,67240,67309.5,67212,67245.1
1770811740000,BTC-USDT,67242.1,6.01009837,67242.4,67301.5,67236,67242.1
1770811800000,BTC-USDT,67184,3.04509842,67242,67242.1,67161,67184
1770811860000,BTC-USDT,67145,2.5206547,67184,67184.1,67134,67145
1770811920000,BTC-USDT,67115.7,1.90235439,67145,67149.2,67115.6,67115.7
1770811980000,BTC-USDT,67132.8,1.24030353,67115.7,67132.8,67115.3,67132.8
1770812040000,BTC-USDT,67105.3,4.25172174,67132.7,67132.7,67072.3,67105.3
1770812100000,BTC-USDT,67143.9,2.34675939,67105.3,67146.7,67093.1,67143.9
1770812160000,BTC-USDT,67129,2.47807711,67144,67144,67112.7,67129
1770812220000,BTC-USDT,67205,16.97346815,67128.9,67223.4,67124.1,67205
1770812280000,BTC-USDT,67190.3,1.029089,67205,67205,67190.2,67190.3
1770812340000,BTC-USDT,67195,6.40962434,67190.2,67196,67160.1,67195
1770812400000,BTC-USDT,67270.1,3.86415921,67194.9,67280.7,67193.1,67270.1
1770812460000,BTC-USDT,67346.9,7.68466571,67270,67360,67270,67346.9
1770812520000,BTC-USDT,67342.9,6.48455926,67340.1,67406.7,67325.7,67342.9
1770812580000,BTC-USDT,67392.1,14.53778727,67342,67425,67311.4,67392.1
1770812640000,BTC-USDT,67392.1,3.34589556,67392,67435.8,67388.2,67392.1
1770812700000,BTC-USDT,67348.1,5.71636862,67390,67401.7,67340,67348.1
1770812760000,BTC-USDT,67299.2,8.85340527,67348.1,67360.1,67299.2,67299.2
1770812820000,BTC-USDT,67345.6,2.44769264,67299.1,67345.7,67252.2,67345.6
1770812880000,BTC-USDT,67284.3,5.09197776,67345.7,67360,67260,67284.3
1770812940000,BTC-USDT,67230.1,0.56565395,67284.2,67284.2,67230,67230.1
1770813000000,BTC-USDT,67255,5.043094,67230.1,67258.9,67225.4,67255
1770813060000,BTC-USDT,67209,2.25363192,67255.1,67275.7,67204.5,67209
1770813120000,BTC-USDT,67200,5.35179503,67208,67262.6,67181.9,67200
1770813180000,BTC-USDT,67220,5.3805324,67200,67265.7,67191.1,67220
1770813240000,BTC-USDT,67240.7,1.64249022,67219.9,67251.7,67219.9,67240.7
1770813300000,BTC-USDT,67241.3,1.93706574,67240.6,67250,67223,67241.3
1770813360000,BTC-USDT,67273,5.69856833,67241.4,67273,67205.8,67273
1770813420000,BTC-USDT,67283.1,4.66092092,67272.5,67319.9,67244,67283.1
1770813480000,BTC-USDT,67243.8,1.595559,67283,67289.5,67238.1,67243.8
1770813540000,BTC-USDT,67172.1,3.71014233,67243.7,67243.7,67170,67172.1
1770813600000,BTC-USDT,67108.1,3.32741267,67172.1,67172.1,67105.2,67108.1
1770813660000,BTC-USDT,67051.8,9.00905365,67108,67121.1,67046.9,67051.8
1770813720000,BTC-USDT,67081.9,5.42936371,67051.7,67096.5,67034.6,67081.9
1770813780000,BTC-USDT,67079.1,1.64068519,67082,67092,67043.9,67079.1
1770813840000,BTC-USDT,67091.9,1.58270423,67079.9,67100,67072.5,67091.9
1770813900000,BTC-USDT,67093.6,1.73353756,67091.9,67095.6,67069.6,67093.6
1770813960000,BTC-USDT,67079.1,1.33271265,67091.9,67091.9,67060.5,67079.1
1770814020000,BTC-USDT,67046.1,0.71442097,67079.1,67082.9,67044,67046.1
1770814080000,BTC-USDT,67077.3,1.06055787,67046,67077.3,67046,67077.3
1770814140000,BTC-USDT,67100,2.82484021,67077.2,67113.3,67077.2,67100
1770814200000,BTC-USDT,67109.1,0.71930492,67100.9,67109.2,67066.4,67109.1
1770814260000,BTC-USDT,67084.1,0.72506045,67109.2,67109.2,67081,67084.1
1770814320000,BTC-USDT,67083.4,2.14046437,67084.2,67084.2,67029.7,67083.4
1770814380000,BTC-USDT,67075.1,0.78513255,67083.3,67105.9,67075.1,67075.1
1770814440000,BTC-USDT,67147.7,6.72298788,67072.9,67176.9,67071,67147.7
1770814500000,BTC-USDT,67140,1.70606805,67147.7,67184.3,67126.2,67140
1770814560000,BTC-USDT,67091,3.96936566,67137.2,67137.2,67087.6,67091
1770814620000,BTC-USDT,67151,3.28081183,67096.9,67165.2,67095.1,67151
1770814680000,BTC-USDT,67126.7,0.61193051,67151.1,67151.9,67113.5,67126.7
1770814740000,BTC-USDT,67143.8,0.60774272,67126.8,67143.9,67114.1,67143.8
1770814800000,BTC-USDT,67171,0.95909046,67143.9,67171,67123.8,67171
1770814860000,BTC-USDT,67148.6,1.84932879,67170.9,67191.9,67148.6,67148.6
1770814920000,BTC-USDT,67139,1.72160134,67145.8,67164.7,67125,67139
1770814980000,BTC-USDT,67102,1.86183552,67140,67153.8,67102,67102
1770815040000,BTC-USDT,67105.3,7.04308718,67103.2,67145.8,67100,67105.3
1770815100000,BTC-USDT,67139.1,3.29666597,67105.3,67150.7,67055.1,67139.1
1770815160000,BTC-USDT,67138.1,1.32278339,67139.1,67215.1,67125.4,67138.1
1770815220000,BTC-USDT,67110.1,0.58348582,67138,67166.1,67109.4,67110.1
1770815280000,BTC-USDT,66972,7.46785964,67110,67121.9,66972,66972
1770815340000,BTC-USDT,66990.3,1.74679264,66972,67025,66970,66990.3
1770815400000,BTC-USDT,66949.1,2.63231287,66990,66990,66926,66949.1
1770815460000,BTC-USDT,66909.9,7.50886834,66949.1,66949.1,66850.8,66909.9
1770815520000,BTC-USDT,66879.4,3.86519174,66909.9,66925.3,66850.1,66879.4
1770815580000,BTC-USDT,66920,4.33174825,66879.4,66920,66846.4,66920
1770815640000,BTC-USDT,66931.9,1.40865093,66919.9,66932.1,66902.9,66931.9
1770815700000,BTC-USDT,66903.6,10.51066524,66932,66932,66868,66903.6
1770815760000,BTC-USDT,66823.9,3.50699237,66903.6,66903.7,66815.1,66823.9
1770815820000,BTC-USDT,66856.9,2.20025563,66823.9,66872.2,66813.1,66856.9
1770815880000,BTC-USDT,66846,1.84290791,66856.9,66890.1,66845,66846
1770815940000,BTC-USDT,66836.1,3.19647925,66845.9,66876.9,66820,66836.1
1770816000000,BTC-USDT,66974,5.00890891,66836,66974.1,66836,66974
1770816060000,BTC-USDT,67001.4,6.99404662,66971,67043.3,66963.3,67001.4
1770816120000,BTC-USDT,66950.6,1.72587729,67001,67001.9,66947.3,66950.6
1770816180000,BTC-USDT,66945,3.62978286,66950.6,66968.9,66932.1,66945
1770816240000,BTC-USDT,66945.3,0.86467979,66945.2,66952.8,66924.4,66945.3
1770816300000,BTC-USDT,66891,5.47029513,66945.2,66945.2,66855.6,66891
1770816360000,BTC-USDT,66915,1.37024379,66890.9,66915,66888.3,66915
1770816420000,BTC-USDT,66944.4,1.70771326,66914.9,66954.6,66912,66944.4
1770816480000,BTC-USDT,66888.6,2.7562369,66944.5,66952.8,66888.5,66888.6
1770816540000,BTC-USDT,67035.9,10.57514429,66888.5,67040,66835.4,67035.9
1770816600000,BTC-USDT,66912,129.02605851,67026,67293.3,66910.7,66912
1770816660000,BTC-USDT,67187.6,17.00994786,66912,67208.9,66888.8,67187.6
1770816720000,BTC-USDT,67409,24.94817858,67191.7,67426.2,67180.1,67409
1770816780000,BTC-USDT,67429,82.43334684,67421.7,67674.8,67380.5,67429
1770816840000,BTC-USDT,67518,17.29613777,67424,67558.7,67422.2,67518
1770816900000,BTC-USDT,67328,10.51647912,67517.9,67517.9,67274.2,67328
1770816960000,BTC-USDT,67443,9.23405089,67332.6,67443,67265.8,67443
1770817020000,BTC-USDT,67268.5,5.89911669,67434,67434,67237.9,67268.5
1770817080000,BTC-USDT,67470.6,55.30971842,67277,67485.4,67253.9,67470.6
1770817140000,BTC-USDT,67460.1,20.11598203,67475.6,67493.9,67350.1,67460.1
1770817200000,BTC-USDT,67312.6,8.05459545,67460.2,67460.2,67288.5,67312.6
1770817260000,BTC-USDT,67301.5,5.72422572,67312.6,67321.6,67264.1,67301.5
1770817320000,BTC-USDT,67206.4,4.50839056,67300.3,67308.2,67206.4,67206.4
1770817380000,BTC-USDT,67167.5,6.11511735,67206.4,67238.1,67150,67167.5
1770817440000,BTC-USDT,67234,2.06191078,67172,67234,67165.4,67234
1770817500000,BTC-USDT,67270,3.36745449,67232,67294.1,67220,67270
1770817560000,BTC-USDT,67366,4.67371916,67264.3,67371.2,67260.1,67366
1770817620000,BTC-USDT,67292.9,2.04752419,67356,67362.9,67250,67292.9
1770817680000,BTC-USDT,67267.5,2.31358344,67292.9,67343.3,67258.2,67267.5
1770817740000,BTC-USDT,67258.1,7.10119004,67267.6,67291.6,67219.7,67258.1
1770817800000,BTC-USDT,67211.1,5.75753567,67258,67305.2,67211,67211.1
1770817860000,BTC-USDT,66992.9,11.17381436,67215.3,67218.2,66988,66992.9
1770817920000,BTC-USDT,66925.6,17.70284269,66998.3,67013.1,66925.6,66925.6
1770817980000,BTC-USDT,67041.2,4.35382375,66925.1,67052,66925.1,67041.2
1770818040000,BTC-USDT,67085.9,6.43148602,67041.2,67098.2,67012.4,67085.9
1770818100000,BTC-USDT,67200.9,11.9031508,67086,67224.7,67086,67200.9
1770818160000,BTC-USDT,67253.7,2.28711972,67203.1,67259.1,67203.1,67253.7
1770818220000,BTC-USDT,67358,5.99122515,67257.3,67381.3,67257.3,67358
1770818280000,BTC-USDT,67551.1,31.72828875,67357.9,67555,67357.9,67551.1
1770818340000,BTC-USDT,67454.9,10.69314641,67551.2,67551.2,67411.3,67454.9
1770818400000,BTC-USDT,67466.9,12.43242059,67454.9,67536,67440,67466.9
1770818460000,BTC-USDT,67528.9,9.79956113,67466.9,67538.7,67455,67528.9
1770818520000,BTC-USDT,67622.9,27.34958332,67530.6,67659.1,67476.5,67622.9
1770818580000,BTC-USDT,67786.1,31.01319143,67622.8,67838.8,67621.1,67786.1
1770818640000,BTC-USDT,67872.4,46.80694789,67786,67883,67724.4,67872.4
1770818700000,BTC-USDT,67830.8,13.68870873,67876.9,67876.9,67724.5,67830.8
1770818760000,BTC-USDT,67852,8.39019537,67833.9,67853.1,67708.6,67852
1770818820000,BTC-USDT,67957,34.70677883,67849.6,68018.3,67849.6,67957
1770818880000,BTC-USDT,67950.6,9.17606522,67953.1,67993.3,67910.2,67950.6
1770818940000,BTC-USDT,68010,9.32250848,67952,68011,67887.4,68010
1770819000000,BTC-USDT,68562,256.84125706,68010.1,68832.4,67976.1,68562
1770819060000,BTC-USDT,68435.9,39.5732678,68562.1,68619.9,68323,68435.9
1770819120000,BTC-USDT,68349,18.32502033,68436,68600,68300,68349
1770819180000,BTC-USDT,68375.2,15.6139317,68349,68514,68349,68375.2
1770819240000,BTC-USDT,68450.1,11.78038968,68375.2,68458,68300,68450.1
1770819300000,BTC-USDT,68505,19.5093217,68450,68579.9,68450,68505
1770819360000,BTC-USDT,68290.7,33.66224791,68497.1,68497.5,68227.8,68290.7
1770819420000,BTC-USDT,68329.8,6.47403716,68289,68349.5,68213.7,68329.8
1770819480000,BTC-USDT,68379.3,13.06215127,68328.1,68391,68284.8,68379.3
1770819540000,BTC-USDT,68313.4,18.28816415,68377.3,68379.9,68306.1,68313.4
1770819600000,BTC-USDT,68214.6,16.82080818,68313.3,68313.3,68202.9,68214.6
1770819660000,BTC-USDT,68145.3,12.31402058,68213,68248.8,68130.1,68145.3
1770819720000,BTC-USDT,67980,22.41071232,68145.2,68178,67965.8,67980
1770819780000,BTC-USDT,67995,3.37554653,67981,68022,67942.2,67995
1770819840000,BTC-USDT,67968.6,6.00720837,67994.2,68018,67949.1,67968.6
1770819900000,BTC-USDT,68084.3,17.00829521,67970.4,68098.6,67950,68084.3
1770819960000,BTC-USDT,68045.1,5.21949748,68084.2,68095,68000.1,68045.1
1770820020000,BTC-USDT,68000.1,9.34596391,68045.1,68052.5,67973,68000.1
1770820080000,BTC-USDT,67993.8,9.16902738,68000,68056.3,67982.1,67993.8
1770820140000,BTC-USDT,68003.3,5.19134986,67995.4,68069.8,67987.2,68003.3
1770820200000,BTC-USDT,68088.2,35.69547874,68004.3,68160.4,67910,68088.2
1770820260000,BTC-USDT,68216.2,22.43058176,68088.2,68248.3,67982.3,68216.2
1770820320000,BTC-USDT,68007.3,11.81733719,68213.2,68213.2,67911.5,68007.3
1770820380000,BTC-USDT,67901,14.93076712,68007,68009.4,67809,67901
1770820440000,BTC-USDT,67689.9,24.69320103,67899.6,67899.6,67623.4,67689.9
1770820500000,BTC-USDT,67600,31.98899389,67682.5,67710.7,67542.6,67600
1770820560000,BTC-USDT,67287.8,30.12177733,67600.1,67600.1,67276.5,67287.8
1770820620000,BTC-USDT,67490.9,10.97872435,67283.2,67581.8,67280,67490.9
1770820680000,BTC-USDT,67295.9,37.22599984,67499.9,67511.9,67187.6,67295.9
1770820740000,BTC-USDT,67253.6,46.44914234,67300,67384.9,67227.5,67253.6
1770820800000,BTC-USDT,67219,10.16599655,67254.9,67352.4,67172.2,67219
1770820860000,BTC-USDT,67108.4,21.82649898,67224.1,67266.8,67063.6,67108.4
1770820920000,BTC-USDT,67058.5,75.02152595,67116.9,67167.8,66947.8,67058.5
1770820980000,BTC-USDT,67160,31.63710763,67059.9,67200,67010.1,67160
1770821040000,BTC-USDT,67236.9,22.63563755,67156.8,67347.8,67156.8,67236.9
1770821100000,BTC-USDT,67294.4,47.094012,67236.9,67443,67139.6,67294.4
1770821160000,BTC-USDT,67075,9.98518015,67294.4,67370.1,67052.6,67075
1770821220000,BTC-USDT,67062,11.29806625,67084.9,67123,67040.8,67062
1770821280000,BTC-USDT,67044.9,24.914465,67061.9,67089.8,66989.1,67044.9
1770821340000,BTC-USDT,66909.5,27.04786191,67045.4,67075.9,66845,66909.5
1770821400000,BTC-USDT,66775.7,22.68810876,66915.1,66994.7,66765.9,66775.7
1770821460000,BTC-USDT,66916,22.98342572,66775.1,67019.2,66765.2,66916
1770821520000,BTC-USDT,66987.6,26.12029225,66916,67062.6,66854.2,66987.6
1770821580000,BTC-USDT,66997.4,7.82878897,66986.1,67078,66981.9,66997.4
1770821640000,BTC-USDT,66940,10.69288689,67005.3,67095.4,66940,66940
1770821700000,BTC-USDT,66888.1,16.41173147,66940,67060,66867.7,66888.1
1770821760000,BTC-USDT,66698,18.02042261,66886.1,66911.9,66682.8,66698
1770821820000,BTC-USDT,66549.9,74.68043971,66701.6,66714.6,66467.5,66549.9
1770821880000,BTC-USDT,66526.3,24.08120338,66549.9,66616.4,66444.6,66526.3
1770821940000,BTC-USDT,66587.7,5.083984,66525.3,66626.8,66491.5,66587.7
1770822000000,BTC-USDT,66359.7,39.05201421,66587.7,66683.4,66329.1,66359.7
1770822060000,BTC-USDT,66678.8,16.1466986,66363,66802,66363,66678.8
1770822120000,BTC-USDT,66595,13.97022101,66687.4,66720,66576.2,66595
1770822180000,BTC-USDT,66500.9,17.3713923,66589.7,66657.8,66495.2,66500.9
1770822240000,BTC-USDT,66428.9,11.00309845,66500.9,66500.9,66368.1,66428.9
1770822300000,BTC-USDT,66521.9,22.65417258,66426,66534.9,66402.8,66521.9
1770822360000,BTC-USDT,66286.2,21.60588498,66521.8,66586.5,66258.9,66286.2
1770822420000,BTC-USDT,66134,56.29433924,66284,66295,66100.1,66134
1770822480000,BTC-USDT,65888.1,97.03484285,66132.1,66145.5,65888,65888.1
1770822540000,BTC-USDT,65952.4,44.89921667,65888.1,66020.6,65865.2,65952.4
1770822600000,BTC-USDT,66065,39.36469809,65947,66166.5,65870.3,66065
1770822660000,BTC-USDT,66111.1,12.49797121,66065.1,66119.9,65970.3,66111.1
1770822720000,BTC-USDT,65826.9,148.82727316,66111,66113,65808.9,65826.9
1770822780000,BTC-USDT,65806.4,17.08644237,65828.7,65897.8,65759.1,65806.4
1770822840000,BTC-USDT,66117.1,11.62313471,65803.3,66117.1,65796,66117.1
1770822900000,BTC-USDT,66004,14.66255737,66107.2,66196.5,65928,66004
1770822960000,BTC-USDT,65958.9,7.61098452,66004,66095.8,65900,65958.9
1770823020000,BTC-USDT,66163.1,22.55685102,65952.7,66175.5,65952.7,66163.1
1770823080000,BTC-USDT,66316.9,23.37557773,66163.1,66318.1,66118.9,66316.9
1770823140000,BTC-USDT,66233.9,33.44793373,66310.1,66424,66215,66233.9
1770823200000,BTC-USDT,66159.9,6.80687146,66224,66291.6,66150,66159.9
1770823260000,BTC-USDT,66386,9.63614389,66159.9,66440,66101.6,66386
1770823320000,BTC-USDT,66332.1,23.34610274,66393.1,66542.8,66322.3,66332.1
1770823380000,BTC-USDT,66299,9.12285117,66337.4,66428.9,66250,66299
1770823440000,BTC-USDT,66168.2,18.90779744,66310.9,66332.4,66140.1,66168.2
1770823500000,BTC-USDT,66221.2,17.23068717,66171.9,66304.1,66133.7,66221.2
1770823560000,BTC-USDT,65970.5,16.12600625,66220.1,66220.1,65963.7,65970.5
1770823620000,BTC-USDT,66051.4,10.32237189,65963.8,66127,65903.8,66051.4
1770823680000,BTC-USDT,66228.7,12.11416907,66056,66302,66035.6,66228.7
1770823740000,BTC-USDT,66194.9,11.49741583,66229,66361.9,66178.3,66194.9
1770823800000,BTC-USDT,66246.1,7.8176119,66194.8,66249,66117.1,66246.1
1770823860000,BTC-USDT,66328.7,13.44233451,66247,66368.4,66175.5,66328.7
1770823920000,BTC-USDT,66387.3,13.58296639,66330,66387.3,66216.9,66387.3
1770823980000,BTC-USDT,66310.2,7.85536291,66381.4,66412.9,66243,66310.2
1770824040000,BTC-USDT,66355.9,4.02350598,66310.3,66378.3,66273.1,66355.9
1770824100000,BTC-USDT,66457,18.08509238,66356,66460,66304.1,66457
1770824160000,BTC-USDT,66336,7.42146246,66458.6,66507.9,66329.1,66336
1770824220000,BTC-USDT,66306.6,5.26190997,66336.1,66382.9,66240.1,66306.6
1770824280000,BTC-USDT,66335.2,6.15957835,66313.7,66367.9,66271.1,66335.2
1770824340000,BTC-USDT,66399,3.43984593,66333.2,66448.9,66330,66399
1770824400000,BTC-USDT,66561.6,5.99349044,66399.1,66561.6,66395,66561.6
1770824460000,BTC-USDT,66634.6,48.91187248,66561.6,66711.6,66554.1,66634.6
1770824520000,BTC-USDT,66682.4,13.63417098,66628.2,66779.5,66506.2,66682.4
1770824580000,BTC-USDT,66722.5,7.20034186,66682.4,66738.2,66614,66722.5
1770824640000,BTC-USDT,66762.8,9.02574663,66718.2,66814.8,66704.9,66762.8
1770824700000,BTC-USDT,66745.9,3.95745967,66762.9,66816.7,66720.1,66745.9
1770824760000,BTC-USDT,66618.7,4.09352344,66750.1,66756.1,66616.2,66618.7
1770824820000,BTC-USDT,66577.9,5.31374049,66618.7,66627.7,66540,66577.9
1770824880000,BTC-USDT,66383.5,4.96988798,66577.9,66577.9,66381.8,66383.5
1770824940000,BTC-USDT,66189.6,25.72175238,66384.1,66437.9,66185.5,66189.6
1770825000000,BTC-USDT,66209.5,11.29286617,66189,66241.8,66064.8,66209.5
1770825060000,BTC-USDT,66318,5.53829152,66208,66318,66155.9,66318
1770825120000,BTC-USDT,66388.9,6.03820807,66314.1,66428.4,66286.4,66388.9
1770825180000,BTC-USDT,66477.6,12.1345243,66383,66477.6,66365.1,66477.6
1770825240000,BTC-USDT,66547,14.44303804,66477.3,66614.5,66465,66547
1770825300000,BTC-USDT,66595.2,8.81089633,66542.1,66595.2,66457.3,66595.2
1770825360000,BTC-USDT,66554.1,10.81226704,66595.3,66693.4,66550.1,66554.1
1770825420000,BTC-USDT,66538.4,3.0720686,66557.9,66667,66531.8,66538.4
1770825480000,BTC-USDT,66577.1,3.72197613,66540.1,66577.1,66509,66577.1
1770825540000,BTC-USDT,66522,1.91819259,66577.2,66595.1,66483.4,66522
1770825600000,BTC-USDT,66453.2,3.86331009,66518.5,66552.2,66421.2,66453.2
1770825660000,BTC-USDT,66504.9,4.10290058,66455.5,66512.8,66419.8,66504.9
1770825720000,BTC-USDT,66531.9,10.09031362,66501.9,66622.1,66480.1,66531.9
1770825780000,BTC-USDT,66485,4.54048001,66531.8,66588,66476.3,66485
1770825840000,BTC-USDT,66559.6,10.10397818,66485,66661.9,66478.2,66559.6
1770825900000,BTC-USDT,66594,8.61671854,66560.6,66614.9,66516.8,66594
1770825960000,BTC-USDT,66687.8,7.93520137,66591.6,66695.1,66560.1,66687.8
1770826020000,BTC-USDT,66628.9,5.33999182,66687.6,66699.1,66620.6,66628.9
1770826080000,BTC-USDT,66686.1,4.03136583,66628.8,66704.4,66603.2,66686.1
1770826140000,BTC-USDT,66688,2.1417103,66685.3,66722.5,66660,66688
1770826200000,BTC-USDT,66901.9,12.65792411,66688,66943.2,66667.7,66901.9
1770826260000,BTC-USDT,67022,34.4656627,66906.8,67031.1,66887,67022
1770826320000,BTC-USDT,67130.3,14.3300913,67017.9,67145,66960,67130.3
1770826380000,BTC-USDT,67196.7,29.42426645,67128,67254.9,67067.4,67196.7
1770826440000,BTC-USDT,67157.1,13.87449762,67196.6,67227.7,67053.6,67157.1
1770826500000,BTC-USDT,66969.1,6.11674765,67150.2,67193.9,66969.1,66969.1
1770826560000,BTC-USDT,66966.7,4.23853157,66975.1,67014.1,66928.5,66966.7
1770826620000,BTC-USDT,66958.2,4.25640249,66966.8,67016.2,66903.5,66958.2
1770826680000,BTC-USDT,66926,3.67908725,66958.2,66978,66910.2,66926
1770826740000,BTC-USDT,66996.5,5.02288862,66926,67010.5,66890,66996.5
1770826800000,BTC-USDT,67120.1,5.83410996,66990.9,67157.7,66988.9,67120.1
1770826860000,BTC-USDT,66895.7,8.32044172,67120,67184.6,66877.6,66895.7
1770826920000,BTC-USDT,66993.9,2.3726552,66893,66993.9,66859.4,66993.9
1770826980000,BTC-USDT,66962.9,4.42389836,66997,67014.1,66855.2,66962.9
1770827040000,BTC-USDT,66914.9,2.73706868,66963,66985.7,66902.5,66914.9
1770827100000,BTC-USDT,66924.9,2.30250635,66915,66991.8,66902.5,66924.9
1770827160000,BTC-USDT,66731.6,14.55454673,66923.9,66924,66718.7,66731.6
1770827220000,BTC-USDT,66707.8,10.90707103,66736.6,66750.8,66662.5,66707.8
1770827280000,BTC-USDT,66652.9,9.27866868,66707.8,66707.8,66576.8,66652.9
1770827340000,BTC-USDT,66601.9,5.53014905,66654.5,66660.2,66579.3,66601.9
1770827400000,BTC-USDT,66691,5.84643679,66601.9,66708.8,66563.9,66691
1770827460000,BTC-USDT,66652,16.14864955,66691,66730.9,66627.5,66652
1770827520000,BTC-USDT,66656,2.74629045,66657.4,66718.2,66633.1,66656
1770827580000,BTC-USDT,66608.9,6.50782347,66656,66689.8,66569.1,66608.9
1770827640000,BTC-USDT,66620.5,1.98415984,66608.9,66662.5,66600,66620.5
1770827700000,BTC-USDT,66371.8,30.24122708,66635.3,66662.2,66371.8,66371.8
1770827760000,BTC-USDT,66297.1,13.50192499,66371.9,66459.4,66297.1,66297.1
1770827820000,BTC-USDT,66180.1,18.26881241,66297.1,66340,66180,66180.1
1770827880000,BTC-USDT,66277.9,13.892279,66180,66280,66158.3,66277.9
1770827940000,BTC-USDT,66335.8,4.73853334,66279.9,66335.8,66238.3,66335.8
1770828000000,BTC-USDT,66455.6,5.19608471,66336.4,66455.6,66336.4,66455.6
1770828060000,BTC-USDT,66382,2.43799598,66455.6,66457.3,66376.1,66382
1770828120000,BTC-USDT,66405.7,1.3741976,66382.1,66442.8,66360,66405.7
1770828180000,BTC-USDT,66307,1.95395473,66403.5,66403.5,66302,66307
1770828240000,BTC-USDT,66134.9,40.94236546,66308.9,66349.1,66114.9,66134.9
1770828300000,BTC-USDT,66231.5,12.15863273,66134.7,66243.8,66111.2,66231.5
1770828360000,BTC-USDT,66272,2.11327807,66231.4,66288.3,66206.3,66272
1770828420000,BTC-USDT,66240,2.8331577,66269,66321.4,66240,66240
1770828480000,BTC-USDT,66077,27.69470917,66239.9,66268.1,66053,66077
1770828540000,BTC-USDT,66035.5,42.00705254,66076.9,66117.4,65957.4,66035.5
1770828600000,BTC-USDT,66085.5,4.0984371,66033,66135,65980.1,66085.5
1770828660000,BTC-USDT,66052.3,5.99760687,66089.7,66138,66052.3,66052.3
1770828720000,BTC-USDT,66191.2,3.44924868,66040.1,66202.3,66040,66191.2
1770828780000,BTC-USDT,66151.1,3.24351062,66185.3,66196.4,66125.1,66151.1
1770828840000,BTC-USDT,66168,3.5288211,66151.1,66185.4,66110.8,66168
1770828900000,BTC-USDT,66185,3.03771673,66166,66211.7,66144.9,66185
1770828960000,BTC-USDT,66100.1,5.21886883,66184.9,66205.9,66082.1,66100.1
1770829020000,BTC-USDT,66075.6,14.31034012,66100.1,66137.5,66042.2,66075.6
1770829080000,BTC-USDT,66046,11.1456861,66075.7,66128.2,66043.1,66046
1770829140000,BTC-USDT,66039.1,1.06543622,66046.1,66060.8,66034.5,66039.1
1770829200000,BTC-USDT,66083.1,7.64449173,66039,66085.3,65958,66083.1
1770829260000,BTC-USDT,65980.8,4.35763347,66083,66083,65940,65980.8
1770829320000,BTC-USDT,65909.1,6.83453506,65981.9,65999.9,65877.6,65909.1
1770829380000,BTC-USDT,66030.5,7.67939569,65911.9,66041.4,65897.7,66030.5
1770829440000,BTC-USDT,65996.7,7.07325343,66027.7,66112.8,65991.3,65996.7
1770829500000,BTC-USDT,66057.8,4.79455712,65996.7,66089,65990.1,66057.8
1770829560000,BTC-USDT,66060.1,16.30440859,66057.9,66142.6,66036.7,66060.1
1770829620000,BTC-USDT,66173.7,8.54292653,66063.8,66173.7,66063.7,66173.7
1770829680000,BTC-USDT,66129.4,8.62231945,66173.7,66206.7,66086.3,66129.4
1770829740000,BTC-USDT,66230.4,5.24833442,66129.4,66241.3,66129.4,66230.4
1770829800000,BTC-USDT,66232.2,12.6833571,66229,66289.9,66181.4,66232.2
1770829860000,BTC-USDT,66171.4,5.81109191,66232.3,66323.5,66158.5,66171.4
1770829920000,BTC-USDT,66299,3.92792687,66176.9,66299.1,66176.3,66299
1770829980000,BTC-USDT,66242.1,1.54456221,66299,66299,66232.6,66242.1
1770830040000,BTC-USDT,66269,3.59513607,66242.2,66352.4,66242.1,66269
1770830100000,BTC-USDT,66339.4,3.0895027,66270,66347.8,66270,66339.4
1770830160000,BTC-USDT,66394.2,3.2827286,66340,66442,66294.8,66394.2
1770830220000,BTC-USDT,66423,2.88038011,66402,66467.8,66386.1,66423
1770830280000,BTC-USDT,66305,5.9538693,66422.9,66439.4,66280.1,66305
1770830340000,BTC-USDT,66378.1,4.37678017,66305,66390.1,66280,66378.1
1770830400000,BTC-USDT,66427.9,11.98568049,66378.2,66480.5,66378.2,66427.9
1770830460000,BTC-USDT,66460.1,4.01553866,66424.3,66499.9,66400,66460.1
1770830520000,BTC-USDT,66534.8,5.26372772,66469.2,66553.5,66453,66534.8
1770830580000,BTC-USDT,66567.6,9.51464808,66538.5,66646.2,66524.1,66567.6
1770830640000,BTC-USDT,66501.5,27.14409973,66568.2,66611.2,66501.4,66501.5
1770830700000,BTC-USDT,66708.4,8.11355113,66501.5,66725.5,66501.5,66708.4
1770830760000,BTC-USDT,66651.9,10.25721336,66708.3,66748.9,66600,66651.9
1770830820000,BTC-USDT,66614.6,3.16563727,66662.5,66694.3,66596.5,66614.6
1770830880000,BTC-USDT,66637.6,5.39855065,66614.5,66653.4,66554.6,66637.6
1770830940000,BTC-USDT,66660,2.4978786,66631,66688.9,66630.9,66660
1770831000000,BTC-USDT,66604.3,3.66454138,66656.7,66693.5,66580.1,66604.3
1770831060000,BTC-USDT,66805,7.66128122,66605,66825.2,66605,66805
1770831120000,BTC-USDT,66616.4,1.49385101,66804.9,66805.6,66616.4,66616.4
1770831180000,BTC-USDT,66794.9,4.91979638,66616,66814.1,66614.1,66794.9
1770831240000,BTC-USDT,66759.3,2.29530169,66793.8,66805.4,66753.2,66759.3
1770831300000,BTC-USDT,66822,5.16579677,66766.3,66857.1,66740,66822
1770831360000,BTC-USDT,66828.9,2.21215595,66822.3,66874.8,66765.4,66828.9
1770831420000,BTC-USDT,66895.9,8.15896442,66828.8,66916.6,66771.6,66895.9
1770831480000,BTC-USDT,66846.9,10.45469215,66894.2,66916.5,66744.8,66846.9
1770831540000,BTC-USDT,66737.6,3.52496955,66847.2,66850.9,66737.6,66737.6
1770831600000,BTC-USDT,66667.2,2.10236842,66737.6,66794.1,66654.5,66667.2
1770831660000,BTC-USDT,66676.2,7.86061622,66668.7,66713.2,66567,66676.2
1770831720000,BTC-USDT,66667.9,1.87995954,66676.2,66684.6,66588.1,66667.9
1770831780000,BTC-USDT,66587.4,5.58669883,66664.4,66664.4,66549.3,66587.4
1770831840000,BTC-USDT,66613.7,5.75538311,66587.4,66613.7,66547.2,66613.7
1770831900000,BTC-USDT,66490.3,8.47307599,66613.8,66622.1,66470.5,66490.3
1770831960000,BTC-USDT,66509.4,15.70187683,66489.1,66556,66450.7,66509.4
1770832020000,BTC-USDT,66607.1,4.91369149,66509.5,66614.8,66509.5,66607.1
1770832080000,BTC-USDT,66591.7,1.9353522,66607.1,66645.6,66591.7,66591.7
1770832140000,BTC-USDT,66645.5,0.86894072,66591.8,66657.2,66581.5,66645.5
1770832200000,BTC-USDT,66657.9,3.42099149,66650.9,66699.9,66605.6,66657.9
1770832260000,BTC-USDT,66727.8,3.95656356,66658,66774.2,66640,66727.8
1770832320000,BTC-USDT,66771.7,4.51956752,66726.9,66780.2,66715.7,66771.7
1770832380000,BTC-USDT,66731,1.06616486,66771.7,66772,66723.8,66731
1770832440000,BTC-USDT,66676,2.48279686,66730.6,66742,66595.6,66676
1770832500000,BTC-USDT,66615,2.36008013,66676,66689.7,66615,66615
1770832560000,BTC-USDT,66604.1,12.06479052,66615.1,66656.2,66582.2,66604.1
1770832620000,BTC-USDT,66624.8,5.32545371,66604.1,66662.5,66604.1,66624.8
1770832680000,BTC-USDT,66562.8,5.11557498,66624.7,66624.7,66549.3,66562.8
1770832740000,BTC-USDT,66522.1,5.42323441,66562.6,66565.4,66522,66522.1
1770832800000,BTC-USDT,66549.2,1.15683774,66522.1,66549.2,66516,66549.2
1770832860000,BTC-USDT,66487.6,0.93726432,66554.5,66557.4,66485,66487.6
1770832920000,BTC-USDT,66443.3,5.77295219,66487.6,66524.1,66400,66443.3
1770832980000,BTC-USDT,66390.9,6.61392656,66444.8,66491.7,66382.9,66390.9
1770833040000,BTC-USDT,66378.9,3.61727034,66391,66491.6,66378.9,66378.9
1770833100000,BTC-USDT,66323,7.38170233,66378.9,66378.9,66294,66323
1770833160000,BTC-USDT,66274,3.88109171,66323,66369,66274,66274
1770833220000,BTC-USDT,66323.2,4.96465008,66276.7,66323.2,66225.9,66323.2
1770833280000,BTC-USDT,66297.6,3.68444583,66325.8,66347.8,66280,66297.6
1770833340000,BTC-USDT,66259.4,3.33032805,66300,66305.9,66253.6,66259.4
1770833400000,BTC-USDT,66222.1,6.54909649,66259.4,66259.4,66153.9,66222.1
1770833460000,BTC-USDT,66292.8,2.9105333,66222.2,66301.2,66185.4,66292.8
1770833520000,BTC-USDT,66356.7,2.6399628,66292.9,66358.8,66259.5,66356.7
1770833580000,BTC-USDT,66414.1,4.23954141,66357.1,66453,66340.1,66414.1
1770833640000,BTC-USDT,66469,3.9999143,66414,66479.1,66403.9,66469
1770833700000,BTC-USDT,66512.2,4.69920084,66469,66513,66455.4,66512.2
1770833760000,BTC-USDT,66715.3,6.75566591,66511.4,66727.9,66509.6,66715.3
1770833820000,BTC-USDT,66718.2,9.43755757,66715.4,66809.9,66708,66718.2
1770833880000,BTC-USDT,66802.8,2.2734326,66720,66802.8,66686,66802.8
1770833940000,BTC-USDT,66773.3,1.22627803,66803.6,66803.7,66751.4,66773.3
1770834000000,BTC-USDT,66683.4,2.07189356,66772.1,66809.9,66671.3,66683.4
1770834060000,BTC-USDT,66794.7,9.35609857,66684,66879.3,66684,66794.7
1770834120000,BTC-USDT,66811,1.97581394,66792.4,66819.1,66750,66811
1770834180000,BTC-USDT,66748.4,2.18257148,66805.8,66813.9,66740,66748.4
1770834240000,BTC-USDT,66931.9,3.84921936,66749.1,66964.9,66748,66931.9
1770834300000,BTC-USDT,66899,4.27771382,66931.2,66979.5,66876,66899
1770834360000,BTC-USDT,66864,8.03374156,66899,66919,66864,66864
1770834420000,BTC-USDT,66920.1,2.23376091,66861.1,66935.6,66856.8,66920.1
1770834480000,BTC-USDT,66918.2,82.74806661,66919.1,67060,66918.2,66918.2
1770834540000,BTC-USDT,66921.9,2.94659019,66918.2,66948,66913,66921.9
1770834600000,BTC-USDT,66862.9,5.10480355,66922,66972.1,66854.1,66862.9
1770834660000,BTC-USDT,66916.9,2.47614802,66862.9,66931.6,66858.8,66916.9
1770834720000,BTC-USDT,66875.8,7.45495735,66917,66917,66801.9,66875.8
1770834780000,BTC-USDT,66881.9,1.23781993,66875.9,66891.5,66860,66881.9
1770834840000,BTC-USDT,66860.1,1.91998211,66881.4,66908,66860,66860.1
1770834900000,BTC-USDT,66884.6,3.14129403,66860,66923.2,66836.7,66884.6
1770834960000,BTC-USDT,66892.8,1.24794862,66884.6,66905.7,66864.7,66892.8
1770835020000,BTC-USDT,66947.1,2.31929568,66892.7,67013,66892.7,66947.1
1770835080000,BTC-USDT,67093.8,31.49079669,66941,67105.1,66941,67093.8
1770835140000,BTC-USDT,67094.8,6.66143344,67093.9,67148.8,67063,67094.8
1770835200000,BTC-USDT,67024.1,5.19864448,67094.8,67198,67024,67024.1
1770835260000,BTC-USDT,66973.7,6.99433632,67024,67044,66973.7,66973.7
1770835320000,BTC-USDT,66974.9,2.2472222,66974.9,66996.2,66939.5,66974.9
1770835380000,BTC-USDT,67010,3.21026221,66974.9,67012.1,66961.6,67010
1770835440000,BTC-USDT,67028.9,2.42218304,67008.2,67042.5,67004.9,67028.9
1770835500000,BTC-USDT,67026,2.39244393,67030.6,67070.9,67000.3,67026
1770835560000,BTC-USDT,67176.7,11.27322033,67025.9,67179,67023.9,67176.7
1770835620000,BTC-USDT,67146,2.41385503,67171.3,67205.1,67144.7,67146
1770835680000,BTC-USDT,67160,1.57257538,67145.9,67196,67131.1,67160
1770835740000,BTC-USDT,67221.2,5.33215295,67162.5,67221.2,67153,67221.2
1770835800000,BTC-USDT,67215,11.74844882,67221.2,67267.2,67082.2,67215
1770835860000,BTC-USDT,67153.9,2.97749307,67219.4,67219.4,67146,67153.9
1770835920000,BTC-USDT,67222.3,5.37308635,67153,67222.4,67126,67222.3
1770835980000,BTC-USDT,67213.1,5.17071985,67222,67269.2,67201,67213.1
1770836040000,BTC-USDT,67238.9,6.76659813,67213.1,67249.9,67189.5,67238.9
1770836100000,BTC-USDT,67279.9,5.59006076,67243.3,67289.3,67220,67279.9
1770836160000,BTC-USDT,67249.9,2.5350938,67279.1,67307.2,67247.3,67249.9
1770836220000,BTC-USDT,67229.9,2.2788716,67249.9,67279.9,67214,67229.9
1770836280000,BTC-USDT,67271.5,5.76430179,67229.9,67271.5,67181,67271.5
1770836340000,BTC-USDT,67276.7,2.22368177,67271.5,67291.4,67266.7,67276.7
1770836400000,BTC-USDT,67218.7,3.84504775,67276.7,67307.6,67198.4,67218.7
1770836460000,BTC-USDT,67179.9,2.66534949,67218.7,67255.8,67169,67179.9
1770836520000,BTC-USDT,67125.1,2.74006875,67179.9,67198,67125.1,67125.1
1770836580000,BTC-USDT,67159.1,5.70785982,67125.1,67173.2,67115.4,67159.1
1770836640000,BTC-USDT,67367,4.29829322,67159.1,67379.1,67159.1,67367
1770836700000,BTC-USDT,67399.1,15.58081806,67367,67443.5,67327.5,67399.1
1770836760000,BTC-USDT,67290.6,8.93192367,67404.5,67416.2,67250,67290.6
1770836820000,BTC-USDT,67575.8,25.72682182,67290.5,67600,67279.6,67575.8
1770836880000,BTC-USDT,67525,7.87750958,67575.7,67611.7,67468.3,67525
1770836940000,BTC-USDT,67459.2,25.6907817,67525,67668.2,67405,67459.2
1770837000000,BTC-USDT,67428.3,15.50574358,67459.1,67523.2,67420,67428.3
1770837060000,BTC-USDT,67520.8,7.95230627,67430.6,67537.9,67413.1,67520.8
1770837120000,BTC-USDT,67538.1,2.39538775,67526.3,67586.2,67501.8,67538.1
1770837180000,BTC-USDT,67669.5,10.90301504,67538.1,67686.5,67538.1,67669.5
1770837240000,BTC-USDT,67635.6,5.32913764,67665,67681.3,67607.1,67635.6
1770837300000,BTC-USDT,67624.4,13.00341459,67635,67676.6,67540.8,67624.4
1770837360000,BTC-USDT,67707.7,6.05567441,67627.4,67749.9,67627.4,67707.7
1770837420000,BTC-USDT,67695,4.37430542,67707.9,67759.9,67643.1,67695
1770837480000,BTC-USDT,67612,4.64302612,67699.8,67726.1,67608,67612
1770837540000,BTC-USDT,67507.1,3.34402154,67601,67601,67486.1,67507.1
1770837600000,BTC-USDT,67468.9,4.23934688,67507.1,67508.9,67425,67468.9
1770837660000,BTC-USDT,67512.2,2.7131391,67468.9,67522.4,67468.9,67512.2
1770837720000,BTC-USDT,67540.9,2.928641,67512.2,67577,67501.9,67540.9
1770837780000,BTC-USDT,67587.5,2.43484394,67539.7,67649.4,67539.6,67587.5
1770837840000,BTC-USDT,67584.4,0.88666339,67591.9,67634,67576,67584.4
1770837900000,BTC-USDT,67608.1,1.27658139,67587.3,67613.8,67539.2,67608.1
1770837960000,BTC-USDT,67545.9,2.02071917,67608,67625.8,67522.6,67545.9
1770838020000,BTC-USDT,67548,0.76723903,67545.8,67576.8,67532.3,67548
1770838080000,BTC-USDT,67442.2,4.21367978,67548,67571.3,67442,67442.2
1770838140000,BTC-USDT,67429.4,4.68093071,67446.9,67466.5,67421.7,67429.4
1770838200000,BTC-USDT,67338.9,4.02508449,67429.4,67444,67307.6,67338.9
1770838260000,BTC-USDT,67349.3,1.52305646,67338.9,67415,67322.2,67349.3
1770838320000,BTC-USDT,67368.8,2.25380776,67351.4,67415,67330.1,67368.8
1770838380000,BTC-USDT,67398.8,1.96512318,67369.9,67408.9,67361.2,67398.8
1770838440000,BTC-USDT,67470.1,5.96661586,67397,67476,67391.3,67470.1
1770838500000,BTC-USDT,67466.9,0.8617716,67470.1,67472.9,67431.8,67466.9
1770838560000,BTC-USDT,67604.5,3.25257171,67466.9,67612,67466.9,67604.5
1770838620000,BTC-USDT,67647.6,9.34773909,67604.5,67683,67603.1,67647.6
1770838680000,BTC-USDT,67672,1.93772763,67648.9,67688.1,67639.6,67672
1770838740000,BTC-USDT,67651.4,2.92995529,67672,67708.2,67644.1,67651.4
1770838800000,BTC-USDT,67741,3.55846322,67651.4,67760,67642,67741
1770838860000,BTC-USDT,67706.9,9.35675258,67741,67784,67694,67706.9
1770838920000,BTC-USDT,67805.6,7.19320117,67707,67817.9,67707,67805.6
1770838980000,BTC-USDT,67780.6,5.83166858,67805.6,67854.8,67780.6,67780.6
1770839040000,BTC-USDT,67797.2,2.80514571,67780,67799.9,67758.6,67797.2
1770839100000,BTC-USDT,67619.9,9.48370699,67793.5,67837.9,67619.9,67619.9
1770839160000,BTC-USDT,67774.9,5.74397688,67625,67806,67618.2,67774.9
1770839220000,BTC-USDT,67710,2.97222938,67774.8,67774.8,67686,67710
1770839280000,BTC-USDT,67635,7.43737855,67705,67736.6,67621.3,67635
1770839340000,BTC-USDT,67641.7,1.9728525,67637,67686.9,67627.2,67641.7
1770839400000,BTC-USDT,67637.9,4.63435964,67641.8,67674.2,67596.1,67637.9
1770839460000,BTC-USDT,67681.8,5.77952741,67637.9,67685.9,67601,67681.8
1770839520000,BTC-USDT,67667.1,2.63167413,67679,67716.7,67644.1,67667.1
1770839580000,BTC-USDT,67631.3,1.54789718,67667.1,67670,67600,67631.3
1770839640000,BTC-USDT,67585.8,1.67072549,67631.3,67633.9,67524,67585.8
1770839700000,BTC-USDT,67558.7,2.42689186,67584.4,67584.4,67525.7,67558.7
1770839760000,BTC-USDT,67560.4,2.68445592,67558.7,67619.2,67556,67560.4
1770839820000,BTC-USDT,67614.2,3.52837755,67560.5,67614.2,67526.7,67614.2
1770839880000,BTC-USDT,67582,1.59625805,67615.9,67625,67570.2,67582
1770839940000,BTC-USDT,67588.1,1.55387233,67581.9,67606.1,67576.5,67588.1
1770840000000,BTC-USDT,67567.1,2.54089193,67588,67594.4,67538.3,67567.1
1770840060000,BTC-USDT,67696.5,4.12510651,67567.2,67736.9,67567.2,67696.5
1770840120000,BTC-USDT,67639.9,2.60698324,67694.1,67717.2,67627.9,67639.9
1770840180000,BTC-USDT,67606.8,1.18644293,67640,67678.7,67606.8,67606.8
1770840240000,BTC-USDT,67633.7,1.85951809,67608.7,67675.3,67595.3,67633.7
1770840300000,BTC-USDT,67556,3.6608847,67630.9,67630.9,67544.8,67556
1770840360000,BTC-USDT,67450.7,2.92388631,67554.7,67572.9,67427.8,67450.7
1770840420000,BTC-USDT,67510,3.0212898,67451,67542.7,67432.1,67510
1770840480000,BTC-USDT,67498.3,2.20994202,67509.9,67542.7,67498.3,67498.3
1770840540000,BTC-USDT,67534.5,3.5747917,67498.3,67576,67495,67534.5
1770840600000,BTC-USDT,67518.4,4.10557029,67534.4,67606.6,67518.3,67518.4
1770840660000,BTC-USDT,67543.3,3.17358706,67518.4,67579,67509.5,67543.3
1770840720000,BTC-USDT,67555.9,1.77475135,67543.4,67582.9,67505.6,67555.9
1770840780000,BTC-USDT,67617.6,4.13738884,67555.9,67631,67555.9,67617.6
1770840840000,BTC-USDT,67653,3.42708302,67617.6,67662,67617.4,67653
1770840900000,BTC-USDT,67721.2,3.68353523,67653,67744.3,67630,67721.2
1770840960000,BTC-USDT,67646,5.58323631,67721.2,67755.7,67627.4,67646
1770841020000,BTC-USDT,67677,7.45285075,67646.1,67683.9,67566.7,67677
1770841080000,BTC-USDT,67638,4.98403111,67676.9,67676.9,67609.7,67638
1770841140000,BTC-USDT,67591.3,2.11755174,67636,67636,67580.1,67591.3
1770841200000,BTC-USDT,67562.7,1.0591526,67588.9,67610.7,67542.8,67562.7
1770841260000,BTC-USDT,67583,1.15812326,67564.8,67625.9,67564.8,67583
1770841320000,BTC-USDT,67519,2.22270906,67583,67583,67495.1,67519
1770841380000,BTC-USDT,67524.8,1.40734377,67519.1,67524.8,67481.4,67524.8
1770841440000,BTC-USDT,67457.9,4.47371903,67523.3,67523.3,67426.3,67457.9
1770841500000,BTC-USDT,67389.2,4.21930701,67460,67471.7,67387.7,67389.2
1770841560000,BTC-USDT,67332.6,9.78213598,67390.6,67391,67299,67332.6
1770841620000,BTC-USDT,67293.4,3.5159319,67328.5,67339.3,67267,67293.4
1770841680000,BTC-USDT,67293.7,2.64782916,67293.4,67325.5,67274,67293.7
1770841740000,BTC-USDT,67218.7,9.81312031,67293.8,67308.7,67211,67218.7
1770841800000,BTC-USDT,67222,5.19711742,67215.6,67240.1,67184.4,67222
1770841860000,BTC-USDT,67274.8,2.67801894,67224.8,67287,67224.8,67274.8
1770841920000,BTC-USDT,67267.7,2.73706363,67274.9,67334.9,67247.1,67267.7
1770841980000,BTC-USDT,67287,1.05604028,67267.8,67301.6,67258.1,67287
1770842040000,BTC-USDT,67325.8,1.70722763,67290.1,67327,67275.3,67325.8
1770842100000,BTC-USDT,67285.8,2.06612816,67323.9,67350.5,67285.8,67285.8
1770842160000,BTC-USDT,67367.8,1.69981788,67285.7,67419.3,67282.1,67367.8
1770842220000,BTC-USDT,67367.3,2.81740628,67367.6,67435,67354.3,67367.3
1770842280000,BTC-USDT,67396.2,5.46194075,67367.3,67400.9,67354,67396.2
1770842340000,BTC-USDT,67388.7,1.82775711,67396.7,67428.5,67380.8,67388.7
1770842400000,BTC-USDT,67427.4,7.84512126,67388,67428.4,67358.2,67427.4
1770842460000,BTC-USDT,67339.3,14.05671621,67426,67426,67339.3,67339.3
1770842520000,BTC-USDT,67333.2,3.49715528,67339.3,67339.8,67316.8,67333.2
1770842580000,BTC-USDT,67315.8,2.34600862,67332.8,67336.5,67298,67315.8
1770842640000,BTC-USDT,67330.1,4.46247229,67315.8,67334.2,67309,67330.1
1770842700000,BTC-USDT,67300.4,1.98400515,67310.9,67336.7,67293.1,67300.4
1770842760000,BTC-USDT,67354,5.29746254,67300.9,67369.1,67295,67354
1770842820000,BTC-USDT,67471.6,3.59088983,67351,67479.1,67346.1,67471.6
1770842880000,BTC-USDT,67642.1,7.09573313,67471.6,67649.9,67471.6,67642.1
1770842940000,BTC-USDT,67634.5,2.78273813,67643.9,67659.3,67614.2,67634.5
1770843000000,BTC-USDT,67565,3.93093234,67634.4,67645.9,67552.9,67565
1770843060000,BTC-USDT,67536,2.06089912,67565.1,67579,67532.8,67536
1770843120000,BTC-USDT,67564.4,1.15696186,67535.9,67569.3,67501.2,67564.4
1770843180000,BTC-USDT,67533.8,2.01422408,67564.3,67605.6,67532.9,67533.8
1770843240000,BTC-USDT,67500.1,1.61519589,67532.1,67550.9,67500,67500.1
1770843300000,BTC-USDT,67538.9,2.09838968,67502.9,67579.3,67502.5,67538.9
1770843360000,BTC-USDT,67572,0.6233522,67539,67579.9,67538.9,67572
1770843420000,BTC-USDT,67613,6.29688819,67571.9,67630.1,67568.1,67613
1770843480000,BTC-USDT,67642.7,1.26076916,67613,67644.4,67600.8,67642.7
1770843540000,BTC-USDT,67554.4,18.53014636,67644.4,67644.4,67496.8,67554.4
1770843600000,BTC-USDT,67491.2,6.3436915,67555.6,67593.9,67490.6,67491.2
1770843660000,BTC-USDT,67425.1,7.77327196,67491.7,67569.1,67420.1,67425.1
1770843720000,BTC-USDT,67509.2,7.95545482,67426.7,67522.8,67426.7,67509.2
1770843780000,BTC-USDT,67505.9,1.20147807,67507.2,67518,67476.8,67505.9
1770843840000,BTC-USDT,67507.5,1.61619462,67504.8,67544.3,67487,67507.5
1770843900000,BTC-USDT,67553,2.25235269,67506.4,67576.8,67506.4,67553
1770843960000,BTC-USDT,67595.1,5.37567189,67555.5,67635.9,67543.3,67595.1
1770844020000,BTC-USDT,67583.5,1.99323138,67595,67620.9,67560.2,67583.5
1770844080000,BTC-USDT,67610.9,0.56818982,67583.5,67614.1,67571.6,67610.9
1770844140000,BTC-USDT,67692.9,2.20482234,67610.9,67721.5,67610.9,67692.9
1770844200000,BTC-USDT,67716.1,24.05255537,67693,67766.1,67651.1,67716.1
1770844260000,BTC-USDT,67706,0.83850063,67716.1,67737.7,67682,67706
1770844320000,BTC-USDT,67699.9,1.91235749,67706,67706,67674.4,67699.9
1770844380000,BTC-USDT,67695,13.1673624,67700,67700,67666.5,67695
1770844440000,BTC-USDT,67690.9,13.44661743,67695.1,67717.3,67680.1,67690.9
1770844500000,BTC-USDT,67671,1.86451363,67690,67729.3,67656,67671
1770844560000,BTC-USDT,67631,0.9106572,67660,67660,67611.9,67631
1770844620000,BTC-USDT,67611,0.52600424,67631.1,67642.5,67596.1,67611
1770844680000,BTC-USDT,67649,1.71290109,67610.1,67662.1,67609,67649
1770844740000,BTC-USDT,67684,2.00337187,67649.1,67685.6,67645.7,67684
1770844800000,BTC-USDT,67614,0.85197215,67684,67713.1,67614,67614
1770844860000,BTC-USDT,67690.1,1.08626306,67614.1,67693.5,67584.7,67690.1
1770844920000,BTC-USDT,67764.6,28.47547834,67690.1,67764.7,67639.7,67764.6
1770844980000,BTC-USDT,67848,10.46395619,67764.6,67848,67718,67848
1770845040000,BTC-USDT,67956,26.08061071,67848,67996.4,67848,67956
1770845100000,BTC-USDT,68062.1,22.44518937,67956,68081.5,67917.9,68062.1
1770845160000,BTC-USDT,68067.9,10.56659644,68062.1,68107.3,68005.4,68067.9
1770845220000,BTC-USDT,68031.3,6.51281019,68067.9,68073.2,67957.8,68031.3
1770845280000,BTC-USDT,68145.3,12.14601728,68031.2,68170,68021.4,68145.3
1770845340000,BTC-USDT,68194.5,14.0147808,68146.7,68242.3,68140.9,68194.5
1770845400000,BTC-USDT,68122,14.28607851,68194.5,68268.8,68118.4,68122
1770845460000,BTC-USDT,68029.8,5.38258821,68120,68139.3,68004.2,68029.8
1770845520000,BTC-USDT,67980.9,3.92359846,68027.9,68034.9,67974.6,67980.9
1770845580000,BTC-USDT,68139,30.37384572,67981,68193.8,67981,68139
1770845640000,BTC-USDT,68101.9,7.32962208,68132,68132.1,68065.1,68101.9
1770845700000,BTC-USDT,68147.5,7.9686083,68102,68187.9,68101.9,68147.5
1770845760000,BTC-USDT,68213.1,11.50695547,68147.4,68232.3,68128.1,68213.1
1770845820000,BTC-USDT,68291.6,29.88810348,68213.1,68360.7,68213.1,68291.6
1770845880000,BTC-USDT,68234.8,6.00293383,68291.6,68291.6,68229,68234.8
1770845940000,BTC-USDT,68148.4,1.43032363,68234.9,68234.9,68148.1,68148.4
1770846000000,BTC-USDT,68114.1,4.13314431,68148.4,68179.1,68112.9,68114.1
1770846060000,BTC-USDT,68008.1,1.9239693,68114.1,68122.9,68008.1,68008.1
1770846120000,BTC-USDT,67961.2,5.27165204,68008.2,68022.6,67961.2,67961.2
1770846180000,BTC-USDT,67983.9,6.23258563,67960,68032.7,67931.6,67983.9
1770846240000,BTC-USDT,67990.1,4.02136796,67977.9,68002.9,67949,67990.1
1770846300000,BTC-USDT,67957.9,4.94949682,67990,68011,67941.6,67957.9
1770846360000,BTC-USDT,67945,2.52228554,67958,67989.9,67925.2,67945
1770846420000,BTC-USDT,67920.6,2.53469811,67945.1,68019.8,67913.1,67920.6
1770846480000,BTC-USDT,67934,0.98689017,67920.7,67984.5,67915.9,67934
1770846540000,BTC-USDT,67915.9,2.3501961,67934.1,67934.1,67894.8,67915.9
1770846600000,BTC-USDT,67909.7,2.08481653,67916,67926,67894.1,67909.7
1770846660000,BTC-USDT,67962.8,4.34789284,67908.1,67983.9,67908.1,67962.8
1770846720000,BTC-USDT,67949.8,1.80152096,67962.9,67987.9,67949.7,67949.8
1770846780000,BTC-USDT,67919.7,2.010983,67949.7,67950.9,67898,67919.7
1770846840000,BTC-USDT,67896.1,2.27637762,67919.7,67957.5,67896,67896.1
1770846900000,BTC-USDT,67899.9,0.62178964,67896.1,67919,67888,67899.9
1770846960000,BTC-USDT,67868.9,1.83447466,67900,67910.4,67851.2,67868.9
1770847020000,BTC-USDT,67851,2.43094504,67869,67884,67828.9,67851
1770847080000,BTC-USDT,67844.7,2.34022406,67851.1,67851.1,67829.8,67844.7
1770847140000,BTC-USDT,67809.9,1.27167084,67844.7,67854,67803.7,67809.9
1770847200000,BTC-USDT,67840.9,3.34038842,67808.1,67872,67808.1,67840.9
1770847260000,BTC-USDT,67811.6,0.92434491,67840.9,67859.9,67811.6,67811.6
1770847320000,BTC-USDT,67818,0.89516663,67811.6,67857.4,67811.6,67818
1770847380000,BTC-USDT,67741,7.69134491,67818,67818,67708.3,67741
1770847440000,BTC-USDT,67779.4,1.36032649,67741.1,67783,67723,67779.4
1770847500000,BTC-USDT,67827.4,1.75746134,67777.1,67857.9,67777.1,67827.4
1770847560000,BTC-USDT,67835.6,1.38383291,67829,67860.8,67828.4,67835.6
1770847620000,BTC-USDT,67829.3,0.92485859,67835.6,67843.9,67787,67829.3
1770847680000,BTC-USDT,67865.9,1.05573382,67829.9,67874.9,67822,67865.9
1770847740000,BTC-USDT,67764.7,1.71264916,67866.5,67866.5,67764.7,67764.7
1770847800000,BTC-USDT,67695.1,3.54763045,67764.7,67772.2,67695,67695.1
1770847860000,BTC-USDT,67679.7,5.19809913,67695,67750,67670,67679.7
1770847920000,BTC-USDT,67683,1.94538546,67679.7,67709.8,67674.1,67683
1770847980000,BTC-USDT,67621,18.26742208,67682.9,67682.9,67594.9,67621
1770848040000,BTC-USDT,67663,1.27336341,67621,67668.9,67614.2,67663
1770848100000,BTC-USDT,67688.9,0.61453019,67663,67696.9,67662.2,67688.9
1770848160000,BTC-USDT,67714,1.44262379,67695,67771.9,67695,67714
1770848220000,BTC-USDT,67705.9,0.68321182,67714,67727,67694.3,67705.9
1770848280000,BTC-USDT,67695,1.61909138,67706,67710,67661.2,67695
1770848340000,BTC-USDT,67651,1.20120822,67695.1,67720.7,67651,67651
1770848400000,BTC-USDT,67591,3.95243637,67650.2,67650.2,67541.6,67591
1770848460000,BTC-USDT,67595,2.36789295,67591.1,67620,67547.7,67595
1770848520000,BTC-USDT,67594,0.82014233,67595,67642,67594,67594
1770848580000,BTC-USDT,67577,0.84349073,67594,67606,67556.8,67577
1770848640000,BTC-USDT,67567.2,4.52163646,67577.1,67657.9,67567.2,67567.2
1770848700000,BTC-USDT,67523.3,1.59453688,67566,67578.7,67523.2,67523.3
1770848760000,BTC-USDT,67486.6,3.7679224,67523.2,67523.3,67472.4,67486.6
1770848820000,BTC-USDT,67398.5,2.89362938,67486.3,67486.3,67383.4,67398.5
1770848880000,BTC-USDT,67481.1,2.48784017,67401.9,67498.9,67401.9,67481.1
1770848940000,BTC-USDT,67566.1,4.05738934,67481.1,67575.2,67481.1,67566.1
1770849000000,BTC-USDT,67582.7,3.14465783,67566.1,67586.5,67478.3,67582.7
1770849060000,BTC-USDT,67580.1,0.25473574,67569.3,67580.1,67561.1,67580.1
1770849120000,BTC-USDT,67529.1,2.43450725,67580,67594.9,67520,67529.1
1770849180000,BTC-USDT,67490.9,2.49783138,67531.5,67561.1,67483.3,67490.9
1770849240000,BTC-USDT,67540.1,0.44622088,67490.2,67549.9,67490.1,67540.1
1770849300000,BTC-USDT,67474.8,1.20384358,67539.8,67539.8,67456.7,67474.8
1770849360000,BTC-USDT,67440,0.81654467,67474.7,67474.8,67397.4,67440
1770849420000,BTC-USDT,67481,0.55944912,67439.9,67481.1,67427.1,67481
1770849480000,BTC-USDT,67488.9,0.84375055,67481.1,67525.3,67461.1,67488.9
1770849540000,BTC-USDT,67551.1,4.35071013,67486.7,67559.6,67449.6,67551.1
1770849600000,BTC-USDT,67581.1,1.21468802,67551,67583,67540,67581.1
1770849660000,BTC-USDT,67610.6,2.49887069,67581.1,67658.5,67581,67610.6
1770849720000,BTC-USDT,67652.5,1.86989016,67607.8,67666,67597.2,67652.5
1770849780000,BTC-USDT,67660.6,1.60130659,67652.9,67688,67612.4,67660.6
1770849840000,BTC-USDT,67637.5,0.97525088,67664.7,67688.1,67637.5,67637.5
1770849900000,BTC-USDT,67612.9,1.07450957,67634.5,67634.5,67602.3,67612.9
1770849960000,BTC-USDT,67566.5,2.58292466,67612.9,67612.9,67551.3,67566.5
1770850020000,BTC-USDT,67606.9,3.91297302,67566.5,67618.3,67566.5,67606.9
1770850080000,BTC-USDT,67679.7,3.23470651,67606.8,67699.9,67606.8,67679.7
1770850140000,BTC-USDT,67653.2,1.56234014,67679.7,67708.3,67653.1,67653.2
1770850200000,BTC-USDT,67554.7,1.25142774,67653.3,67653.3,67530.8,67554.7
1770850260000,BTC-USDT,67539.9,1.31156337,67553.4,67553.4,67496,67539.9
1770850320000,BTC-USDT,67530.3,0.85062946,67539.4,67554.1,67524.9,67530.3
1770850380000,BTC-USDT,67461.1,5.02279423,67530.2,67530.3,67418.3,67461.1
1770850440000,BTC-USDT,67450.6,0.39462778,67461.1,67461.1,67432,67450.6
1770850500000,BTC-USDT,67458.9,0.8390362,67450.5,67473.3,67442.6,67458.9
1770850560000,BTC-USDT,67494.2,7.10948337,67459,67504.1,67459,67494.2
1770850620000,BTC-USDT,67447.7,0.62110539,67494.3,67499.3,67447.7,67447.7
1770850680000,BTC-USDT,67480,0.84409388,67447.8,67485.5,67447.8,67480
1770850740000,BTC-USDT,67431.3,0.78565185,67483.1,67483.6,67411.8,67431.3
1770850800000,BTC-USDT,67304.8,4.27417778,67433.3,67444,67304.8,67304.8
1770850860000,BTC-USDT,67317.3,4.22310621,67304.6,67327.1,67250.1,67317.3
1770850920000,BTC-USDT,67404.3,1.3106202,67318.3,67423.6,67318.3,67404.3
1770850980000,BTC-USDT,67396.1,0.86274956,67406.1,67417.5,67378.8,67396.1
1770851040000,BTC-USDT,67400,22.80941029,67399.7,67413.3,67366.5,67400
1770851100000,BTC-USDT,67477.5,13.13641614,67400,67490.1,67389.9,67477.5
1770851160000,BTC-USDT,67551.9,2.01983327,67477.5,67558.6,67460.7,67551.9
1770851220000,BTC-USDT,67410.1,3.91632494,67547.8,67547.8,67404.7,67410.1
1770851280000,BTC-USDT,67360,1.60394165,67410.1,67410.1,67356.2,67360
1770851340000,BTC-USDT,67372.1,1.31491805,67360.1,67390.4,67360.1,67372.1
1770851400000,BTC-USDT,67310.6,1.49264281,67374.1,67404.8,67295.4,67310.6
1770851460000,BTC-USDT,67250.1,5.81917868,67310.1,67316.7,67249,67250.1
1770851520000,BTC-USDT,67257.3,4.24028626,67250,67276,67243.1,67257.3
1770851580000,BTC-USDT,67301,2.49503737,67257.7,67301,67240.1,67301
1770851640000,BTC-USDT,67332,4.42214933,67301,67348,67292.8,67332
1770851700000,BTC-USDT,67313.3,0.29065368,67325.4,67325.4,67313,67313.3
1770851760000,BTC-USDT,67352.6,1.06129079,67320.4,67369.3,67320.4,67352.6
1770851820000,BTC-USDT,67335,1.56469645,67350.1,67398,67317.1,67335
1770851880000,BTC-USDT,67322.7,1.64901585,67338.8,67390.2,67322.7,67322.7
1770851940000,BTC-USDT,67272.3,5.62474721,67322.6,67334.7,67272.3,67272.3
1770852000000,BTC-USDT,67031.8,80.15682074,67271.1,67310.2,66988.7,67031.8
1770852060000,BTC-USDT,66948.3,16.23692849,67031.9,67064.9,66939.5,66948.3
1770852120000,BTC-USDT,66928.6,6.81360672,66948.4,66980.3,66889.5,66928.6
1770852180000,BTC-USDT,66982.8,2.35254856,66928.6,66982.8,66928.6,66982.8
1770852240000,BTC-USDT,66943.3,3.25109493,66982.8,67025.8,66941,66943.3
1770852300000,BTC-USDT,66984.1,3.0620665,66941.1,66987.9,66900,66984.1
1770852360000,BTC-USDT,67055.3,1.61490262,66985.4,67058.2,66976,67055.3
1770852420000,BTC-USDT,67027.1,2.15033116,67055.4,67062.7,67000,67027.1
1770852480000,BTC-USDT,67030,1.30839049,67024.1,67035.2,67006.4,67030
1770852540000,BTC-USDT,67020.1,5.30649066,67028.2,67089,67010,67020.1
1770852600000,BTC-USDT,67035.3,4.12519063,67020.1,67081.7,67020.1,67035.3
1770852660000,BTC-USDT,67014.1,3.06647937,67035.1,67093,67007.1,67014.1
1770852720000,BTC-USDT,67016.4,2.60522142,67014.1,67026.4,66980.1,67016.4
1770852780000,BTC-USDT,66963.1,1.52661193,67016.5,67016.5,66936.1,66963.1
1770852840000,BTC-USDT,66898.2,1.04583762,66963.4,66966.1,66898.2,66898.2
1770852900000,BTC-USDT,66841.9,3.66645205,66898.1,66898.1,66839.2,66841.9
1770852960000,BTC-USDT,66827,3.9957313,66842,66842,66789.1,66827
1770853020000,BTC-USDT,66891.1,2.21191318,66827.1,66906.5,66802.1,66891.1
1770853080000,BTC-USDT,66981.1,0.83948958,66891,66993.7,66887.3,66981.1
1770853140000,BTC-USDT,67066.5,2.32214675,66979.5,67066.5,66971.3,67066.5
1770853200000,BTC-USDT,67080.3,3.80557071,67066.6,67116.7,67066.6,67080.3
1770853260000,BTC-USDT,67068.2,1.2513339,67080.4,67130.4,67068.2,67068.2
1770853320000,BTC-USDT,67064.8,0.69080198,67068,67086.1,67058.4,67064.8
1770853380000,BTC-USDT,67045.1,1.28057199,67064.8,67102.7,67045.1,67045.1
1770853440000,BTC-USDT,67082.1,16.67780912,67045,67082.1,66978.2,67082.1
1770853500000,BTC-USDT,67044.2,0.93074182,67082.5,67089.1,67038.1,67044.2
1770853560000,BTC-USDT,67032.9,1.40073537,67044.2,67046,67006.2,67032.9
1770853620000,BTC-USDT,67034.3,0.51702257,67033.4,67040,67012.6,67034.3
1770853680000,BTC-USDT,67000.1,1.50739578,67037,67044.4,67000,67000.1
1770853740000,BTC-USDT,66919.2,3.98078831,67000,67000,66907.1,66919.2
1770853800000,BTC-USDT,66899.1,1.57902369,66919.2,66930.6,66892,66899.1
1770853860000,BTC-USDT,66980,5.75699707,66899.1,66980,66899.1,66980
1770853920000,BTC-USDT,67001.7,1.32223838,66980,67032.8,66979.9,67001.7
1770853980000,BTC-USDT,66976.8,0.91413357,67000.3,67000.8,66968.1,66976.8
1770854040000,BTC-USDT,67026.1,0.42386966,66976.9,67026.8,66976.9,67026.1
1770854100000,BTC-USDT,66996.1,21.90934782,67026.1,67026.1,66982.7,66996.1
1770854160000,BTC-USDT,67020,4.23161705,66996.1,67032.6,66996,67020
1770854220000,BTC-USDT,67039.2,1.68327654,67020.1,67048.5,67020,67039.2
1770854280000,BTC-USDT,67031.2,1.3440885,67040.2,67062.7,67027.6,67031.2
1770854340000,BTC-USDT,67081.7,17.07347493,67031.2,67103.5,67019.5,67081.7
1770854400000,BTC-USDT,67067,2.55877022,67085.8,67099,67054.6,67067
1770854460000,BTC-USDT,67164.7,2.38151373,67060.3,67164.7,67051.6,67164.7
1770854520000,BTC-USDT,67164.1,6.87971739,67166.6,67256.5,67161.7,67164.1
1770854580000,BTC-USDT,67118,14.09279499,67164.3,67214.1,67118,67118
1770854640000,BTC-USDT,67113.4,1.48103869,67117.3,67117.3,67080.1,67113.4
1770854700000,BTC-USDT,67212.7,4.670681,67113.1,67228.4,67107.2,67212.7
1770854760000,BTC-USDT,67190.5,0.8329279,67212.6,67217,67190.5,67190.5
1770854820000,BTC-USDT,67239.2,2.34083565,67189.6,67239.2,67167.1,67239.2
1770854880000,BTC-USDT,67338.9,36.06854967,67239.2,67356.4,67214,67338.9
1770854940000,BTC-USDT,67354.8,4.58484271,67339,67354.8,67319.2,67354.8
1770855000000,BTC-USDT,67382.8,2.07888385,67352,67386.8,67325.1,67382.8
1770855060000,BTC-USDT,67356.3,1.27291123,67382.9,67382.9,67346.2,67356.3
1770855120000,BTC-USDT,67343.8,6.24849258,67356.3,67364.1,67343.8,67343.8
1770855180000,BTC-USDT,67336,4.31815689,67343.7,67345.2,67335.6,67336
1770855240000,BTC-USDT,67363,9.91182155,67336.1,67379.9,67336.1,67363
1770855300000,BTC-USDT,67351.7,5.68669655,67363,67373.6,67335.1,67351.7
1770855360000,BTC-USDT,67383.1,2.29513095,67351.8,67426.3,67351.8,67383.1
1770855420000,BTC-USDT,67363.1,8.29570279,67383,67413.1,67340,67363.1
1770855480000,BTC-USDT,67397.5,1.88706941,67363,67414.1,67330.2,67397.5
1770855540000,BTC-USDT,67371.6,2.09610523,67400,67424.2,67362,67371.6
1770855600000,BTC-USDT,67372,0.4197607,67371.9,67382.4,67364.1,67372
1770855660000,BTC-USDT,67342,4.52047928,67372,67372,67326.4,67342
1770855720000,BTC-USDT,67322.1,7.54126743,67341.1,67366.9,67310,67322.1
1770855780000,BTC-USDT,67338.1,0.84788922,67322.3,67338.1,67322.3,67338.1
1770855840000,BTC-USDT,67400,13.61178329,67340.4,67400,67340.4,67400
1770855900000,BTC-USDT,67415.3,0.99258143,67400.1,67415.3,67383,67415.3
1770855960000,BTC-USDT,67477.6,4.01554701,67415.2,67511.8,67415.2,67477.6
1770856020000,BTC-USDT,67379.5,22.8662649,67477.5,67477.6,67337.8,67379.5
1770856080000,BTC-USDT,67395.6,1.60436372,67379.5,67411.8,67379.5,67395.6
1770856140000,BTC-USDT,67389.1,7.81849189,67395.6,67427.7,67364,67389.1
1770856200000,BTC-USDT,67410,2.26369138,67391.9,67431,67388.9,67410
1770856260000,BTC-USDT,67410.1,3.90257936,67416.9,67462.3,67388.8,67410.1
1770856320000,BTC-USDT,67435.6,27.56360855,67409.9,67483.1,67403,67435.6
1770856380000,BTC-USDT,67467.1,2.36327299,67433.8,67500,67433.8,67467.1
1770856440000,BTC-USDT,67457.9,4.23194774,67467,67477.8,67441.1,67457.9
1770856500000,BTC-USDT,67589.3,20.70875215,67458,67642.4,67431,67589.3
1770856560000,BTC-USDT,67558.5,2.64920622,67589.2,67639.5,67554.1,67558.5
1770856620000,BTC-USDT,67674.1,17.87548693,67558.6,67700,67558.6,67674.1
1770856680000,BTC-USDT,67581.1,1.23161874,67678.6,67694.2,67581,67581.1
1770856740000,BTC-USDT,67504,1.38411859,67581.1,67581.1,67500,67504
1770856800000,BTC-USDT,67539.6,1.16528186,67504.8,67539.6,67504.8,67539.6
1770856860000,BTC-USDT,67540,1.12820808,67539.6,67550,67526.9,67540
1770856920000,BTC-USDT,67544,0.54946887,67539.9,67581,67539.9,67544
1770856980000,BTC-USDT,67577,3.35457983,67544.1,67587.6,67543.1,67577
1770857040000,BTC-USDT,67583.1,1.17213395,67577.1,67590,67573.5,67583.1
1770857100000,BTC-USDT,67658.7,2.28209023,67583,67658.7,67565.7,67658.7
1770857160000,BTC-USDT,67612.2,4.22786045,67659.1,67684.4,67600.9,67612.2
1770857220000,BTC-USDT,67577.7,0.89668691,67612.3,67612.3,67575.6,67577.7
1770857280000,BTC-USDT,67518.9,1.02205663,67577.6,67577.6,67500,67518.9
1770857340000,BTC-USDT,67523,0.99249198,67518.8,67555.7,67511.7,67523
1770857400000,BTC-USDT,67509,1.44118451,67523.1,67535.9,67500,67509
1770857460000,BTC-USDT,67527,1.4316088,67509,67540,67500.7,67527
1770857520000,BTC-USDT,67520,0.56098066,67526.9,67545.9,67520,67520
1770857580000,BTC-USDT,67533,2.89582467,67518.7,67553,67518.7,67533
1770857640000,BTC-USDT,67532,12.94757049,67533,67546.5,67487.1,67532
1770857700000,BTC-USDT,67546.5,0.33181552,67532,67546.5,67532,67546.5
1770857760000,BTC-USDT,67549.3,1.6500278,67546.5,67549.3,67533.7,67549.3
1770857820000,BTC-USDT,67509,5.48476147,67549.3,67596.6,67508.9,67509
1770857880000,BTC-USDT,67489.8,4.36808475,67509,67565.5,67489.8,67489.8
1770857940000,BTC-USDT,67461.7,2.31839594,67486.7,67502,67457.6,67461.7
1770858000000,BTC-USDT,67507.9,4.89174658,67461.7,67540,67461.7,67507.9
1770858060000,BTC-USDT,67533.3,2.74778992,67516.9,67539.2,67487,67533.3
1770858120000,BTC-USDT,67594.9,2.56094985,67533.6,67597,67517.1,67594.9
1770858180000,BTC-USDT,67557,3.69118472,67591.9,67607.9,67557,67557
1770858240000,BTC-USDT,67546,0.87579756,67555.4,67561,67510.5,67546
1770858300000,BTC-USDT,67527.4,0.54977394,67545.5,67559.9,67510.5,67527.4
1770858360000,BTC-USDT,67550.3,7.16430203,67521.4,67551,67465.1,67550.3
1770858420000,BTC-USDT,67505.4,3.65846437,67550.3,67607.9,67493.1,67505.4
1770858480000,BTC-USDT,67519.5,2.84691345,67505.4,67560.8,67505.4,67519.5
1770858540000,BTC-USDT,67534.8,3.46928257,67519.4,67535.9,67471.4,67534.8
1770858600000,BTC-USDT,67579,2.16649432,67534.7,67594.5,67514.7,67579
1770858660000,BTC-USDT,67602,0.34679099,67579.1,67602,67578,67602
1770858720000,BTC-USDT,67654.9,0.78427988,67607.9,67655,67607.8,67654.9
1770858780000,BTC-USDT,67668,0.98906375,67655,67690.4,67655,67668
1770858840000,BTC-USDT,67700,1.02871859,67664.1,67700,67664.1,67700
1770858900000,BTC-USDT,67703.7,7.40713748,67700,67715.2,67649.1,67703.7
1770858960000,BTC-USDT,67649.1,2.38089373,67703.7,67749.9,67649.1,67649.1
1770859020000,BTC-USDT,67719.9,28.29268386,67649,67719.9,67624.1,67719.9
1770859080000,BTC-USDT,67691.1,2.03346854,67717,67762.7,67691.1,67691.1
1770859140000,BTC-USDT,67646.1,2.92450464,67689.7,67689.7,67617,67646.1
1770859200000,BTC-USDT,67564.8,1.88187489,67645,67655.9,67562.1,67564.8
1770859260000,BTC-USDT,67640.4,0.60666724,67564,67648,67563.1,67640.4
1770859320000,BTC-USDT,67602.4,1.01435023,67640.4,67640.4,67595.2,67602.4
1770859380000,BTC-USDT,67634,1.32517738,67602.3,67649.9,67587,67634
1770859440000,BTC-USDT,67629.1,1.39708455,67634.1,67634.1,67600.1,67629.1
1770859500000,BTC-USDT,67739.3,1.00530274,67629,67745.8,67628,67739.3
1770859560000,BTC-USDT,67839.8,32.81231044,67733.2,67860.5,67728.4,67839.8
1770859620000,BTC-USDT,67844.3,2.56054808,67839.7,67875,67824,67844.3
1770859680000,BTC-USDT,67834.1,10.51736169,67842.1,67871.9,67815.1,67834.1
1770859740000,BTC-USDT,67808.9,9.2189609,67834.1,67853.1,67784.1,67808.9
1770859800000,BTC-USDT,67861.8,1.16944901,67809,67867.4,67809,67861.8
1770859860000,BTC-USDT,67814.4,1.00065123,67860,67860,67800.4,67814.4
1770859920000,BTC-USDT,67818.1,2.88262227,67814,67832.1,67767.2,67818.1
1770859980000,BTC-USDT,67822,0.7207256,67816.1,67829.7,67803,67822
1770860040000,BTC-USDT,67798.1,0.54535861,67822,67822,67798,67798.1
1770860100000,BTC-USDT,67765.8,12.96268084,67798,67798,67731.5,67765.8
1770860160000,BTC-USDT,67928.3,8.64421726,67765.8,67928.3,67765.8,67928.3
1770860220000,BTC-USDT,68046,28.89527902,67928.3,68046.5,67913.2,68046
1770860280000,BTC-USDT,67990,5.98013218,68040.1,68047.3,67977.4,67990
1770860340000,BTC-USDT,67907.8,1.53967127,67989.1,67989.1,67907.8,67907.8
1770860400000,BTC-USDT,67936.2,2.91666486,67904.5,67948.9,67895.1,67936.2
1770860460000,BTC-USDT,67912.3,1.6183057,67942.5,67954.3,67899,67912.3
1770860520000,BTC-USDT,67965.1,4.76335895,67914.1,67971.1,67914.1,67965.1
1770860580000,BTC-USDT,67914.8,0.9055484,67965.1,67968.1,67894.7,67914.8
1770860640000,BTC-USDT,67857.6,2.57262487,67915.4,67917,67833.3,67857.6
1770860700000,BTC-USDT,67833.8,13.74484578,67856.2,67878,67820,67833.8
1770860760000,BTC-USDT,67808.1,5.32980724,67832.7,67840.9,67804.4,67808.1
1770860820000,BTC-USDT,67760.5,15.50550256,67808.1,67826,67760.5,67760.5
1770860880000,BTC-USDT,67699,7.50326119,67760.2,67769.9,67668.3,67699
1770860940000,BTC-USDT,67671.9,25.39373699,67707.9,67720,67631,67671.9
1770861000000,BTC-USDT,67680.2,1.71088768,67672,67725,67649.1,67680.2
1770861060000,BTC-USDT,67659.1,0.63652991,67682,67695,67637.1,67659.1
1770861120000,BTC-USDT,67631,2.05870466,67660,67674,67604.1,67631
1770861180000,BTC-USDT,67628.3,2.50109879,67631.1,67669.6,67620.9,67628.3
1770861240000,BTC-USDT,67639.9,13.18298213,67628.3,67656.8,67607,67639.9
1770861300000,BTC-USDT,67648.3,1.46421045,67639.9,67656.9,67614,67648.3
1770861360000,BTC-USDT,67678.2,2.07758029,67648.3,67695.9,67648.3,67678.2
1770861420000,BTC-USDT,67676.2,1.00287462,67677.1,67718.2,67676.2,67676.2
1770861480000,BTC-USDT,67686,0.81899226,67676.1,67700,67648.1,67686
1770861540000,BTC-USDT,67695,1.11927488,67686,67709.4,67685.2,67695
1770861600000,BTC-USDT,67640.4,6.04632116,67691.1,67700,67640.4,67640.4
1770861660000,BTC-USDT,67640.4,1.51331144,67640.4,67654.2,67613.2,67640.4
1770861720000,BTC-USDT,67641,1.80172364,67641.7,67641.7,67612.3,67641
1770861780000,BTC-USDT,67587,1.81592073,67640.9,67641,67569.1,67587
1770861840000,BTC-USDT,67587.9,2.66951562,67587,67598.3,67555.6,67587.9
1770861900000,BTC-USDT,67566.1,2.02733953,67587.9,67628,67566,67566.1
1770861960000,BTC-USDT,67601.4,0.9323878,67566,67613.9,67558.7,67601.4
1770862020000,BTC-USDT,67740.3,2.93152741,67605.6,67740.3,67605.6,67740.3
1770862080000,BTC-USDT,67703.7,1.79299503,67746.1,67796.9,67695.3,67703.7
1770862140000,BTC-USDT,67715.6,2.04308949,67698.6,67746.1,67698.6,67715.6
1770862200000,BTC-USDT,67685,1.50630529,67715.5,67726.1,67670,67685
1770862260000,BTC-USDT,67597.1,3.32861942,67685,67691,67595,67597.1
1770862320000,BTC-USDT,67622,1.27531136,67597.1,67625,67597.1,67622
1770862380000,BTC-USDT,67550.1,5.13679885,67622,67629.5,67550,67550.1
1770862440000,BTC-USDT,67494,3.00189895,67550,67550,67493.1,67494
1770862500000,BTC-USDT,67456.1,2.29773601,67494.1,67521.1,67456.1,67456.1
1770862560000,BTC-USDT,67499.8,2.22433948,67456,67516.9,67436.5,67499.8
1770862620000,BTC-USDT,67500,1.78038526,67499.7,67516,67476.1,67500
1770862680000,BTC-USDT,67481.7,1.01661958,67499.9,67499.9,67438.3,67481.7
1770862740000,BTC-USDT,67478.3,2.64291818,67481.7,67483,67415.1,67478.3
1770862800000,BTC-USDT,67547.6,0.86072351,67478.3,67547.6,67454.3,67547.6
1770862860000,BTC-USDT,67534.5,0.78505318,67544.9,67560.9,67525.7,67534.5
1770862920000,BTC-USDT,67537.2,0.83161077,67537.9,67568,67537.1,67537.2
1770862980000,BTC-USDT,67536.4,0.63733681,67537.2,67566,67536.3,67536.4
1770863040000,BTC-USDT,67544.5,7.88131559,67536.4,67571,67530.3,67544.5
1770863100000,BTC-USDT,67535,1.26779968,67542,67555.5,67526.2,67535
1770863160000,BTC-USDT,67488.7,3.28769659,67535.1,67551.3,67488.6,67488.7
1770863220000,BTC-USDT,67461.6,0.56715585,67488.5,67488.5,67461.5,67461.6
1770863280000,BTC-USDT,67427.3,1.25836827,67461.6,67461.6,67415.2,67427.3
1770863340000,BTC-USDT,67528.1,4.42264869,67427.3,67528.1,67427.3,67528.1
1770863400000,BTC-USDT,67490,1.82080713,67528.1,67528.1,67480,67490
1770863460000,BTC-USDT,67500.1,1.34876081,67489.9,67521.6,67489.9,67500.1
1770863520000,BTC-USDT,67629.9,11.65203804,67500.1,67642.4,67500.1,67629.9
1770863580000,BTC-USDT,67691,4.77975867,67625.2,67700,67620.5,67691
1770863640000,BTC-USDT,67731,4.09771378,67689.1,67745.8,67652.1,67731
1770863700000,BTC-USDT,67685.7,4.61319389,67732.4,67752.4,67677.1,67685.7
1770863760000,BTC-USDT,67670,4.40589531,67685.6,67703.4,67669.1,67670
1770863820000,BTC-USDT,67717.9,0.90578973,67667.2,67725,67667.2,67717.9
1770863880000,BTC-USDT,67701.9,6.72739722,67717.9,67728,67683.6,67701.9
1770863940000,BTC-USDT,67657.5,2.46830083,67702,67709.4,67657.5,67657.5
1770864000000,BTC-USDT,67696.5,1.20964986,67656.1,67703,67656.1,67696.5
1770864060000,BTC-USDT,67685,1.33648915,67696.4,67709.4,67685,67685
1770864120000,BTC-USDT,67742,2.19876004,67683.3,67753.3,67683.2,67742
1770864180000,BTC-USDT,67694.6,1.56701831,67742.9,67746.2,67694.6,67694.6
1770864240000,BTC-USDT,67742.8,0.99225037,67694.7,67748.3,67694.7,67742.8
1770864300000,BTC-USDT,67717.2,1.2840043,67743.4,67746.8,67702.5,67717.2
1770864360000,BTC-USDT,67695.6,1.78145216,67717.1,67735,67678.8,67695.6
1770864420000,BTC-USDT,67649.7,0.91775551,67695.7,67706.8,67649.6,67649.7
1770864480000,BTC-USDT,67722.1,0.47641928,67649.7,67723.5,67649.7,67722.1
1770864540000,BTC-USDT,67749.9,0.89718543,67721.2,67750,67700,67749.9
1770864600000,BTC-USDT,67718.1,0.77676973,67749.9,67750,67718,67718.1
1770864660000,BTC-USDT,67654,5.70714927,67718.1,67750,67654,67654
1770864720000,BTC-USDT,67608,0.69486859,67654.1,67669,67607.9,67608
1770864780000,BTC-USDT,67616.1,11.05042808,67608,67619,67563.6,67616.1
1770864840000,BTC-USDT,67590.8,1.35224946,67616.1,67616.1,67554.3,67590.8
1770864900000,BTC-USDT,67560,2.7036457,67591.9,67591.9,67521,67560
1770864960000,BTC-USDT,67469.3,6.27958032,67565.6,67565.6,67460,67469.3
1770865020000,BTC-USDT,67462.9,2.14329935,67468.5,67490.8,67451.9,67462.9
1770865080000,BTC-USDT,67450.1,1.67384062,67462.9,67462.9,67438.8,67450.1
1770865140000,BTC-USDT,67435.9,1.37291231,67450,67450,67426.3,67435.9
1770865200000,BTC-USDT,67390.6,1.85265892,67436,67436,67369.4,67390.6
1770865260000,BTC-USDT,67399,1.31445313,67390.5,67431.6,67361.6,67399
1770865320000,BTC-USDT,67450,9.25883771,67399,67450,67399,67450
1770865380000,BTC-USDT,67502.9,1.40283557,67450,67525.2,67450,67502.9
1770865440000,BTC-USDT,67527.7,0.7412001,67503,67539.9,67480,67527.7
1770865500000,BTC-USDT,67495.2,1.86638242,67527.7,67540.8,67487.1,67495.2
1770865560000,BTC-USDT,67521.1,2.38019362,67495.1,67524.8,67459.8,67521.1
1770865620000,BTC-USDT,67501.8,1.54209775,67521.1,67548.7,67500.1,67501.8
1770865680000,BTC-USDT,67479.4,1.00255768,67501.9,67515.5,67474.4,67479.4
1770865740000,BTC-USDT,67491.3,0.57461309,67479.5,67496.1,67459.7,67491.3
1770865800000,BTC-USDT,67501.9,0.90470802,67491.2,67505,67491.2,67501.9
1770865860000,BTC-USDT,67537.7,1.67043399,67501.9,67559,67501.9,67537.7
1770865920000,BTC-USDT,67502.2,10.01785391,67537.7,67538,67470.2,67502.2
1770865980000,BTC-USDT,67471.8,0.59949412,67502.1,67502.1,67471.7,67471.8
1770866040000,BTC-USDT,67492,0.66896001,67473,67492,67465.9,67492
1770866100000,BTC-USDT,67491.6,0.90398049,67491.9,67518.1,67478.1,67491.6
1770866160000,BTC-USDT,67507.9,1.11918493,67491.7,67526,67477.5,67507.9
1770866220000,BTC-USDT,67487.9,1.2697047,67506.8,67519.5,67477.5,67487.9
1770866280000,BTC-USDT,67423.3,4.79735239,67487.9,67487.9,67423.2,67423.3
1770866340000,BTC-USDT,67391.1,1.40663713,67423.3,67423.3,67383,67391.1
1770866400000,BTC-USDT,67440.1,3.21327596,67391,67442.5,67391,67440.1
1770866460000,BTC-USDT,67442.5,0.61711011,67440,67442.5,67410.2,67442.5
1770866520000,BTC-USDT,67413.2,1.2096367,67442.5,67442.5,67388,67413.2
1770866580000,BTC-USDT,67382.2,2.61025874,67413.2,67413.2,67350.6,67382.2
1770866640000,BTC-USDT,67387.1,10.61264444,67382.2,67419.9,67346.5,67387.1
1770866700000,BTC-USDT,67358.4,1.0943274,67387.1,67387.1,67358.3,67358.4
1770866760000,BTC-USDT,67343.1,1.7953162,67358.4,67358.4,67311.6,67343.1
1770866820000,BTC-USDT,67364.2,1.04894445,67347.5,67383.4,67347.5,67364.2
1770866880000,BTC-USDT,67357.6,1.38003994,67364.1,67377,67345.5,67357.6
1770866940000,BTC-USDT,67385.5,1.40412751,67357.6,67385.5,67357.5,67385.5
1770867000000,BTC-USDT,67360,0.99837667,67385.5,67395.4,67360,67360
1770867060000,BTC-USDT,67388.8,1.20659917,67360,67388.8,67334.9,67388.8
1770867120000,BTC-USDT,67347,1.31369473,67390.4,67390.4,67333.1,67347
1770867180000,BTC-USDT,67407.2,1.0466228,67347.1,67408.8,67332.7,67407.2
1770867240000,BTC-USDT,67452.9,2.65789379,67407.7,67473.1,67407.7,67452.9
1770867300000,BTC-USDT,67425.9,1.2799043,67453.5,67466.6,67394,67425.9
1770867360000,BTC-USDT,67435.3,1.78684748,67425.9,67456.4,67408.1,67435.3
1770867420000,BTC-USDT,67416.4,0.90681655,67432.8,67439.7,67414.1,67416.4
1770867480000,BTC-USDT,67400.1,0.72980904,67416.3,67416.3,67400,67400.1
1770867540000,BTC-USDT,67485.7,1.41551007,67400,67485.7,67400,67485.7
1770867600000,BTC-USDT,67477.1,1.11276775,67485.6,67499.3,67455.5,67477.1
1770867660000,BTC-USDT,67469.5,0.64580451,67477.1,67477.1,67455.8,67469.5
1770867720000,BTC-USDT,67478,0.90065222,67469.5,67479.5,67468,67478
1770867780000,BTC-USDT,67523.9,3.27700738,67478.1,67536.9,67478,67523.9
1770867840000,BTC-USDT,67503.4,3.13635629,67523.9,67523.9,67464.2,67503.4
1770867900000,BTC-USDT,67476.5,2.0768853,67503.4,67503.4,67462,67476.5
1770867960000,BTC-USDT,67504.1,0.48150523,67478,67513.3,67478,67504.1
1770868020000,BTC-USDT,67528.3,1.06352569,67502.1,67556.7,67491.1,67528.3
1770868080000,BTC-USDT,67513.5,0.58315866,67528.3,67546,67513.5,67513.5
1770868140000,BTC-USDT,67491.6,1.28191977,67511.3,67511.3,67484,67491.6
1770868200000,BTC-USDT,67448.2,0.90570091,67491.6,67491.6,67441.1,67448.2
1770868260000,BTC-USDT,67491.7,0.70392548,67448.2,67491.7,67448.2,67491.7
1770868320000,BTC-USDT,67504.6,0.7851258,67491.6,67504.7,67483,67504.6
1770868380000,BTC-USDT,67514.1,0.83197797,67504.6,67524.5,67504.6,67514.1
1770868440000,BTC-USDT,67524.8,2.12056816,67514.1,67528.5,67507,67524.8
1770868500000,BTC-USDT,67509.5,1.13341735,67527.3,67527.3,67507,67509.5
1770868560000,BTC-USDT,67551.2,1.14693351,67509.5,67553.8,67500,67551.2
1770868620000,BTC-USDT,67561.5,2.31570274,67551.3,67584.5,67551.2,67561.5
1770868680000,BTC-USDT,67574,1.12813119,67561.5,67594.8,67561.5,67574
1770868740000,BTC-USDT,67588,0.50498372,67574,67596,67574,67588
1770868800000,BTC-USDT,67554.5,4.87254211,67588.1,67588.1,67521.5,67554.5
1770868860000,BTC-USDT,67528.2,2.58186367,67554.4,67558,67523,67528.2
1770868920000,BTC-USDT,67546.4,1.21038075,67528.2,67559.9,67495.8,67546.4
1770868980000,BTC-USDT,67629.5,7.18091556,67546.5,67629.5,67546.5,67629.5
1770869040000,BTC-USDT,67542.2,1.8685395,67629.5,67629.5,67534.6,67542.2
1770869100000,BTC-USDT,67507.9,1.25279587,67542.2,67545.3,67505.1,67507.9
1770869160000,BTC-USDT,67530.6,0.83000331,67507.8,67530.6,67507.8,67530.6
1770869220000,BTC-USDT,67548.9,2.17953938,67531,67551,67517,67548.9
1770869280000,BTC-USDT,67551.2,0.55258587,67548.9,67565.2,67544.1,67551.2
1770869340000,BTC-USDT,67595.1,1.21835764,67551.2,67613.4,67551.1,67595.1
1770869400000,BTC-USDT,67610.9,0.72220433,67588.7,67610.9,67582.8,67610.9
1770869460000,BTC-USDT,67635.4,3.31306362,67610.9,67635.4,67572.3,67635.4
1770869520000,BTC-USDT,67637.8,7.68015763,67636,67666,67590.9,67637.8
1770869580000,BTC-USDT,67611.9,5.61151411,67637.8,67682.3,67602.8,67611.9
1770869640000,BTC-USDT,67578.1,4.63865954,67608,67608,67574.7,67578.1
1770869700000,BTC-USDT,67577,3.02497756,67578.1,67590.9,67564.9,67577
1770869760000,BTC-USDT,67571.5,1.66187601,67577,67585.5,67560,67571.5
1770869820000,BTC-USDT,67400,9.15363149,67571.4,67589.2,67400,67400
1770869880000,BTC-USDT,67300.1,17.6709336,67400.1,67400.1,67300.1,67300.1
1770869940000,BTC-USDT,67372.9,17.53484961,67300.1,67395,67300.1,67372.9
1770870000000,BTC-USDT,67347.6,2.02442714,67376.2,67420.9,67345.1,67347.6
1770870060000,BTC-USDT,67414,1.55718742,67347.6,67419.2,67347.5,67414
1770870120000,BTC-USDT,67341.9,1.8594273,67414,67414,67331,67341.9
1770870180000,BTC-USDT,67298.7,1.37643076,67339.9,67340,67298.7,67298.7
1770870240000,BTC-USDT,67293,3.93374242,67298.8,67308.8,67268.4,67293
1770870300000,BTC-USDT,67251,1.63843728,67292.9,67321.8,67242.9,67251
1770870360000,BTC-USDT,67280,2.98672116,67251.3,67304.3,67251.3,67280
1770870420000,BTC-USDT,67259.3,1.46244343,67280,67282.1,67259.2,67259.3
1770870480000,BTC-USDT,67218.9,3.13805384,67259.3,67264,67200.1,67218.9
1770870540000,BTC-USDT,67214.4,0.44560894,67219,67222,67201.3,67214.4
1770870600000,BTC-USDT,67201,1.61024654,67214.4,67222.7,67200,67201
1770870660000,BTC-USDT,67224.6,3.44694855,67201.1,67246.4,67201,67224.6
1770870720000,BTC-USDT,67120.5,20.41724914,67224.6,67231.1,67094.4,67120.5
1770870780000,BTC-USDT,67129,13.91282328,67121.6,67132.5,67064.1,67129
1770870840000,BTC-USDT,67191.1,2.65456121,67128.9,67222.4,67123.8,67191.1
1770870900000,BTC-USDT,67203.4,3.76804751,67191.4,67216,67178.6,67203.4
1770870960000,BTC-USDT,67257.3,2.01552639,67203.5,67257.3,67202.5,67257.3
1770871020000,BTC-USDT,67281,2.74196236,67258.9,67291.6,67258.9,67281
1770871080000,BTC-USDT,67281,3.66075857,67281,67300.7,67262.5,67281
1770871140000,BTC-USDT,67271.6,7.08779859,67280.9,67285.8,67262.6,67271.6
1770871200000,BTC-USDT,67285,1.76467921,67271.6,67285,67263.2,67285
1770871260000,BTC-USDT,67265.5,3.31903408,67285.1,67294.1,67260,67265.5
1770871320000,BTC-USDT,67233.1,9.26324072,67265.5,67279,67206.7,67233.1
1770871380000,BTC-USDT,67200.1,3.35723451,67233,67278.3,67200.1,67200.1
1770871440000,BTC-USDT,67233.9,1.7954182,67200,67233.9,67200,67233.9
1770871500000,BTC-USDT,67225,3.19488239,67233.9,67233.9,67178.7,67225
1770871560000,BTC-USDT,67265.8,6.97374748,67225,67280,67224.9,67265.8
1770871620000,BTC-USDT,67278.3,2.64871782,67265.8,67278.3,67254.9,67278.3
1770871680000,BTC-USDT,67272.8,0.80900006,67279.2,67281.4,67270.9,67272.8
1770871740000,BTC-USDT,67209.2,0.79930537,67272.7,67273.8,67209.2,67209.2
1770871800000,BTC-USDT,67254.2,1.43887759,67209.3,67257.9,67209.3,67254.2
1770871860000,BTC-USDT,67207,2.08470853,67254.1,67254.1,67189,67207
1770871920000,BTC-USDT,67125.1,4.75115842,67207,67207,67125.1,67125.1
1770871980000,BTC-USDT,67088.6,1.18934879,67125,67125.1,67088.6,67088.6
1770872040000,BTC-USDT,67084.9,3.3799016,67088.7,67104.3,67053.6,67084.9
1770872100000,BTC-USDT,67104.2,2.19128366,67085,67137.5,67072,67104.2
1770872160000,BTC-USDT,67107.5,2.30041521,67104.2,67135.6,67088.7,67107.5
1770872220000,BTC-USDT,67092.1,1.52957012,67107.6,67113.8,67076.1,67092.1
1770872280000,BTC-USDT,67010.1,12.66968991,67092,67093.8,67010.1,67010.1
1770872340000,BTC-USDT,67021,2.88220006,67010.1,67033.9,67002,67021
1770872400000,BTC-USDT,67005,13.70716908,67021.1,67021.1,66982.4,67005
1770872460000,BTC-USDT,67087.4,1.96714586,67005,67094,67005,67087.4
1770872520000,BTC-USDT,67101.1,2.03498391,67087.4,67131.4,67087.4,67101.1
1770872580000,BTC-USDT,67164.1,6.91091547,67101,67172.2,67093.9,67164.1
1770872640000,BTC-USDT,67172.7,1.43071515,67165,67179.8,67134.1,67172.7
1770872700000,BTC-USDT,67164,0.70209233,67171,67171,67133.5,67164
1770872760000,BTC-USDT,67183.9,2.53876546,67164,67186,67150.9,67183.9
1770872820000,BTC-USDT,67157.2,2.49035701,67183.9,67210.4,67152.5,67157.2
1770872880000,BTC-USDT,67084,15.62377656,67157.1,67157.1,67044.2,67084
1770872940000,BTC-USDT,67015.5,12.31266359,67084.5,67134.7,67014.8,67015.5
1770873000000,BTC-USDT,67003.1,9.00550139,67019,67050,67003.1,67003.1
1770873060000,BTC-USDT,66943,13.71590887,67003.1,67003.1,66921,66943
1770873120000,BTC-USDT,66888.9,5.84019791,66943,66945.9,66851.3,66888.9
1770873180000,BTC-USDT,66783.2,23.66867806,66888.9,66920,66772.2,66783.2
1770873240000,BTC-USDT,66809.9,11.96702139,66783.9,66839,66763.2,66809.9
1770873300000,BTC-USDT,66814.8,2.47449257,66809.9,66880.2,66809.9,66814.8
1770873360000,BTC-USDT,66828.3,5.1949918,66811,66864.8,66791,66828.3
1770873420000,BTC-USDT,66739.2,33.67947344,66828.3,66836.9,66717.9,66739.2
1770873480000,BTC-USDT,66716.8,12.9466833,66744,66749.8,66702.3,66716.8
1770873540000,BTC-USDT,66705,18.19178851,66715.7,66715.7,66653.9,66705
1770873600000,BTC-USDT,66814,4.27347228,66699.7,66819.9,66699.6,66814
1770873660000,BTC-USDT,66868.7,2.66510775,66814.1,66890.9,66812,66868.7
1770873720000,BTC-USDT,66837,0.76471374,66871.4,66871.5,66827.4,66837
1770873780000,BTC-USDT,66855,1.97244243,66837,66864.7,66830.8,66855
1770873840000,BTC-USDT,66882.1,3.28091764,66856,66897.6,66844.1,66882.1
1770873900000,BTC-USDT,66966,1.84493579,66885.9,66966,66877.7,66966
1770873960000,BTC-USDT,66924,1.84697874,66966.5,66986.3,66907.9,66924
1770874020000,BTC-USDT,66889.7,4.26883881,66926,66941.8,66877.5,66889.7
1770874080000,BTC-USDT,66857.3,5.75038852,66893.9,66916.7,66821.2,66857.3
1770874140000,BTC-USDT,66876.7,1.26526682,66856.1,66880,66848,66876.7
1770874200000,BTC-USDT,66877.2,6.47050436,66877.4,66899.9,66860,66877.2
1770874260000,BTC-USDT,66964.5,6.31114739,66877.1,67000,66877.1,66964.5
1770874320000,BTC-USDT,67062.8,6.40421035,66964.5,67078,66956.9,67062.8
1770874380000,BTC-USDT,67105.1,2.55631817,67058.9,67115.3,67058.9,67105.1
1770874440000,BTC-USDT,67090.8,3.37583462,67107,67115,67059.1,67090.8
1770874500000,BTC-USDT,67066.9,1.07555506,67088.3,67088.3,67046.1,67066.9
1770874560000,BTC-USDT,67035.7,0.55688868,67068.6,67078.2,67035.7,67035.7
1770874620000,BTC-USDT,67008.5,3.28587537,67035,67035,66962,67008.5
1770874680000,BTC-USDT,66964.2,1.42348151,67008.6,67033.3,66953.1,66964.2
1770874740000,BTC-USDT,66993.3,0.40379805,66965.3,66994.1,66949.8,66993.3
1770874800000,BTC-USDT,67040,3.60752128,66994.3,67042.4,66994.3,67040
1770874860000,BTC-USDT,67054.6,4.32012361,67039.9,67070.8,67032.7,67054.6
1770874920000,BTC-USDT,67098.1,5.57683833,67054.6,67123,67054.6,67098.1
1770874980000,BTC-USDT,67118.2,0.31889257,67098,67121.9,67087.5,67118.2
1770875040000,BTC-USDT,67086,1.97681152,67118.1,67130.4,67082.8,67086
1770875100000,BTC-USDT,67102,4.23792403,67085.9,67136.3,67054.3,67102
1770875160000,BTC-USDT,67120,2.50277289,67105,67133.7,67103.7,67120
1770875220000,BTC-USDT,67025.3,8.84585054,67118.7,67118.7,67025.2,67025.3
1770875280000,BTC-USDT,67068.1,1.93242112,67025.2,67084.8,67025.2,67068.1
1770875340000,BTC-USDT,67018.9,2.01889616,67066.5,67066.5,67018.9,67018.9
1770875400000,BTC-USDT,67010.2,0.63997302,67017.6,67044.6,67010.2,67010.2
1770875460000,BTC-USDT,67019,1.02792355,67010.3,67021,67000,67019
1770875520000,BTC-USDT,67049.5,0.53040577,67018.9,67050,67018.9,67049.5
1770875580000,BTC-USDT,67094.3,8.16735426,67049.5,67111.5,67029.6,67094.3
1770875640000,BTC-USDT,67062.3,7.88537135,67094.4,67118.7,67060.5,67062.3
1770875700000,BTC-USDT,67120.2,19.48120696,67062.3,67164.1,67062.3,67120.2
1770875760000,BTC-USDT,67110.4,8.38190292,67120,67143.1,67110.4,67110.4
1770875820000,BTC-USDT,67120,2.40034868,67110.1,67132.9,67106.8,67120
1770875880000,BTC-USDT,67120.4,4.08099243,67120,67141.4,67109.5,67120.4
1770875940000,BTC-USDT,67139,1.38238174,67121.5,67139,67115.2,67139
1770876000000,BTC-USDT,67132.1,4.34510205,67139.7,67155,67119.1,67132.1
1770876060000,BTC-USDT,67134.8,1.55189701,67130.8,67134.8,67086.4,67134.8
1770876120000,BTC-USDT,67155.7,8.47532316,67132.9,67155.7,67117.1,67155.7
1770876180000,BTC-USDT,67159.1,3.43877851,67155.8,67174.8,67137.9,67159.1
1770876240000,BTC-USDT,67028.1,3.77021189,67159.1,67165.4,67022.1,67028.1
1770876300000,BTC-USDT,67055.7,2.56892433,67028.2,67071,67023.1,67055.7
1770876360000,BTC-USDT,67032.1,1.80118865,67055.7,67064,67032.1,67032.1
1770876420000,BTC-USDT,67054.6,0.48699598,67032,67061.4,67011.1,67054.6
1770876480000,BTC-USDT,67051.1,0.85377822,67053.1,67070.7,67046.3,67051.1
1770876540000,BTC-USDT,67078.1,0.38159438,67053,67078.2,67048,67078.1
1770876600000,BTC-USDT,67115.9,0.42759747,67078.1,67116,67077.1,67115.9
1770876660000,BTC-USDT,67113.7,1.95854192,67115.9,67116,67068,67113.7
1770876720000,BTC-USDT,67220.8,4.64276358,67115.9,67221.2,67115.9,67220.8
1770876780000,BTC-USDT,67204,2.37554811,67220.8,67249.9,67191,67204
1770876840000,BTC-USDT,67112.5,2.53222705,67204,67216.6,67112.5,67112.5
1770876900000,BTC-USDT,67159.7,1.65821988,67112.6,67186,67112.6,67159.7
1770876960000,BTC-USDT,67181,0.89643175,67159.6,67188.5,67137.5,67181
1770877020000,BTC-USDT,67195.9,2.64926813,67181.1,67222,67174.1,67195.9
1770877080000,BTC-USDT,67143.4,1.85005748,67195.4,67200,67140,67143.4
1770877140000,BTC-USDT,67123.5,1.20755182,67143.4,67158,67116.5,67123.5
1770877200000,BTC-USDT,67109,1.82965624,67123.6,67129.2,67100,67109
1770877260000,BTC-USDT,67133.1,3.97529621,67108.9,67151.9,67088.7,67133.1
1770877320000,BTC-USDT,67171,1.30575166,67138.4,67178.9,67117.9,67171
1770877380000,BTC-USDT,67197,0.56927707,67171,67207,67168.2,67197
1770877440000,BTC-USDT,67202.2,2.35474766,67197,67202.2,67188.1,67202.2
1770877500000,BTC-USDT,67282,4.18995959,67203.3,67300,67203.3,67282
1770877560000,BTC-USDT,67324,24.16063762,67281.9,67350.6,67254,67324
1770877620000,BTC-USDT,67292.3,4.91113688,67324,67358,67292.3,67292.3
1770877680000,BTC-USDT,67322.1,12.02183653,67287.9,67340.6,67278,67322.1
1770877740000,BTC-USDT,67292.9,0.40922782,67322.1,67322.1,67292.9,67292.9
1770877800000,BTC-USDT,67320,14.94394514,67293,67383.3,67285.8,67320
1770877860000,BTC-USDT,67251,1.43535825,67320,67320.1,67244.2,67251
1770877920000,BTC-USDT,67293.8,1.43305463,67251,67312.9,67251,67293.8
1770877980000,BTC-USDT,67222.4,0.91648361,67294.9,67312,67222.4,67222.4
1770878040000,BTC-USDT,67236.8,16.26412268,67222.5,67264.7,67222.4,67236.8
1770878100000,BTC-USDT,67190.4,6.41591399,67236.7,67254.1,67162,67190.4
1770878160000,BTC-USDT,67190.5,6.09135433,67190.4,67202.6,67158,67190.5
1770878220000,BTC-USDT,67206,7.21123652,67190.6,67219.1,67188,67206
1770878280000,BTC-USDT,67219.4,0.76009852,67205.1,67219.4,67188.5,67219.4
1770878340000,BTC-USDT,67253.7,0.80302427,67219.4,67266.3,67219.4,67253.7
1770878400000,BTC-USDT,67297.4,2.77694029,67256,67300,67239.6,67297.4
1770878460000,BTC-USDT,67271,5.60992713,67297.1,67332.9,67260.2,67271
1770878520000,BTC-USDT,67241.5,0.63413508,67271,67271,67222.6,67241.5
1770878580000,BTC-USDT,67228,1.45887474,67241.3,67241.3,67200.1,67228
1770878640000,BTC-USDT,67240.5,1.25526108,67231.2,67262,67231.1,67240.5
1770878700000,BTC-USDT,67281,6.35437842,67240,67289.4,67235,67281
1770878760000,BTC-USDT,67269.1,1.49409638,67281,67312.6,67269.1,67269.1
1770878820000,BTC-USDT,67186,2.26428931,67267.5,67267.5,67186,67186
1770878880000,BTC-USDT,67276,4.80960011,67186.1,67285.1,67186,67276
1770878940000,BTC-USDT,67217,2.95313024,67276.1,67276.1,67217,67217
1770879000000,BTC-USDT,67148.1,8.2305445,67217.1,67245.2,67148,67148.1
1770879060000,BTC-USDT,67136.9,3.12584849,67148,67148,67120.1,67136.9
1770879120000,BTC-USDT,67134.1,1.54152492,67137,67163.6,67134,67134.1
1770879180000,BTC-USDT,67154.8,1.84382048,67134.1,67176,67131,67154.8
1770879240000,BTC-USDT,67134.1,11.4535865,67153.1,67153.1,67125.9,67134.1
1770879300000,BTC-USDT,67138,11.47622637,67133.1,67140.7,67114.9,67138
1770879360000,BTC-USDT,67115.7,22.62748242,67138,67141.7,67087.5,67115.7
1770879420000,BTC-USDT,67114.7,11.19378755,67115.6,67118.7,67086.4,67114.7
1770879480000,BTC-USDT,67098.7,10.17500441,67114.7,67114.8,67096.6,67098.7
1770879540000,BTC-USDT,67120,0.96177648,67098.7,67120,67083.6,67120
1770879600000,BTC-USDT,67130.5,8.7938531,67124.5,67153.9,67095.1,67130.5
1770879660000,BTC-USDT,67054.5,7.66096024,67127,67136.9,67037.3,67054.5
1770879720000,BTC-USDT,67046.5,4.99628573,67054.4,67060.9,66984.4,67046.5
1770879780000,BTC-USDT,67049,4.0519397,67046.5,67058.9,67015.5,67049
1770879840000,BTC-USDT,67078,1.84625648,67049,67082.9,67041.2,67078
1770879900000,BTC-USDT,67035.2,7.07814136,67078.8,67078.8,67022.6,67035.2
1770879960000,BTC-USDT,67018.2,5.95239706,67033,67043.9,66988.8,67018.2
1770880020000,BTC-USDT,67005.1,1.47437663,67018.2,67031.6,66997.5,67005.1
1770880080000,BTC-USDT,67018.1,9.43377965,67005,67032.7,66971,67018.1
1770880140000,BTC-USDT,67007.1,0.76326073,67018,67034.6,67004.4,67007.1
1770880200000,BTC-USDT,66967.5,2.75529563,67007.1,67007.1,66944.8,66967.5
1770880260000,BTC-USDT,66935.1,1.67805333,66967.4,66970.2,66935,66935.1
1770880320000,BTC-USDT,66955,7.24413679,66935,66970.2,66935,66955
1770880380000,BTC-USDT,66984.4,5.7969674,66955,66984.4,66955,66984.4
1770880440000,BTC-USDT,66994.1,0.7280006,66984.6,66994.6,66978.3,66994.1
1770880500000,BTC-USDT,66959.9,1.4506451,66994,67011.2,66957,66959.9
1770880560000,BTC-USDT,67020.2,3.2238951,66960,67020.2,66960,67020.2
1770880620000,BTC-USDT,67082.1,13.07387849,67020.1,67082.1,67020.1,67082.1
1770880680000,BTC-USDT,67044.1,0.54670384,67086.2,67087.5,67044,67044.1
1770880740000,BTC-USDT,67082.1,2.35544363,67044,67082.1,67044,67082.1
1770880800000,BTC-USDT,67099.9,14.12354103,67082.1,67129.5,67075,67099.9
1770880860000,BTC-USDT,67076.8,8.92798096,67099.9,67100,67076.8,67076.8
1770880920000,BTC-USDT,67096.1,0.81497339,67076.8,67100,67076.8,67096.1
1770880980000,BTC-USDT,67161,9.69234544,67096,67166,67096,67161
1770881040000,BTC-USDT,67220.4,14.99999475,67161.9,67220.4,67161.9,67220.4
1770881100000,BTC-USDT,67255.1,6.26554906,67221.1,67299.9,67214,67255.1
1770881160000,BTC-USDT,67320,24.75436443,67255.1,67320,67255.1,67320
1770881220000,BTC-USDT,67267.4,8.14112446,67319.9,67330,67266.4,67267.4
1770881280000,BTC-USDT,67231.9,1.86093565,67267.4,67284.9,67231.9,67231.9
1770881340000,BTC-USDT,67224,2.20479878,67231.9,67259.3,67212.3,67224
1770881400000,BTC-USDT,67196.4,2.65007204,67224,67240,67180.3,67196.4
1770881460000,BTC-USDT,67219.9,5.58351457,67198.8,67239.9,67171,67219.9
1770881520000,BTC-USDT,67232.1,2.03065897,67220,67240,67200,67232.1
1770881580000,BTC-USDT,67239.9,0.89645759,67233,67240,67208.7,67239.9
1770881640000,BTC-USDT,67176.5,1.55096586,67240,67243.3,67176.5,67176.5
1770881700000,BTC-USDT,67206,1.93949203,67173.7,67224,67173.6,67206
1770881760000,BTC-USDT,67148.3,24.30135411,67206,67206,67148.3,67148.3
1770881820000,BTC-USDT,67140,21.53802217,67148.3,67150,67125.2,67140
1770881880000,BTC-USDT,67155.4,16.28129899,67140,67173.8,67139.9,67155.4
1770881940000,BTC-USDT,67200,5.56224591,67157.4,67200,67157.3,67200
1770882000000,BTC-USDT,67176.3,6.87852095,67200,67200,67169.6,67176.3
1770882060000,BTC-USDT,67198.4,2.80904464,67176.3,67249.6,67176.2,67198.4
1770882120000,BTC-USDT,67151,1.2066896,67198.4,67198.4,67148.4,67151
1770882180000,BTC-USDT,67132.6,1.96872167,67151,67151,67132.6,67132.6
1770882240000,BTC-USDT,67126.3,3.63173783,67132.1,67160,67126.3,67126.3
1770882300000,BTC-USDT,67088.7,2.26029739,67126.1,67126.1,67088.6,67088.7
1770882360000,BTC-USDT,67151.5,4.03818236,67088.7,67151.5,67088.6,67151.5
1770882420000,BTC-USDT,67128,2.35138453,67152.9,67170,67127.9,67128
1770882480000,BTC-USDT,67113.7,11.75545552,67128,67149.8,67113.7,67113.7
1770882540000,BTC-USDT,67149.2,8.72154041,67113.7,67149.2,67096.4,67149.2
1770882600000,BTC-USDT,67163,6.65200858,67149.2,67163,67122.1,67163
1770882660000,BTC-USDT,67170,3.06224768,67163,67170,67162.9,67170
1770882720000,BTC-USDT,67164.9,6.29796554,67170,67170,67161.2,67164.9
1770882780000,BTC-USDT,67188.2,4.72316634,67165,67188.2,67150.1,67188.2
1770882840000,BTC-USDT,67118.1,3.94398389,67188.2,67190.9,67117.7,67118.1
1770882900000,BTC-USDT,67157.2,2.0343809,67118.2,67157.2,67112.4,67157.2
1770882960000,BTC-USDT,67186.3,3.88271902,67157.2,67205.9,67157.1,67186.3
1770883020000,BTC-USDT,67210,1.33960768,67186.3,67210,67184.9,67210
1770883080000,BTC-USDT,67227.1,2.83962717,67210,67232.9,67209.9,67227.1
1770883140000,BTC-USDT,67212.2,2.17278429,67227.8,67228,67201,67212.2
1770883200000,BTC-USDT,67260.3,3.96335978,67212.3,67260.3,67212.2,67260.3
1770883260000,BTC-USDT,67264.7,1.4304845,67263.1,67296.9,67263.1,67264.7
1770883320000,BTC-USDT,67220.1,9.8463566,67264.6,67264.6,67220,67220.1
1770883380000,BTC-USDT,67250,3.02703753,67220,67261.2,67167.4,67250
1770883440000,BTC-USDT,67180,2.29986917,67250,67257.7,67180,67180
1770883500000,BTC-USDT,67107.1,3.21213002,67180,67188.8,67107.1,67107.1
1770883560000,BTC-USDT,67251,3.06096678,67107.1,67270.9,67083.3,67251
1770883620000,BTC-USDT,67318.7,14.21682464,67254,67318.7,67205.1,67318.7
1770883680000,BTC-USDT,67306,2.54190929,67320,67333.3,67286.1,67306
1770883740000,BTC-USDT,67293.9,1.4352641,67310.9,67311,67286.2,67293.9
1770883800000,BTC-USDT,67267.9,4.22022461,67294,67296.9,67267.8,67267.9
1770883860000,BTC-USDT,67230,13.3740266,67267.8,67267.8,67200.3,67230
1770883920000,BTC-USDT,67249.6,1.79276251,67230,67249.6,67229.9,67249.6
1770883980000,BTC-USDT,67239.9,1.56591858,67251.2,67251.2,67229.7,67239.9
1770884040000,BTC-USDT,67244.4,3.97544866,67240,67250,67238.3,67244.4
1770884100000,BTC-USDT,67170.1,3.76602054,67244.4,67244.4,67170,67170.1
1770884160000,BTC-USDT,67149,1.17924312,67170,67182.8,67149,67149
1770884220000,BTC-USDT,67134.1,10.72065394,67150.2,67158.9,67131.1,67134.1
1770884280000,BTC-USDT,67095.9,2.91786074,67134.1,67134.1,67088.6,67095.9
1770884340000,BTC-USDT,67069.9,3.91423551,67096,67134.3,67061,67069.9
1770884400000,BTC-USDT,67082.3,3.52760053,67070,67122.1,67070,67082.3
1770884460000,BTC-USDT,67071.6,2.38808712,67080.6,67080.6,67060.1,67071.6
1770884520000,BTC-USDT,67042.3,2.2834358,67072.6,67086.2,67034.2,67042.3
1770884580000,BTC-USDT,67036.9,2.10123824,67042.2,67042.3,67012,67036.9
1770884640000,BTC-USDT,67076.7,19.47773834,67036.9,67076.8,67032.4,67076.7
1770884700000,BTC-USDT,67031.5,1.5277909,67076.7,67076.7,67015.1,67031.5
1770884760000,BTC-USDT,67004,2.57312902,67031.6,67038.2,67000,67004
1770884820000,BTC-USDT,66950.5,4.64456887,67004,67005.1,66950.4,66950.5
1770884880000,BTC-USDT,66933,4.37204268,66950.5,66950.5,66894.1,66933
1770884940000,BTC-USDT,66927,1.25671802,66933,66934,66913.5,66927
1770885000000,BTC-USDT,66972.3,1.84946238,66927,66972.4,66921.8,66972.3
1770885060000,BTC-USDT,66931.8,1.38375422,66972.3,66972.3,66925.8,66931.8
1770885120000,BTC-USDT,66947,1.44125975,66934,66957.8,66914.4,66947
1770885180000,BTC-USDT,66985,1.72094517,66950,66999.5,66950,66985
1770885240000,BTC-USDT,66978,1.15341774,66985,67018,66978,66978
1770885300000,BTC-USDT,67017.9,6.95501054,66979,67018,66979,67017.9
1770885360000,BTC-USDT,67021.5,2.14963068,67017.3,67021.5,66979.8,67021.5
1770885420000,BTC-USDT,66981.4,1.36109054,67021.5,67035,66981.3,66981.4
1770885480000,BTC-USDT,66990.6,1.22199413,66981.3,67011,66951,66990.6
1770885540000,BTC-USDT,66988.3,0.42241357,66990.7,66990.7,66966,66988.3
1770885600000,BTC-USDT,67059.6,7.26504117,66988.4,67071,66988.3,67059.6
1770885660000,BTC-USDT,67030.8,1.60105535,67059.5,67059.5,67026.5,67030.8
1770885720000,BTC-USDT,67041.5,2.62733652,67030.8,67059.8,67027.7,67041.5
1770885780000,BTC-USDT,67009.4,6.28691771,67041.4,67049.9,66986.9,67009.4
1770885840000,BTC-USDT,66971,13.12782053,67009.5,67023,66971,66971
1770885900000,BTC-USDT,67025,1.44559935,66971,67025,66971,67025
1770885960000,BTC-USDT,67005.2,10.73623981,67026.5,67039.1,66987.1,67005.2
1770886020000,BTC-USDT,67020.5,0.65355279,67006.6,67020.5,67000.3,67020.5
1770886080000,BTC-USDT,67019.1,1.16030452,67020.5,67038,67008.8,67019.1
1770886140000,BTC-USDT,67001.1,0.61567874,67018.6,67018.6,67001,67001.1
1770886200000,BTC-USDT,67040.9,1.66278087,67001,67040.9,67001,67040.9
1770886260000,BTC-USDT,67032.5,0.67581869,67041,67054.4,67032.4,67032.5
1770886320000,BTC-USDT,67037,2.10237903,67032.4,67042.9,67020.1,67037
1770886380000,BTC-USDT,67079,8.17650317,67037,67098.8,67033,67079
1770886440000,BTC-USDT,67110.2,0.58547545,67079,67110.3,67079,67110.2
1770886500000,BTC-USDT,67127,17.60105183,67110.3,67150,67084,67127
1770886560000,BTC-USDT,67130.7,4.89145788,67133.9,67154,67126.9,67130.7
1770886620000,BTC-USDT,67130.2,0.75925843,67130.7,67140.8,67130,67130.2
1770886680000,BTC-USDT,67133.6,8.09795669,67130.2,67153.5,67130.2,67133.6
1770886740000,BTC-USDT,67137.4,1.08255917,67133.1,67137.4,67120,67137.4
1770886800000,BTC-USDT,67108,3.82911137,67139.6,67145,67074.4,67108
1770886860000,BTC-USDT,67053.4,1.35039719,67107.9,67108.4,67053.4,67053.4
1770886920000,BTC-USDT,67084.5,1.17879898,67053.5,67097,67053.5,67084.5
1770886980000,BTC-USDT,67062.7,1.20837816,67084.5,67111,67060.1,67062.7
1770887040000,BTC-USDT,67119.2,4.7711684,67066.9,67129.2,67064.1,67119.2
1770887100000,BTC-USDT,67117.3,1.13986943,67118.5,67128,67089.2,67117.3
1770887160000,BTC-USDT,67071.2,2.7825734,67117.3,67117.3,67071.2,67071.2
1770887220000,BTC-USDT,67079,5.12538737,67070.1,67087,67065.1,67079
1770887280000,BTC-USDT,67068.8,4.24495825,67079,67079,67068,67068.8
1770887340000,BTC-USDT,67071,0.87685481,67069.9,67073.7,67049.5,67071
1770887400000,BTC-USDT,67156.6,2.47692478,67071,67156.6,67062.5,67156.6
1770887460000,BTC-USDT,67193.4,11.99195993,67156.8,67233.3,67128.9,67193.4
1770887520000,BTC-USDT,67209.5,4.33412062,67193.3,67226.3,67179.1,67209.5
1770887580000,BTC-USDT,67168.1,25.60174042,67209.5,67209.5,67117.1,67168.1
1770887640000,BTC-USDT,67188.9,0.68645843,67168.1,67188.9,67163,67188.9
1770887700000,BTC-USDT,67204.6,0.68889847,67188.9,67219.9,67163.7,67204.6
1770887760000,BTC-USDT,67207.5,0.43423653,67201.7,67220.9,67200.6,67207.5
1770887820000,BTC-USDT,67252.4,2.22438637,67207.6,67264,67207.6,67252.4
1770887880000,BTC-USDT,67232,3.05790395,67252.4,67252.9,67210,67232
1770887940000,BTC-USDT,67212.5,0.98898526,67232.1,67243.2,67210.1,67212.5
1770888000000,BTC-USDT,67219.1,2.59245046,67210.9,67230.4,67205.1,67219.1
1770888060000,BTC-USDT,67268.1,7.02265044,67219,67278.9,67219,67268.1
1770888120000,BTC-USDT,67260.1,1.43780807,67268.1,67280,67252,67260.1
1770888180000,BTC-USDT,67275.1,9.46469823,67260.1,67289.7,67258.5,67275.1
1770888240000,BTC-USDT,67278.9,7.18649837,67275.1,67292,67260.4,67278.9
1770888300000,BTC-USDT,67258.6,3.55333901,67278.8,67287,67251,67258.6
1770888360000,BTC-USDT,67234.1,2.94367758,67258.5,67275.8,67234,67234.1
1770888420000,BTC-USDT,67312.9,5.00450564,67234,67314,67233.3,67312.9
1770888480000,BTC-USDT,67301.2,9.89787604,67312.9,67326,67284.9,67301.2
1770888540000,BTC-USDT,67293.9,25.89116003,67301.2,67317,67264.6,67293.9
1770888600000,BTC-USDT,67272,23.12497545,67293.9,67294,67245.4,67272
1770888660000,BTC-USDT,67258.8,18.02158746,67275.2,67289.7,67231.1,67258.8
1770888720000,BTC-USDT,67314.1,2.55630658,67258.9,67325.5,67252,67314.1
1770888780000,BTC-USDT,67438.2,13.59197503,67314.1,67442.5,67309.9,67438.2
1770888840000,BTC-USDT,67460.8,34.40893322,67438.2,67466.6,67412.7,67460.8
1770888900000,BTC-USDT,67435.6,9.7590418,67460.8,67460.8,67407.9,67435.6
1770888960000,BTC-USDT,67416,2.62970523,67435.4,67460.8,67395,67416
1770889020000,BTC-USDT,67414.1,1.19657031,67416.9,67420,67385.2,67414.1
1770889080000,BTC-USDT,67380.1,1.33663549,67414.1,67422,67380.1,67380.1
1770889140000,BTC-USDT,67370.4,1.76012957,67380,67387.9,67363,67370.4
1770889200000,BTC-USDT,67379,2.86980238,67370.5,67385.8,67360.3,67379
1770889260000,BTC-USDT,67387.9,1.35722726,67378.9,67388,67361.8,67387.9
1770889320000,BTC-USDT,67412.9,2.10682831,67388,67424.8,67387.9,67412.9
1770889380000,BTC-USDT,67418.9,6.03799014,67412.9,67449.9,67405.6,67418.9
1770889440000,BTC-USDT,67416,2.91671738,67418,67432.5,67406,67416
1770889500000,BTC-USDT,67444.5,6.55685439,67416,67460.8,67400,67444.5
1770889560000,BTC-USDT,67420.9,0.68755677,67444.5,67446.9,67418.5,67420.9
1770889620000,BTC-USDT,67379.8,2.09787547,67420.8,67420.8,67373.1,67379.8
1770889680000,BTC-USDT,67389.8,1.86363046,67379.8,67398.9,67368.9,67389.8
1770889740000,BTC-USDT,67372.4,0.69897853,67389.9,67389.9,67355,67372.4
1770889800000,BTC-USDT,67358,1.40697642,67372.4,67372.4,67355,67358
1770889860000,BTC-USDT,67423.6,14.49136683,67358,67436.4,67349.2,67423.6
1770889920000,BTC-USDT,67420,0.8985692,67423.7,67437.2,67395.1,67420
1770889980000,BTC-USDT,67462.6,4.86420637,67423.6,67469,67423.5,67462.6
1770890040000,BTC-USDT,67506.1,7.61930821,67462.6,67550,67462.6,67506.1
1770890100000,BTC-USDT,67524,2.00942696,67506,67550,67490,67524
1770890160000,BTC-USDT,67677,20.49923486,67524,67697.7,67514.9,67677
1770890220000,BTC-USDT,67578,14.52303429,67678,67699.8,67547.4,67578
1770890280000,BTC-USDT,67592.9,1.40057705,67578,67593,67560.1,67592.9
1770890340000,BTC-USDT,67554.3,3.29156769,67593,67615.7,67544.3,67554.3
1770890400000,BTC-USDT,67549.1,15.2670826,67554.3,67554.4,67512.1,67549.1
1770890460000,BTC-USDT,67528,3.85757081,67548,67553.5,67507.3,67528
1770890520000,BTC-USDT,67568,6.93287248,67528.1,67569.8,67518.1,67568
1770890580000,BTC-USDT,67552.9,9.76320415,67568,67635.2,67544.5,67552.9
1770890640000,BTC-USDT,67550.1,2.45883628,67553,67569.6,67537.6,67550.1
1770890700000,BTC-USDT,67566.2,8.78530783,67550.1,67602.2,67524.8,67566.2
1770890760000,BTC-USDT,67589,2.53076481,67569,67589,67528,67589
1770890820000,BTC-USDT,67613.5,3.47447888,67588.9,67630.9,67588.9,67613.5
1770890880000,BTC-USDT,67557.1,8.01890001,67613.5,67613.5,67554.1,67557.1
1770890940000,BTC-USDT,67534.9,8.29477686,67557.1,67557.1,67523.7,67534.9
1770891000000,BTC-USDT,67516.7,9.31655702,67534.9,67546.5,67510.9,67516.7
1770891060000,BTC-USDT,67546.6,7.02651032,67516.6,67546.6,67508.2,67546.6
1770891120000,BTC-USDT,67494.9,11.0084211,67548.5,67548.5,67494.8,67494.9
1770891180000,BTC-USDT,67500,8.55360762,67494.8,67524,67482.1,67500
1770891240000,BTC-USDT,67563,14.10099294,67501.7,67563,67468.2,67563
1770891300000,BTC-USDT,67493.2,2.59587416,67563,67563,67479.8,67493.2
1770891360000,BTC-USDT,67497.5,1.23578573,67493.2,67514.4,67471.5,67497.5
1770891420000,BTC-USDT,67500.3,1.17609172,67497.4,67500.3,67475,67500.3
1770891480000,BTC-USDT,67511.7,4.07913789,67500.4,67549.6,67500.4,67511.7
1770891540000,BTC-USDT,67500.2,0.70378303,67512.3,67528,67500,67500.2
1770891600000,BTC-USDT,67500.1,0.98847359,67500.1,67511,67500.1,67500.1
1770891660000,BTC-USDT,67512.4,0.81117038,67500.1,67528.2,67500.1,67512.4
1770891720000,BTC-USDT,67470.4,1.27725604,67518,67518,67467.8,67470.4
1770891780000,BTC-USDT,67442.2,0.94181659,67470.4,67470.5,67439.1,67442.2
1770891840000,BTC-USDT,67420.5,2.23684614,67442.3,67447.9,67409.6,67420.5
1770891900000,BTC-USDT,67523.6,3.38884244,67420.5,67528.4,67420.5,67523.6
1770891960000,BTC-USDT,67576.6,2.57598094,67523.6,67594,67523.6,67576.6
1770892020000,BTC-USDT,67546.9,1.77697331,67576.5,67584,67531,67546.9
1770892080000,BTC-USDT,67583.6,1.78209193,67546.9,67588.5,67546.1,67583.6
1770892140000,BTC-USDT,67608.9,1.60234615,67583.7,67612.6,67579,67608.9
1770892200000,BTC-USDT,67634,5.18671476,67608.9,67649.9,67606.8,67634
1770892260000,BTC-USDT,67724.9,7.55301788,67633.9,67732,67633.9,67724.9
1770892320000,BTC-USDT,67766,6.52482744,67725,67779.2,67696.2,67766
1770892380000,BTC-USDT,67762.9,7.4954472,67766.1,67843.1,67748.6,67762.9
1770892440000,BTC-USDT,67732,2.55817403,67763,67763,67702.9,67732
1770892500000,BTC-USDT,67738.3,3.44802752,67731.9,67760,67688.9,67738.3
1770892560000,BTC-USDT,67799.5,3.93229025,67738.2,67808.9,67726,67799.5
1770892620000,BTC-USDT,67756.9,1.53736413,67799.5,67808.6,67756.9,67756.9
1770892680000,BTC-USDT,67766,3.02943615,67756.9,67780,67750,67766
1770892740000,BTC-USDT,67736,3.71021945,67765.9,67773.8,67720.6,67736
1770892800000,BTC-USDT,67700.5,1.35931164,67738,67739.9,67673.2,67700.5
1770892860000,BTC-USDT,67689.9,0.42301877,67700.4,67700.5,67667.1,67689.9
1770892920000,BTC-USDT,67672,3.76989148,67690,67701,67668.2,67672
1770892980000,BTC-USDT,67665.1,1.76775558,67671,67671,67654.1,67665.1
1770893040000,BTC-USDT,67665,3.35548053,67665.1,67665.1,67636,67665
1770893100000,BTC-USDT,67657.7,2.66271987,67665.1,67698.8,67653.1,67657.7
1770893160000,BTC-USDT,67738.2,1.12127525,67657.7,67738.2,67654.8,67738.2
1770893220000,BTC-USDT,67771,13.22529071,67738.2,67797.8,67729.6,67771
1770893280000,BTC-USDT,67786.8,0.97465565,67771.1,67799.9,67771.1,67786.8
1770893340000,BTC-USDT,67842.3,9.25606312,67786.7,67900.2,67786.7,67842.3
1770893400000,BTC-USDT,67806.1,3.08501312,67841,67844.7,67791.3,67806.1
1770893460000,BTC-USDT,67861.1,1.42624548,67806,67865,67802.5,67861.1
1770893520000,BTC-USDT,67881.9,4.96930537,67861,67891.5,67823.1,67881.9
1770893580000,BTC-USDT,67897.1,1.60391469,67879.1,67916.6,67861.9,67897.1
1770893640000,BTC-USDT,67900,6.78279624,67896.1,67900,67846.8,67900
1770893700000,BTC-USDT,67900.4,2.68164251,67899.9,67929.9,67878,67900.4
1770893760000,BTC-USDT,67889.8,7.55082941,67900.4,67900.5,67853.2,67889.8
1770893820000,BTC-USDT,67957,3.32663827,67889.8,67958.2,67875.1,67957
1770893880000,BTC-USDT,67951,8.2356435,67957.8,67974.6,67933.6,67951
1770893940000,BTC-USDT,68011.3,36.17279381,67951,68063.1,67942.8,68011.3
1770894000000,BTC-USDT,67969,26.88568994,68013,68018.9,67943.5,67969
1770894060000,BTC-USDT,67951.6,8.12287409,67969,68012.5,67935.4,67951.6
1770894120000,BTC-USDT,68074,26.81482068,67949.9,68121.4,67942.1,68074
1770894180000,BTC-USDT,68078,3.64360157,68070.1,68120.5,68025,68078
1770894240000,BTC-USDT,68049,4.94399801,68076,68103.4,68040,68049
1770894300000,BTC-USDT,68041.5,3.85150719,68049,68110,68021,68041.5
1770894360000,BTC-USDT,67970.4,5.50361745,68041.4,68041.4,67948,67970.4
1770894420000,BTC-USDT,67948.6,9.52633027,67964.4,67994.9,67928,67948.6
1770894480000,BTC-USDT,67973.6,4.3171076,67949.3,67979.9,67919.5,67973.6
1770894540000,BTC-USDT,67939.3,2.61175035,67977.1,67979.5,67939.2,67939.3
1770894600000,BTC-USDT,67806.6,67.17657458,67939.2,67939.3,67742.2,67806.6
1770894660000,BTC-USDT,67835,3.85685073,67806.7,67857.9,67796.3,67835
1770894720000,BTC-USDT,67841.4,12.78153588,67835,67874.9,67826.4,67841.4
1770894780000,BTC-USDT,67870,0.75136982,67841.5,67881.9,67838,67870
1770894840000,BTC-USDT,67909.1,6.74591689,67870,67914.6,67855,67909.1
1770894900000,BTC-USDT,67878.8,3.13858271,67909.1,67909.1,67842,67878.8
1770894960000,BTC-USDT,67850.2,1.52683031,67879.4,67881.9,67840.4,67850.2
1770895020000,BTC-USDT,67968.6,6.24934127,67850.2,67989.8,67850.2,67968.6
1770895080000,BTC-USDT,68007.9,2.43670023,67971.6,68008,67921.4,68007.9
1770895140000,BTC-USDT,67938.9,1.94270661,68003,68003,67933.6,67938.9
1770895200000,BTC-USDT,67999.9,3.56739055,67941,68000,67934.5,67999.9
1770895260000,BTC-USDT,68001,6.9567549,68000,68049.9,67978.1,68001
1770895320000,BTC-USDT,68038.8,2.73601837,68001,68050,68001,68038.8
1770895380000,BTC-USDT,68060,4.92426527,68038.8,68066.8,68015.3,68060
1770895440000,BTC-USDT,68094.3,11.34068205,68061,68100,68060.9,68094.3
1770895500000,BTC-USDT,68042.1,21.38984662,68099,68099.9,68034,68042.1
1770895560000,BTC-USDT,68099.9,12.95377736,68042.1,68100,68042.1,68099.9
1770895620000,BTC-USDT,68088.1,15.21708863,68099.9,68122,68086.8,68088.1
1770895680000,BTC-USDT,68205.6,17.7919687,68088.1,68206.7,68085.2,68205.6
1770895740000,BTC-USDT,68213,28.37322304,68203,68262.6,68185,68213
1770895800000,BTC-USDT,68222,10.61132723,68208.9,68296,68186.6,68222
1770895860000,BTC-USDT,68236.1,23.96201637,68221.9,68236.8,68189,68236.1
1770895920000,BTC-USDT,68163,11.09301426,68236.1,68246.8,68161.7,68163
1770895980000,BTC-USDT,68176.6,20.56139516,68163,68197,68109.8,68176.6
1770896040000,BTC-USDT,68181,13.00555196,68171.3,68188,68148.8,68181
1770896100000,BTC-USDT,68131.6,8.64739221,68181.1,68181.1,68131.6,68131.6
1770896160000,BTC-USDT,68127.9,2.23815389,68130.4,68148.5,68120,68127.9
1770896220000,BTC-USDT,68101.2,3.47427396,68127.8,68175.5,68100,68101.2
1770896280000,BTC-USDT,68128.6,11.87861328,68101.1,68130.2,68035.2,68128.6
1770896340000,BTC-USDT,68145.5,8.52535746,68126.3,68164.6,68051.2,68145.5
1770896400000,BTC-USDT,68105.4,9.18207629,68145.4,68145.4,68087.3,68105.4
1770896460000,BTC-USDT,68062.1,2.59081566,68105.5,68125.2,68060,68062.1
1770896520000,BTC-USDT,68066.9,2.06680526,68063,68066.9,68037.3,68066.9
1770896580000,BTC-USDT,68087.9,0.79005061,68066.8,68101,68048.1,68087.9
1770896640000,BTC-USDT,68094.1,6.31572097,68087.8,68096.6,68056,68094.1
1770896700000,BTC-USDT,68108,1.17971398,68094.7,68109.7,68062.1,68108
1770896760000,BTC-USDT,68074.4,1.27482432,68108,68123,68070.1,68074.4
1770896820000,BTC-USDT,68067.1,2.14894511,68074.4,68085.9,68043.3,68067.1
1770896880000,BTC-USDT,68059,3.66329515,68067.1,68094.9,68040.7,68059
1770896940000,BTC-USDT,68094.9,1.52111349,68059,68095,68041.9,68094.9
1770897000000,BTC-USDT,68048.8,1.9628101,68092.8,68092.8,68046,68048.8
1770897060000,BTC-USDT,68028,9.92512503,68048.5,68069.4,68016.9,68028
1770897120000,BTC-USDT,68056,3.39310003,68028,68073.6,68012.4,68056
1770897180000,BTC-USDT,68128.8,4.63506528,68056.1,68130.7,68056.1,68128.8
1770897240000,BTC-USDT,68117.4,2.87589999,68129.4,68172,68111.3,68117.4
1770897300000,BTC-USDT,68165.8,11.54166706,68117.4,68182.3,68107.8,68165.8
1770897360000,BTC-USDT,68127.7,1.79167956,68160.4,68160.4,68126.3,68127.7
1770897420000,BTC-USDT,68108.8,1.12589315,68127.8,68135,68080,68108.8
1770897480000,BTC-USDT,68140,2.65627464,68108.8,68140,68108.8,68140
1770897540000,BTC-USDT,68078.5,2.35616719,68139.9,68176.1,68078.5,68078.5
1770897600000,BTC-USDT,68125.3,3.73058728,68077.6,68162.8,68075,68125.3
1770897660000,BTC-USDT,68044.8,1.67223936,68123.9,68123.9,68043,68044.8
1770897720000,BTC-USDT,68028.4,4.54560664,68044.7,68044.7,67992.7,68028.4
1770897780000,BTC-USDT,67967.1,12.40483444,68024.1,68024.1,67944.8,67967.1
1770897840000,BTC-USDT,67942.7,4.92107334,67967.1,68024,67942.7,67942.7
1770897900000,BTC-USDT,67946.9,2.1131801,67942.6,67947,67912.4,67946.9
1770897960000,BTC-USDT,67915.2,2.60722708,67947,67947,67902.8,67915.2
1770898020000,BTC-USDT,67917.5,7.10610948,67920.9,67944,67887,67917.5
1770898080000,BTC-USDT,67952.8,11.84427993,67917.4,67987.9,67904.9,67952.8
1770898140000,BTC-USDT,67940,1.94208079,67949.8,67949.8,67924,67940
1770898200000,BTC-USDT,68007,4.67781502,67940,68007,67940,68007
1770898260000,BTC-USDT,67978,4.3555662,68008.3,68011.5,67960,67978
1770898320000,BTC-USDT,67952.1,7.93492746,67974.5,67974.6,67933.9,67952.1
1770898380000,BTC-USDT,67953.2,1.96074596,67952,67970,67947.3,67953.2
1770898440000,BTC-USDT,68034.9,2.58664065,67953.1,68055.5,67953.1,68034.9
1770898500000,BTC-USDT,68013.5,3.7083829,68030.9,68030.9,67999.9,68013.5
1770898560000,BTC-USDT,68015.9,6.70309486,68013.4,68042.9,67999.8,68015.9
1770898620000,BTC-USDT,67970.1,0.6798514,68014.1,68027.7,67970.1,67970.1
1770898680000,BTC-USDT,67955.7,0.7804556,67970,67979.5,67955.6,67955.7
1770898740000,BTC-USDT,67925.9,2.06651818,67955.6,67955.6,67904.1,67925.9
1770898800000,BTC-USDT,67937.4,1.61494973,67926,67953.7,67902.6,67937.4
1770898860000,BTC-USDT,67947.3,2.66683123,67937.4,67984.6,67931.4,67947.3
1770898920000,BTC-USDT,67920.5,8.51016231,67946.9,67946.9,67885,67920.5
1770898980000,BTC-USDT,67859.2,4.11071211,67914,67915,67857.2,67859.2
1770899040000,BTC-USDT,67862.1,1.85967093,67861,67899.1,67861,67862.1
1770899100000,BTC-USDT,67903.1,3.39351194,67861.8,67911.2,67861,67903.1
1770899160000,BTC-USDT,67911.3,0.76172288,67903.4,67911.3,67888,67911.3
1770899220000,BTC-USDT,67906,5.19266043,67911.8,67911.9,67897.5,67906
1770899280000,BTC-USDT,68002,36.56560325,67905.9,68019.3,67905.1,68002
1770899340000,BTC-USDT,67981.7,3.82044751,68001.9,68011.9,67974,67981.7
1770899400000,BTC-USDT,68002.7,4.08461614,67981.6,68003.8,67969.4,68002.7
1770899460000,BTC-USDT,67991,1.08871489,68002.6,68002.6,67970.1,67991
1770899520000,BTC-USDT,67933,1.57201079,67985.4,67985.4,67925,67933
1770899580000,BTC-USDT,67898,2.53565158,67932.9,67932.9,67882.6,67898
1770899640000,BTC-USDT,67880.1,1.66972104,67894.4,67910.2,67868.1,67880.1
1770899700000,BTC-USDT,67903.9,0.52809874,67880.1,67904,67880,67903.9
1770899760000,BTC-USDT,67866,3.38538386,67904.1,67915.6,67857.1,67866
1770899820000,BTC-USDT,67903.4,0.90791311,67865.9,67903.5,67858.9,67903.4
1770899880000,BTC-USDT,67909.3,2.90200326,67903.4,67919.9,67870.5,67909.3
1770899940000,BTC-USDT,67902.4,1.13212328,67914.1,67914.2,67895,67902.4
1770900000000,BTC-USDT,67946,7.68970887,67902.4,67959,67891.3,67946
1770900060000,BTC-USDT,67943.5,2.04235198,67942.8,67962.9,67930.7,67943.5
1770900120000,BTC-USDT,67870.1,4.13149586,67945.8,67964.1,67870,67870.1
1770900180000,BTC-USDT,67925.8,1.63675955,67870,67925.8,67854.8,67925.8
1770900240000,BTC-USDT,67875,1.17423133,67925.8,67927.9,67875,67875
1770900300000,BTC-USDT,67851,2.74484922,67874.1,67899.3,67849.2,67851
1770900360000,BTC-USDT,67860.1,7.12970793,67851,67870.2,67801,67860.1
1770900420000,BTC-USDT,67888.8,1.89038884,67860.2,67903.5,67858,67888.8
1770900480000,BTC-USDT,67899,2.37794705,67888.8,67906.6,67870.3,67899
1770900540000,BTC-USDT,67913.5,1.28258025,67897.9,67913.5,67885.2,67913.5
1770900600000,BTC-USDT,67935.5,0.87620395,67914.3,67948,67905.8,67935.5
1770900660000,BTC-USDT,67924.5,1.97534258,67935.9,67947.9,67914.7,67924.5
1770900720000,BTC-USDT,67911.9,0.70659976,67925.8,67929,67891.4,67911.9
1770900780000,BTC-USDT,67812.9,3.98509854,67912,67913,67791.5,67812.9
1770900840000,BTC-USDT,67787,2.34774484,67814.7,67814.7,67761.5,67787
1770900900000,BTC-USDT,67764.5,1.54283626,67787,67794.4,67750,67764.5
1770900960000,BTC-USDT,67737.8,4.07698238,67764.4,67783.4,67721.3,67737.8
1770901020000,BTC-USDT,67776.7,4.655735,67739.5,67780,67719.1,67776.7
1770901080000,BTC-USDT,67840,2.19436207,67776.6,67843,67776.6,67840
1770901140000,BTC-USDT,67857.9,2.96492676,67840,67869,67839.3,67857.9
1770901200000,BTC-USDT,67869.1,0.65540957,67858,67874.5,67840.1,67869.1
1770901260000,BTC-USDT,67807,3.69424824,67869.1,67881.3,67801,67807
1770901320000,BTC-USDT,67759,3.75849871,67807,67814.3,67741,67759
1770901380000,BTC-USDT,67789,1.0382839,67759.1,67802.3,67759.1,67789
1770901440000,BTC-USDT,67766.3,0.44510578,67789,67798.3,67761.7,67766.3
1770901500000,BTC-USDT,67714.3,1.78940965,67767.7,67814.9,67714.2,67714.3
1770901560000,BTC-USDT,67707.9,5.05736629,67727.3,67727.3,67680,67707.9
1770901620000,BTC-USDT,67706.2,0.90698001,67708,67727.2,67697.9,67706.2
1770901680000,BTC-USDT,67725,1.33296792,67705.8,67727.4,67697.5,67725
1770901740000,BTC-USDT,67819.2,5.56363191,67725,67825.9,67716.8,67819.2
1770901800000,BTC-USDT,67793.4,2.32233331,67818.4,67851.2,67793.4,67793.4
1770901860000,BTC-USDT,67810.1,0.51492522,67791.9,67812.6,67783,67810.1
1770901920000,BTC-USDT,67818.5,1.52514324,67810.1,67831.8,67800.1,67818.5
1770901980000,BTC-USDT,67828.6,1.72306139,67819.6,67852,67810.1,67828.6
1770902040000,BTC-USDT,67848.1,1.88349933,67828,67864.7,67820,67848.1
1770902100000,BTC-USDT,67977,10.14642061,67848,67986.8,67840,67977
1770902160000,BTC-USDT,67997.5,3.83672593,67977.1,68017,67926,67997.5
1770902220000,BTC-USDT,68041.7,3.1811468,67999.9,68042.1,67984,68041.7
1770902280000,BTC-USDT,68013.6,8.56556468,68041.7,68072.8,67989.1,68013.6
1770902340000,BTC-USDT,67997.7,5.95501927,68013,68013.1,67937.8,67997.7
1770902400000,BTC-USDT,67991.6,2.90859001,68001.4,68050,67987.6,67991.6
1770902460000,BTC-USDT,67981.9,1.75070213,67994.8,68021.3,67964.4,67981.9
1770902520000,BTC-USDT,67985.7,1.57944017,67983.7,67995.2,67970.1,67985.7
1770902580000,BTC-USDT,67969.9,2.07168245,67985.6,67989,67953.1,67969.9
1770902640000,BTC-USDT,67952.9,0.96360676,67971.2,67987.3,67952.9,67952.9
1770902700000,BTC-USDT,67780,19.81622716,67951.5,67951.5,67750,67780
1770902760000,BTC-USDT,67732.9,10.28219129,67779.9,67779.9,67709.5,67732.9
1770902820000,BTC-USDT,67725.1,13.56711891,67733,67733,67688.1,67725.1
1770902880000,BTC-USDT,67711,3.67889456,67725,67743,67705.1,67711
1770902940000,BTC-USDT,67771,1.28522474,67711.1,67771,67711.1,67771
1770903000000,BTC-USDT,67959.9,10.75360118,67770.9,68000,67727,67959.9
1770903060000,BTC-USDT,67837.5,8.38012256,67956.5,67956.5,67805.1,67837.5
1770903120000,BTC-USDT,67866.4,1.45662771,67845,67897.3,67844.1,67866.4
1770903180000,BTC-USDT,67902.6,1.48137357,67866.3,67914.8,67842.1,67902.6
1770903240000,BTC-USDT,67959.2,2.23451239,67899.9,67994,67899.9,67959.2
1770903300000,BTC-USDT,67938.8,2.41261117,67959.1,67989.9,67898.8,67938.8
1770903360000,BTC-USDT,67952.1,1.64475031,67938,67952.1,67903.1,67952.1
1770903420000,BTC-USDT,67978.8,2.64127388,67952.5,67979.4,67947,67978.8
1770903480000,BTC-USDT,67967.7,0.87080922,67979.2,67990,67951.1,67967.7
1770903540000,BTC-USDT,67942.1,3.0078002,67967.8,67979.7,67921.1,67942.1
1770903600000,BTC-USDT,68008,9.02833544,67935.1,68034,67935.1,68008
1770903660000,BTC-USDT,68027.8,2.80951784,68007,68028.5,67986,68027.8
1770903720000,BTC-USDT,68028.6,3.67353878,68025.5,68028.6,67996.1,68028.6
1770903780000,BTC-USDT,68148,11.65719988,68030.9,68151.7,68030.9,68148
1770903840000,BTC-USDT,68124.1,10.20510137,68148.1,68176.1,68110.1,68124.1
1770903900000,BTC-USDT,68094.1,27.71442467,68124,68164.6,68094.1,68094.1
1770903960000,BTC-USDT,68085.8,3.40416882,68092.1,68146.2,68063.2,68085.8
1770904020000,BTC-USDT,68060.1,0.85549461,68087,68099.9,68058.3,68060.1
1770904080000,BTC-USDT,68061.6,2.53717195,68060.1,68110,68047,68061.6
1770904140000,BTC-USDT,68012.4,1.80421396,68061.6,68061.6,67980.9,68012.4
1770904200000,BTC-USDT,68037.1,0.85756136,68012.5,68047.6,68012.5,68037.1
1770904260000,BTC-USDT,68018,1.02422492,68035,68035,67983,68018
1770904320000,BTC-USDT,68046.8,8.75153686,68017.9,68069.8,68007.5,68046.8
1770904380000,BTC-USDT,68079,21.28993775,68046.8,68125,68038.7,68079
1770904440000,BTC-USDT,68055.7,11.30962429,68079,68107,68039.8,68055.7
1770904500000,BTC-USDT,68126.3,5.53995483,68055.8,68142.4,68055.8,68126.3
1770904560000,BTC-USDT,68147.3,0.9178847,68126.3,68149.6,68121,68147.3
1770904620000,BTC-USDT,68274.8,9.67564771,68147.2,68274.8,68147.2,68274.8
1770904680000,BTC-USDT,68356.1,13.16764573,68275,68400,68274.1,68356.1
1770904740000,BTC-USDT,68383.3,4.45297654,68354.7,68383.3,68309.4,68383.3
1770904800000,BTC-USDT,68251.6,9.87427601,68377,68421.6,68233,68251.6
1770904860000,BTC-USDT,68171.8,11.06473252,68251.6,68251.7,68160.3,68171.8
1770904920000,BTC-USDT,68088.7,5.10697933,68174,68176,68087.2,68088.7
1770904980000,BTC-USDT,68017.6,8.64578776,68087.7,68093.4,67992.5,68017.6
1770905040000,BTC-USDT,68015.9,3.19183895,68019,68042.5,67991.6,68015.9
1770905100000,BTC-USDT,68020,2.15142459,68014,68020,67966.8,68020
1770905160000,BTC-USDT,67924,4.61955927,68022.7,68043.3,67916.7,67924
1770905220000,BTC-USDT,67859.9,10.68601519,67926.3,67941.3,67857,67859.9
1770905280000,BTC-USDT,67914.7,6.48399173,67862.8,67935.9,67861.1,67914.7
1770905340000,BTC-USDT,67983,7.18661494,67914,67989.9,67900,67983
1770905400000,BTC-USDT,68099.9,2.57428667,67983.8,68100,67983.8,68099.9
1770905460000,BTC-USDT,68041.1,3.85453826,68099.9,68112.8,68041.1,68041.1
1770905520000,BTC-USDT,68038.6,2.30127039,68040.5,68066.8,68016.3,68038.6
1770905580000,BTC-USDT,68054,1.64500292,68038.5,68062.9,68028,68054
1770905640000,BTC-USDT,68013,1.51322645,68054.1,68061.1,68000,68013
1770905700000,BTC-USDT,67932,10.76460457,68013,68015.9,67875.2,67932
1770905760000,BTC-USDT,67985.1,3.68180865,67932,67996,67931.9,67985.1
1770905820000,BTC-USDT,67969,3.99571612,67985.1,67999.5,67955.2,67969
1770905880000,BTC-USDT,67948,12.29821248,67969,67976.6,67877.1,67948
1770905940000,BTC-USDT,67962.1,2.10663799,67947.9,67983.4,67938.1,67962.1
1770906000000,BTC-USDT,67972,0.79935044,67962.1,67999.9,67949.1,67972
1770906060000,BTC-USDT,68027.5,6.12536484,67972,68062,67972,68027.5
1770906120000,BTC-USDT,68035,2.45910838,68027.5,68086.5,68027.5,68035
1770906180000,BTC-USDT,67946,5.94837127,68034.3,68050,67940.1,67946
1770906240000,BTC-USDT,67950,2.70168126,67945.9,67985,67924.3,67950
1770906300000,BTC-USDT,67979.5,9.59410945,67950,67989.2,67942,67979.5
1770906360000,BTC-USDT,67943.1,1.62568304,67979.4,67979.4,67938.1,67943.1
1770906420000,BTC-USDT,67963.1,1.78373827,67943.1,67979,67914,67963.1
1770906480000,BTC-USDT,67977,2.45283492,67963,68015.7,67963,67977
1770906540000,BTC-USDT,68000.5,1.50012255,67977.1,68012.8,67977.1,68000.5
1770906600000,BTC-USDT,68011.6,10.50707422,68000.5,68051.3,67908,68011.6
1770906660000,BTC-USDT,68136.8,18.21619305,68011.6,68193.9,67900.7,68136.8
1770906720000,BTC-USDT,68252.3,12.40326512,68136.8,68288.5,68129.7,68252.3
1770906780000,BTC-USDT,68191.4,11.50021685,68246.8,68279.6,68099.9,68191.4
1770906840000,BTC-USDT,68200,10.86530671,68190.1,68219.1,68107.1,68200
1770906900000,BTC-USDT,67956.3,33.89980561,68200,68240.8,67930.1,67956.3
1770906960000,BTC-USDT,67802.6,24.52745473,67956.4,67986.3,67785.6,67802.6
1770907020000,BTC-USDT,67903.9,23.06875793,67806.7,67903.9,67740,67903.9
1770907080000,BTC-USDT,67888.7,7.46827871,67895.9,68007.9,67848.5,67888.7
1770907140000,BTC-USDT,67889.5,15.52152358,67896.5,67902,67783.7,67889.5
1770907200000,BTC-USDT,67908.8,12.20007425,67888.1,68048,67842.6,67908.8
1770907260000,BTC-USDT,67945,4.64976471,67896.7,67986,67895,67945
1770907320000,BTC-USDT,67789,8.08678517,67945,67945,67772.2,67789
1770907380000,BTC-USDT,67793.9,10.29270915,67789,67834.1,67720.9,67793.9
1770907440000,BTC-USDT,67628.3,16.88517585,67801.9,67808.9,67604,67628.3
1770907500000,BTC-USDT,67550.1,26.56023627,67627.2,67715.4,67479,67550.1
1770907560000,BTC-USDT,67620.1,27.56415498,67545.9,67642.2,67504.9,67620.1
1770907620000,BTC-USDT,67761.4,6.30133201,67620,67800,67601.7,67761.4
1770907680000,BTC-USDT,67634.2,8.18761969,67761.4,67787.3,67631.6,67634.2
1770907740000,BTC-USDT,67634.5,18.24745037,67649.4,67728,67604.8,67634.5
1770907800000,BTC-USDT,67812,8.18838461,67634.6,67846.8,67612.5,67812
1770907860000,BTC-USDT,67733.3,9.08571995,67810.6,67908.9,67667.2,67733.3
1770907920000,BTC-USDT,67789.3,5.38630418,67733.3,67814.9,67705,67789.3
1770907980000,BTC-USDT,67916.2,6.19575287,67795.2,67949,67777.9,67916.2
1770908040000,BTC-USDT,67981,9.73110993,67912.1,67998.9,67899,67981
1770908100000,BTC-USDT,67879,3.58642033,67979.9,67986.8,67869.3,67879
1770908160000,BTC-USDT,67820.6,11.15231842,67886,67905.4,67800.5,67820.6
1770908220000,BTC-USDT,67750.1,8.0952085,67818.8,67818.8,67738.6,67750.1
1770908280000,BTC-USDT,67742,12.68645677,67750.1,67757.8,67708.3,67742
1770908340000,BTC-USDT,67578.7,10.542017,67744.6,67749,67577,67578.7
1770908400000,BTC-USDT,67615.1,14.9058589,67578.7,67664,67565.3,67615.1
1770908460000,BTC-USDT,67746,11.690018,67610.2,67763.6,67537.9,67746
1770908520000,BTC-USDT,67569.3,15.91956049,67742.8,67817.1,67551.7,67569.3
1770908580000,BTC-USDT,67610.1,5.631009,67575.7,67695.5,67554.6,67610.1
1770908640000,BTC-USDT,67285.1,34.26379056,67610.1,67618.9,67262.1,67285.1
1770908700000,BTC-USDT,67254.1,33.90239704,67297,67360.5,67239.5,67254.1
1770908760000,BTC-USDT,67310.5,39.42186632,67265,67339.9,67136.4,67310.5
1770908820000,BTC-USDT,67308.2,9.62095967,67310.7,67420,67235.1,67308.2
1770908880000,BTC-USDT,67141.8,11.33962326,67308.1,67345.9,67125.1,67141.8
1770908940000,BTC-USDT,67171.4,19.57337073,67141.8,67171.4,67074.7,67171.4
1770909000000,BTC-USDT,67231.9,12.06938108,67171,67264,67005,67231.9
1770909060000,BTC-USDT,67257.6,5.87720636,67227.1,67263.9,67159,67257.6
1770909120000,BTC-USDT,67352.1,5.40002971,67258.3,67359.3,67226,67352.1
1770909180000,BTC-USDT,67363.4,8.4217277,67352.9,67416.9,67320.9,67363.4
1770909240000,BTC-USDT,67419.1,11.29927877,67361.1,67455,67350.1,67419.1
1770909300000,BTC-USDT,67425.1,8.07044568,67418.6,67520,67361.6,67425.1
1770909360000,BTC-USDT,67644.1,10.31668692,67418.9,67679.9,67412.9,67644.1
1770909420000,BTC-USDT,67586,8.25367071,67644,67672.2,67552.5,67586
1770909480000,BTC-USDT,67545.7,6.85859502,67586.1,67665,67539.1,67545.7
1770909540000,BTC-USDT,67485.9,8.43352266,67545.6,67635.5,67477.6,67485.9
1770909600000,BTC-USDT,67636.6,6.10895222,67486,67679.9,67482,67636.6
1770909660000,BTC-USDT,67542,2.45683749,67650.2,67696.9,67540.1,67542
1770909720000,BTC-USDT,67861,16.26607137,67542,67908,67534.8,67861
1770909780000,BTC-USDT,67807.8,12.6180179,67860,67949.8,67770.8,67807.8
1770909840000,BTC-USDT,67817.9,6.26129889,67807.8,67871.9,67779.3,67817.9
1770909900000,BTC-USDT,67784,2.60214956,67820.2,67892.7,67783.9,67784
1770909960000,BTC-USDT,67776.1,3.8944116,67784.1,67821.7,67728.4,67776.1
1770910020000,BTC-USDT,67711.8,5.22581639,67777.8,67807,67673.8,67711.8
1770910080000,BTC-USDT,67873.1,8.78355401,67710.4,67888,67696.5,67873.1
1770910140000,BTC-USDT,67860.5,3.76898257,67873,67883,67786.1,67860.5
1770910200000,BTC-USDT,67961.3,10.23857813,67854.2,67999.9,67811.1,67961.3
1770910260000,BTC-USDT,67965.2,5.88481514,67968.9,67997,67934,67965.2
1770910320000,BTC-USDT,67740.4,5.90226888,67965.3,67971.2,67740.4,67740.4
1770910380000,BTC-USDT,67677.4,7.09422084,67749.8,67756.6,67656.3,67677.4
1770910440000,BTC-USDT,67648.3,5.58179621,67678.1,67683.8,67600,67648.3
1770910500000,BTC-USDT,67662.9,3.85504872,67640,67680,67604.5,67662.9
1770910560000,BTC-USDT,67635.4,4.38568061,67659.9,67659.9,67529,67635.4
1770910620000,BTC-USDT,67502.3,11.42882348,67636,67640.9,67502.3,67502.3
1770910680000,BTC-USDT,67349,33.73341621,67505,67520.9,67260.1,67349
1770910740000,BTC-USDT,67343.9,7.64483177,67349,67384.5,67286,67343.9
1770910800000,BTC-USDT,67322.1,9.49197332,67343.9,67426.6,67259.7,67322.1
1770910860000,BTC-USDT,67284,8.77663356,67322.1,67387,67281.1,67284
1770910920000,BTC-USDT,67418.1,7.45645716,67284,67423,67251,67418.1
1770910980000,BTC-USDT,67454,7.11472256,67418.2,67473.9,67380.8,67454
1770911040000,BTC-USDT,67403.8,5.58111504,67453.9,67478.2,67377.8,67403.8
1770911100000,BTC-USDT,67515.5,9.02728571,67407.5,67516.1,67325.5,67515.5
1770911160000,BTC-USDT,67410.2,6.97951584,67515.5,67541.5,67407,67410.2
1770911220000,BTC-USDT,67386,4.52142404,67410.2,67469.4,67384.6,67386
1770911280000,BTC-USDT,67355,14.34096362,67386,67471.7,67319.2,67355
1770911340000,BTC-USDT,67471,5.54559678,67359,67512.6,67345.6,67471
1770911400000,BTC-USDT,67392.6,10.41459405,67471,67510.5,67381.3,67392.6
1770911460000,BTC-USDT,67476.1,8.26859601,67400,67499.9,67350.6,67476.1
1770911520000,BTC-USDT,67365.7,10.55097963,67475.2,67497.2,67343.8,67365.7
1770911580000,BTC-USDT,67277,13.26912738,67363.7,67370,67273.4,67277
1770911640000,BTC-USDT,67140.8,13.63150623,67277,67300,67140.8,67140.8
1770911700000,BTC-USDT,67171.6,23.56543413,67140.1,67201,67089.6,67171.6
1770911760000,BTC-USDT,67131,12.40441461,67172.2,67208.3,67121.1,67131
1770911820000,BTC-USDT,67105.7,10.66588802,67140,67202.1,67083,67105.7
1770911880000,BTC-USDT,67132.3,6.33008146,67105.7,67173,67101.7,67132.3
1770911940000,BTC-USDT,67131,9.98743143,67132.3,67136,67068.9,67131
1770912000000,BTC-USDT,67198.2,14.55983994,67133,67228.7,67100,67198.2
1770912060000,BTC-USDT,67079.8,16.27240621,67197.6,67197.6,67041.4,67079.8
1770912120000,BTC-USDT,67068.1,24.08640555,67079.9,67098.9,66971.4,67068.1
1770912180000,BTC-USDT,67129.5,14.03435002,67062.9,67151.8,67029,67129.5
1770912240000,BTC-USDT,67198,16.93228667,67129.5,67221.4,67072.6,67198
1770912300000,BTC-USDT,66938.8,32.77517794,67193.5,67235.2,66924,66938.8
1770912360000,BTC-USDT,66889.9,23.10280824,66938.8,66955,66844.8,66889.9
1770912420000,BTC-USDT,66708.7,85.46087717,66889.9,66894.1,66617.7,66708.7
1770912480000,BTC-USDT,66661.1,27.81273569,66708.7,66735.3,66606.5,66661.1
1770912540000,BTC-USDT,66691.8,29.05457512,66661.1,66816.7,66654.6,66691.8
1770912600000,BTC-USDT,66632.5,21.36882912,66695.1,66869.7,66629.2,66632.5
1770912660000,BTC-USDT,66559.5,35.94499776,66632.2,66657.4,66551.7,66559.5
1770912720000,BTC-USDT,66662.9,32.96800786,66559.4,66662.9,66468,66662.9
1770912780000,BTC-USDT,66602,19.18784667,66662.9,66708.2,66550.1,66602
1770912840000,BTC-USDT,66569,25.00220138,66602.2,66677.9,66484.5,66569
1770912900000,BTC-USDT,66546.2,25.86366112,66556.3,66592.7,66455,66546.2
1770912960000,BTC-USDT,66614,25.22300773,66550.3,66663.8,66529.9,66614
1770913020000,BTC-USDT,66680.8,23.07085171,66610.1,66795.5,66593.3,66680.8
1770913080000,BTC-USDT,66560,18.30042145,66680.8,66732.3,66540.7,66560
1770913140000,BTC-USDT,66551,13.40578411,66560,66609.3,66527.9,66551
1770913200000,BTC-USDT,66401.1,28.45407539,66549.6,66633.2,66401.1,66401.1
1770913260000,BTC-USDT,66318.1,38.59424387,66401,66486,66318.1,66318.1
1770913320000,BTC-USDT,66225,41.52833988,66318.1,66361.5,66200,66225
1770913380000,BTC-USDT,66379.8,27.59845958,66220,66415.2,66208.9,66379.8
1770913440000,BTC-USDT,66285.3,15.05688493,66375.4,66457.9,66251.1,66285.3
1770913500000,BTC-USDT,66228.5,13.6098247,66288.4,66382.9,66227.1,66228.5
1770913560000,BTC-USDT,66206.2,12.78841728,66228.4,66285.5,66183.2,66206.2
1770913620000,BTC-USDT,66179.4,17.9602418,66206.5,66262,66158,66179.4
1770913680000,BTC-USDT,66039.3,33.22810842,66182,66192,66030.7,66039.3
1770913740000,BTC-USDT,66056.9,30.25648375,66041.3,66066.1,65990,66056.9
1770913800000,BTC-USDT,66097.2,20.3288581,66057,66152.5,66011.1,66097.2
1770913860000,BTC-USDT,65959.9,82.55858568,66096.1,66196.9,65934.2,65959.9
1770913920000,BTC-USDT,66067.8,35.69589353,65951.1,66123.5,65938.4,66067.8
1770913980000,BTC-USDT,66002.6,19.27707159,66067.8,66111,65980,66002.6
1770914040000,BTC-USDT,66176.2,22.84734432,65998.4,66176.2,65975.4,66176.2
1770914100000,BTC-USDT,66314.9,24.79092804,66176.1,66349.5,66173.9,66314.9
1770914160000,BTC-USDT,66510.9,22.42928989,66309.9,66510.9,66274.3,66510.9
1770914220000,BTC-USDT,66389,16.53018708,66511,66538.9,66377.1,66389
1770914280000,BTC-USDT,66337.7,21.40956302,66387.5,66469.5,66266.8,66337.7
1770914340000,BTC-USDT,66364.7,9.16036482,66336.9,66433.6,66329,66364.7
1770914400000,BTC-USDT,66333.5,10.20177591,66364.9,66423,66310.8,66333.5
1770914460000,BTC-USDT,66467.9,8.31434252,66333.5,66477,66333.5,66467.9
1770914520000,BTC-USDT,66412.9,9.12471256,66467.1,66533,66412.9,66412.9
1770914580000,BTC-USDT,66368,7.73376047,66424.4,66448,66309,66368
1770914640000,BTC-USDT,66275.7,7.5099915,66365.9,66367.9,66256.7,66275.7
1770914700000,BTC-USDT,66282.2,6.52092686,66273.4,66370.9,66269.4,66282.2
1770914760000,BTC-USDT,66090.1,7.43433695,66277.4,66359.9,66090,66090.1
1770914820000,BTC-USDT,66146,3.07081452,66090.1,66260.3,66090.1,66146
1770914880000,BTC-USDT,66101.7,8.68958731,66149.5,66196.3,66075.4,66101.7
1770914940000,BTC-USDT,66165.3,12.05359581,66101.8,66176,66023.1,66165.3
1770915000000,BTC-USDT,66132.9,7.11402492,66167.9,66214.6,66103.1,66132.9
1770915060000,BTC-USDT,66051.9,24.41882764,66137,66194.3,66024.4,66051.9
1770915120000,BTC-USDT,66018.9,20.69485781,66058.2,66079.5,65950.1,66018.9
1770915180000,BTC-USDT,65622.3,88.10770829,66016.1,66016.1,65580.3,65622.3
1770915240000,BTC-USDT,65640,32.88378063,65622.2,65700,65556,65640
1770915300000,BTC-USDT,65749.8,8.12667265,65642.4,65749.8,65597.9,65749.8
1770915360000,BTC-USDT,65826.9,8.34501141,65749.9,65857,65746.6,65826.9
1770915420000,BTC-USDT,65836.5,11.07205547,65823.1,65883.9,65706.8,65836.5
1770915480000,BTC-USDT,65860,5.7327941,65836.4,65869.4,65792,65860
1770915540000,BTC-USDT,65858.6,3.64733826,65861.1,65870.7,65753.9,65858.6
1770915600000,BTC-USDT,65710.3,12.31801881,65858.2,65882.3,65707.7,65710.3
1770915660000,BTC-USDT,65783,8.62116203,65714.1,65878.5,65702.3,65783
1770915720000,BTC-USDT,65973.6,18.99914275,65776.4,65973.6,65776.2,65973.6
1770915780000,BTC-USDT,65872.7,10.62293604,65973.7,65994,65862,65872.7
1770915840000,BTC-USDT,65866.1,4.44943253,65873,65948.1,65831.1,65866.1
1770915900000,BTC-USDT,65678.5,3.39941284,65875,65926.1,65678.5,65678.5
1770915960000,BTC-USDT,65806,7.26700584,65677.5,65848.6,65669.3,65806
1770916020000,BTC-USDT,65976.7,6.51686929,65812.7,65993,65793.2,65976.7
1770916080000,BTC-USDT,65928,2.6320206,65973.6,65998,65887.6,65928
1770916140000,BTC-USDT,65948,2.84152108,65928.1,65991,65909,65948
1770916200000,BTC-USDT,65896.7,1.80964757,65941,65956.4,65850.5,65896.7
1770916260000,BTC-USDT,65715.7,14.97183757,65897.5,65908.9,65715.7,65715.7
1770916320000,BTC-USDT,65645.1,9.96728594,65717.4,65747.2,65640.1,65645.1
1770916380000,BTC-USDT,65716,17.20732891,65645,65716,65566.5,65716
1770916440000,BTC-USDT,65736,3.72732957,65717.6,65792.6,65660.1,65736
1770916500000,BTC-USDT,65708.1,9.5534697,65737.9,65765.7,65686.8,65708.1
1770916560000,BTC-USDT,65874.9,2.81983443,65708.1,65874.9,65686,65874.9
1770916620000,BTC-USDT,65768.3,2.93308508,65874.8,65874.8,65752.7,65768.3
1770916680000,BTC-USDT,65685.1,12.89875688,65768.4,65777.9,65614.1,65685.1
1770916740000,BTC-USDT,65641.6,5.60101287,65674.9,65756.3,65625.3,65641.6
1770916800000,BTC-USDT,65893.9,7.618759,65643.1,65898.8,65643.1,65893.9
1770916860000,BTC-USDT,65998.1,3.1005715,65889.5,65999.9,65888.6,65998.1
1770916920000,BTC-USDT,65995.2,3.23755604,65999.8,66009.3,65922.5,65995.2
1770916980000,BTC-USDT,66026,7.6652698,65996,66081.2,65991.9,66026
1770917040000,BTC-USDT,66085.7,3.68160004,66022.3,66085.7,65957.3,66085.7
1770917100000,BTC-USDT,66035.1,2.78661724,66084.1,66093.2,66004,66035.1
1770917160000,BTC-USDT,66111.8,5.17532351,66041,66122.8,66022,66111.8
1770917220000,BTC-USDT,66144.1,5.50615612,66108.1,66165.5,66104,66144.1
1770917280000,BTC-USDT,66187,6.16813627,66144.1,66266,66144.1,66187
1770917340000,BTC-USDT,66130.3,4.76494984,66186.9,66186.9,66056.2,66130.3
1770917400000,BTC-USDT,66034.8,3.82626394,66131.9,66139.6,66005.2,66034.8
1770917460000,BTC-USDT,65982.1,4.35457912,66037.8,66099.9,65970,65982.1
1770917520000,BTC-USDT,65920,14.92445126,65981.8,66015.8,65920,65920
1770917580000,BTC-USDT,65992.1,16.47318282,65920.1,66004.8,65850.5,65992.1
1770917640000,BTC-USDT,65959.1,4.96537019,65988.1,66034.3,65914.6,65959.1
1770917700000,BTC-USDT,65916,4.69949947,65955.1,66029.9,65906.3,65916
1770917760000,BTC-USDT,65893.6,5.81920432,65915.9,65940,65833.5,65893.6
1770917820000,BTC-USDT,66047.7,5.82764618,65893.5,66072.5,65888.2,66047.7
1770917880000,BTC-USDT,66020.4,14.5837722,66052,66204.1,66020.4,66020.4
1770917940000,BTC-USDT,65954.1,3.45148579,66020.1,66067.2,65920.1,65954.1
1770918000000,BTC-USDT,66026.4,1.64362193,65959,66043.8,65911.4,66026.4
1770918060000,BTC-USDT,65959.5,2.4959613,66031,66062,65939.2,65959.5
1770918120000,BTC-USDT,65984,2.19991643,65959.4,66009.9,65931,65984
1770918180000,BTC-USDT,65948.3,5.39985441,65983.9,66024.6,65948.3,65948.3
1770918240000,BTC-USDT,65983.9,2.05242287,65948.2,66017,65942,65983.9
1770918300000,BTC-USDT,66019.9,2.16153011,65984.3,66031.4,65960,66019.9
1770918360000,BTC-USDT,65842.1,4.39490092,66020,66051.3,65809.9,65842.1
1770918420000,BTC-USDT,65889.1,2.97476062,65843,65906.4,65822,65889.1
1770918480000,BTC-USDT,65803,3.51422411,65889.1,65908.9,65802,65803
1770918540000,BTC-USDT,65812.9,19.19541049,65802.2,65852.3,65773.4,65812.9
1770918600000,BTC-USDT,65812.9,5.26584148,65812.9,65927.7,65785,65812.9
1770918660000,BTC-USDT,65746,4.14770375,65813.1,65864.6,65746,65746
1770918720000,BTC-USDT,65774,3.30897345,65746,65848.9,65740.5,65774
1770918780000,BTC-USDT,65607,28.50733915,65774.7,65783,65602.7,65607
1770918840000,BTC-USDT,65609.2,8.16087288,65607,65637.3,65574.4,65609.2
1770918900000,BTC-USDT,65493.8,56.97099138,65603.1,65624.9,65458.4,65493.8
1770918960000,BTC-USDT,65476.3,8.92264775,65493.7,65550,65456.9,65476.3
1770919020000,BTC-USDT,65498.8,7.99855617,65475.1,65545.5,65475.1,65498.8
1770919080000,BTC-USDT,65491.9,4.60149276,65495.7,65546.6,65472.3,65491.9
1770919140000,BTC-USDT,65410.1,27.28268981,65492,65506,65355,65410.1
1770919200000,BTC-USDT,65447.1,6.16670044,65414.6,65472,65372.2,65447.1
1770919260000,BTC-USDT,65500,7.34143436,65447,65519.3,65442.8,65500
1770919320000,BTC-USDT,65563.7,9.38522624,65498.9,65599.9,65498.9,65563.7
1770919380000,BTC-USDT,65545.1,3.82186136,65570.5,65599.9,65530,65545.1
1770919440000,BTC-USDT,65634.2,8.10120929,65545.1,65662.8,65543.1,65634.2
1770919500000,BTC-USDT,65617.2,7.12916551,65637.4,65673.9,65592.1,65617.2
1770919560000,BTC-USDT,65656.1,4.32343712,65617.2,65679,65590,65656.1
1770919620000,BTC-USDT,65760,7.35303499,65655.7,65792.6,65636.8,65760
1770919680000,BTC-USDT,65711.9,4.39181583,65760.2,65792.9,65658.7,65711.9
1770919740000,BTC-USDT,65669.9,2.13621196,65715.6,65756.1,65669.9,65669.9
1770919800000,BTC-USDT,65698.9,3.86010153,65666.7,65753.3,65660,65698.9
1770919860000,BTC-USDT,65750.6,12.7955062,65695,65750.6,65637.5,65750.6
1770919920000,BTC-USDT,65679.9,8.40941141,65752.6,65754.9,65618.3,65679.9
1770919980000,BTC-USDT,65610.5,4.14808098,65673.1,65673.1,65610.5,65610.5
1770920040000,BTC-USDT,65695.3,1.9466082,65608.6,65698,65590.2,65695.3
1770920100000,BTC-USDT,65673.8,2.46871874,65698.1,65720.9,65645.8,65673.8
1770920160000,BTC-USDT,65663.4,1.97322588,65673.2,65693.7,65610.9,65663.4
1770920220000,BTC-USDT,65535.5,2.36677572,65662,65671.9,65535.5,65535.5
1770920280000,BTC-USDT,65400,12.20397045,65535.4,65537.9,65391.5,65400
1770920340000,BTC-USDT,65255.8,26.37474976,65399.9,65413.6,65235.1,65255.8
1770920400000,BTC-USDT,65254.1,4.64223747,65255.7,65371.9,65251,65254.1
1770920460000,BTC-USDT,65303.4,5.61241031,65254.2,65334.9,65241.7,65303.4
1770920520000,BTC-USDT,65390.3,2.1077555,65300.5,65390.3,65282.9,65390.3
1770920580000,BTC-USDT,65445.8,2.23563383,65390.4,65452.1,65370.6,65445.8
1770920640000,BTC-USDT,65405.5,5.10327538,65445.7,65499.8,65386.1,65405.5
1770920700000,BTC-USDT,65297.9,15.80221122,65398.4,65418.6,65257.6,65297.9
1770920760000,BTC-USDT,65499.8,3.90070082,65298.9,65520.6,65298.9,65499.8
1770920820000,BTC-USDT,65484.7,3.76686231,65499.4,65549.9,65484.7,65484.7
1770920880000,BTC-USDT,65322,10.21286478,65488,65510.9,65239.2,65322
1770920940000,BTC-USDT,65308.7,10.19080882,65326.9,65367.9,65249.9,65308.7
1770921000000,BTC-USDT,65296.2,14.57192537,65313.2,65347.3,65247.1,65296.2
1770921060000,BTC-USDT,65158,25.32035251,65296.2,65296.7,65147.1,65158
1770921120000,BTC-USDT,65180,10.25343603,65163,65198.4,65120.1,65180
1770921180000,BTC-USDT,65280,5.06481513,65172,65346.7,65172,65280
1770921240000,BTC-USDT,65273.9,3.72166724,65284.7,65344,65260.1,65273.9
1770921300000,BTC-USDT,65384,20.47693122,65281.7,65443.4,65268,65384
1770921360000,BTC-USDT,65356.4,4.00126336,65392.3,65443.6,65311.7,65356.4
1770921420000,BTC-USDT,65466.5,1.58309057,65353.3,65466.5,65330.4,65466.5
1770921480000,BTC-USDT,65480,17.37831958,65466.5,65538.6,65463.9,65480
1770921540000,BTC-USDT,65501.9,13.46886375,65477.2,65501.9,65391.5,65501.9
1770921600000,BTC-USDT,65482.8,2.091361,65504.6,65518.7,65395.1,65482.8
1770921660000,BTC-USDT,65445.3,1.56017854,65475.1,65497.9,65430,65445.3
1770921720000,BTC-USDT,65446.5,2.06970398,65449.9,65490,65434.3,65446.5
1770921780000,BTC-USDT,65480,0.81171158,65449.9,65481.3,65434.1,65480
1770921840000,BTC-USDT,65428.9,25.49194533,65481.4,65489.9,65416.9,65428.9
1770921900000,BTC-USDT,65420,3.51094715,65438.8,65497.8,65420,65420
1770921960000,BTC-USDT,65571.4,2.93506632,65418.3,65571.4,65415.1,65571.4
1770922020000,BTC-USDT,65627.5,9.28046572,65571.4,65674.9,65571.4,65627.5
1770922080000,BTC-USDT,65613,14.47473217,65627.4,65669.8,65613,65613
1770922140000,BTC-USDT,65620,6.74995713,65615,65693.6,65594.8,65620
1770922200000,BTC-USDT,65544.1,1.62174284,65610.8,65638.1,65544,65544.1
1770922260000,BTC-USDT,65674.1,2.6302077,65544.1,65674.1,65544.1,65674.1
1770922320000,BTC-USDT,65669.8,2.31465535,65674.9,65690.5,65643.9,65669.8
1770922380000,BTC-USDT,65624,8.84268435,65669.8,65690.7,65619.4,65624
1770922440000,BTC-USDT,65613,2.51503074,65624,65659.6,65608.8,65613
1770922500000,BTC-USDT,65690,4.17633534,65617.3,65690,65584.9,65690
1770922560000,BTC-USDT,65622.1,6.14557813,65689.5,65701.4,65619.1,65622.1
1770922620000,BTC-USDT,65600.2,2.81320382,65625,65654.3,65585.1,65600.2
1770922680000,BTC-USDT,65572.7,5.4165745,65600.5,65633.3,65517.6,65572.7
1770922740000,BTC-USDT,65594.9,1.11406592,65572.6,65609,65544,65594.9
1770922800000,BTC-USDT,65627.9,3.52016514,65595,65664.1,65552,65627.9
1770922860000,BTC-USDT,65632.6,1.75854158,65630.1,65647.9,65583,65632.6
1770922920000,BTC-USDT,65708,6.00331696,65629.8,65735,65622.6,65708
1770922980000,BTC-USDT,65712.9,4.77362175,65707.9,65749.6,65686.9,65712.9
1770923040000,BTC-USDT,65523.9,21.80107953,65712.9,65714.9,65512.2,65523.9
1770923100000,BTC-USDT,65528.6,4.24090891,65524.7,65619.7,65524.7,65528.6
1770923160000,BTC-USDT,65480.4,2.6489461,65528.5,65548.2,65468.1,65480.4
1770923220000,BTC-USDT,65440.1,4.3247427,65481.1,65535.7,65439.2,65440.1
1770923280000,BTC-USDT,65525.9,2.34386417,65438.9,65556.9,65437.5,65525.9
1770923340000,BTC-USDT,65383.4,2.39127873,65524.7,65530.4,65383.4,65383.4
1770923400000,BTC-USDT,65391,1.42580559,65383.4,65427.9,65376.3,65391
1770923460000,BTC-USDT,65302.3,5.24385021,65393.9,65406.9,65275,65302.3
1770923520000,BTC-USDT,65335.1,1.33303158,65302.4,65344.5,65298.1,65335.1
1770923580000,BTC-USDT,65406.6,1.8072852,65333,65406.6,65332.8,65406.6
1770923640000,BTC-USDT,65445.7,3.43706528,65409.9,65499.9,65409.9,65445.7
1770923700000,BTC-USDT,65518,4.52307252,65445.7,65540,65429,65518
1770923760000,BTC-USDT,65434,2.62787658,65517.9,65517.9,65434,65434
1770923820000,BTC-USDT,65524.7,5.53691994,65434,65551.9,65405.6,65524.7
1770923880000,BTC-USDT,65565.5,4.00017538,65523.1,65577,65523.1,65565.5
1770923940000,BTC-USDT,65598,4.24928487,65565.5,65624.8,65565.5,65598
1770924000000,BTC-USDT,65654.3,8.01598673,65596.9,65666.6,65578.2,65654.3
1770924060000,BTC-USDT,65695.2,3.00564144,65663,65714.5,65635.2,65695.2
1770924120000,BTC-USDT,65812.9,12.2330888,65695.3,65840.4,65683.2,65812.9
1770924180000,BTC-USDT,65782.1,3.1069027,65806.2,65835.5,65781,65782.1
1770924240000,BTC-USDT,65940,15.08859544,65782.1,65961.4,65782.1,65940
1770924300000,BTC-USDT,65875.9,3.14564598,65934.8,65937,65858.1,65875.9
1770924360000,BTC-USDT,65784.1,2.13895156,65875.9,65875.9,65778.2,65784.1
1770924420000,BTC-USDT,65755.6,2.22435571,65784,65792.9,65728.1,65755.6
1770924480000,BTC-USDT,65753.7,2.42873952,65755.7,65767,65733,65753.7
1770924540000,BTC-USDT,65774.1,2.32259294,65753.8,65784.9,65752,65774.1
1770924600000,BTC-USDT,65788.1,5.28426405,65773,65815.9,65758.3,65788.1
1770924660000,BTC-USDT,65882.1,6.61130487,65789.9,65930,65779.8,65882.1
1770924720000,BTC-USDT,65964.9,8.4110134,65877,65986.9,65864.6,65964.9
1770924780000,BTC-USDT,65998.3,7.67277921,65969,66041.6,65969,65998.3
1770924840000,BTC-USDT,65893,2.3864648,65998.3,65998.3,65893,65893
1770924900000,BTC-USDT,65944.9,5.07353004,65888,65951.6,65831.1,65944.9
1770924960000,BTC-USDT,66032.9,3.1793733,65945.2,66074.7,65922.3,66032.9
1770925020000,BTC-USDT,65981.4,3.86175709,66032.9,66099.9,65981.3,65981.4
1770925080000,BTC-USDT,65962,1.57074173,65981.3,65981.3,65928.8,65962
1770925140000,BTC-USDT,65973.9,10.00518922,65961.9,65981.6,65915.1,65973.9
1770925200000,BTC-USDT,65947.2,2.20165607,65976,65989.8,65911.3,65947.2
1770925260000,BTC-USDT,65919.3,1.24682581,65949.9,65964.9,65917.2,65919.3
1770925320000,BTC-USDT,65998,4.65077087,65920.2,65998,65900.1,65998
1770925380000,BTC-USDT,65973.9,2.90233363,66000,66020,65973.9,65973.9
1770925440000,BTC-USDT,65977.1,2.12877685,65971.1,65987.8,65950.2,65977.1
1770925500000,BTC-USDT,65983.8,1.0266755,65987.5,65998,65952.5,65983.8
1770925560000,BTC-USDT,66090.8,3.16407226,65984,66090.9,65981.1,66090.8
1770925620000,BTC-USDT,66057.1,4.07203783,66090.9,66097.9,66046.6,66057.1
1770925680000,BTC-USDT,66043.4,2.79881594,66056.5,66058.8,66000,66043.4
1770925740000,BTC-USDT,66050.9,1.82891755,66046,66060.3,66013.3,66050.9
1770925800000,BTC-USDT,66109.7,15.62305286,66050.9,66135.4,66041.1,66109.7
1770925860000,BTC-USDT,66019,2.94542854,66109.8,66115.4,66004.8,66019
1770925920000,BTC-USDT,65937,35.74725205,66019.5,66019.5,65907,65937
1770925980000,BTC-USDT,65925.2,2.12524387,65936.3,65937.9,65875.7,65925.2
1770926040000,BTC-USDT,65896,4.94685777,65925.3,65947,65889.5,65896
1770926100000,BTC-USDT,65951.9,2.07365576,65897.6,65951.9,65876.1,65951.9
1770926160000,BTC-USDT,65928.4,3.35729652,65951.9,65958.9,65910,65928.4
1770926220000,BTC-USDT,65938.1,1.796955,65930.5,65982.4,65930.5,65938.1
1770926280000,BTC-USDT,65837.9,5.09627056,65936,65955.9,65792.2,65837.9
1770926340000,BTC-USDT,65793.9,2.09967514,65838,65844,65781,65793.9
1770926400000,BTC-USDT,65765.9,3.32435009,65794,65832,65763.4,65765.9
1770926460000,BTC-USDT,65862.9,6.21598315,65766,65872.6,65746.8,65862.9
1770926520000,BTC-USDT,65810.9,4.86624824,65862.9,65879.7,65779.5,65810.9
1770926580000,BTC-USDT,65843.9,4.63490474,65810,65852.4,65786.4,65843.9
1770926640000,BTC-USDT,65943.1,2.17571878,65844,65953,65818,65943.1
1770926700000,BTC-USDT,66004,3.04370262,65943.2,66015.9,65877.5,66004
1770926760000,BTC-USDT,65950.8,2.62657373,66008.9,66035.7,65950.8,65950.8
1770926820000,BTC-USDT,65957.4,1.70134637,65950.9,66028,65950.9,65957.4
1770926880000,BTC-USDT,65888,2.06965445,65957.5,65961.4,65876.6,65888
1770926940000,BTC-USDT,65844,0.91890259,65887.9,65887.9,65838.3,65844
1770927000000,BTC-USDT,65671.6,8.88772463,65844,65844,65650,65671.6
1770927060000,BTC-USDT,65653,12.08204435,65671.6,65685.9,65610.7,65653
1770927120000,BTC-USDT,65680,2.59769518,65653,65730.3,65653,65680
1770927180000,BTC-USDT,65641.6,7.07362894,65683,65740,65634.8,65641.6
1770927240000,BTC-USDT,65705.7,1.77248601,65643.8,65705.7,65614.6,65705.7
1770927300000,BTC-USDT,65717.2,2.72650798,65705.7,65723.5,65654.6,65717.2
1770927360000,BTC-USDT,65720.1,3.60053637,65717.1,65750,65646.9,65720.1
1770927420000,BTC-USDT,65698,2.01081754,65720.1,65773,65690,65698
1770927480000,BTC-USDT,65774.9,5.88658366,65698,65810.6,65689.1,65774.9
1770927540000,BTC-USDT,65724.3,1.81228856,65772.6,65778.9,65703.6,65724.3
1770927600000,BTC-USDT,65622.6,3.64771364,65724.3,65724.3,65610.4,65622.6
1770927660000,BTC-USDT,65622.6,2.71038329,65617.7,65681.3,65609.6,65622.6
1770927720000,BTC-USDT,65614.1,1.38950846,65622.7,65672,65614,65614.1
1770927780000,BTC-USDT,65564.1,2.98587005,65620.9,65639,65564.1,65564.1
1770927840000,BTC-USDT,65607,0.9827644,65566.4,65613.1,65566.4,65607
1770927900000,BTC-USDT,65548.1,2.29551695,65607.1,65632.1,65527.4,65548.1
1770927960000,BTC-USDT,65587.8,0.84435251,65548.1,65590.7,65532.9,65587.8
1770928020000,BTC-USDT,65513.1,1.79087968,65592.1,65599.9,65501.9,65513.1
1770928080000,BTC-USDT,65578.7,10.18345055,65511,65579.1,65476.5,65578.7
1770928140000,BTC-USDT,65508.9,1.62913468,65578.7,65600,65483,65508.9
1770928200000,BTC-USDT,65452.4,14.51021022,65507.1,65507.1,65424.1,65452.4
1770928260000,BTC-USDT,65417,5.59684984,65455.5,65500,65417,65417
1770928320000,BTC-USDT,65448.8,9.09398904,65416.7,65459.9,65400,65448.8
1770928380000,BTC-USDT,65534,2.13551027,65450,65570.4,65421.9,65534
1770928440000,BTC-USDT,65499.1,2.8071228,65535,65584.9,65475.6,65499.1
1770928500000,BTC-USDT,65566,3.22055787,65499.9,65582.7,65480.1,65566
1770928560000,BTC-USDT,65620.8,2.78641915,65574,65637.6,65552.1,65620.8
1770928620000,BTC-USDT,65575,2.73111503,65617.1,65630.5,65565.7,65575
1770928680000,BTC-USDT,65562,3.31929467,65573.1,65600.2,65522.6,65562
1770928740000,BTC-USDT,65635.9,8.0715274,65564.6,65645.4,65564.6,65635.9
1770928800000,BTC-USDT,65630.9,1.52126478,65634.2,65661.2,65596,65630.9
1770928860000,BTC-USDT,65623,1.77704382,65633.2,65679.9,65603,65623
1770928920000,BTC-USDT,65627.2,4.28256795,65624.4,65632.1,65566.3,65627.2
1770928980000,BTC-USDT,65555.8,1.28777586,65621.7,65625,65554,65555.8
1770929040000,BTC-USDT,65546.1,1.26106972,65555.8,65571.5,65492.6,65546.1
1770929100000,BTC-USDT,65574,1.43514655,65546.1,65588.9,65534.2,65574
1770929160000,BTC-USDT,65483,1.17791572,65567.7,65576,65453.2,65483
1770929220000,BTC-USDT,65385.7,4.53527988,65482.9,65482.9,65385.7,65385.7
1770929280000,BTC-USDT,65363.1,4.38624056,65389.4,65420,65343.1,65363.1
1770929340000,BTC-USDT,65381.1,1.58286308,65363,65410,65354,65381.1
1770929400000,BTC-USDT,65339,5.61848317,65381,65389.9,65310,65339
1770929460000,BTC-USDT,65244.2,5.95826014,65339,65343,65231.8,65244.2
1770929520000,BTC-USDT,65355,5.75855329,65242.7,65390.1,65220.1,65355
1770929580000,BTC-USDT,65423.2,2.74416107,65359.7,65433,65338.1,65423.2
1770929640000,BTC-USDT,65416.6,1.88125449,65423.3,65468.6,65400.1,65416.6
1770929700000,BTC-USDT,65474.1,3.58256138,65417.9,65478.1,65403.7,65474.1
1770929760000,BTC-USDT,65414.1,2.32097635,65474,65474,65366,65414.1
1770929820000,BTC-USDT,65440,1.61560954,65408.1,65465.2,65405.7,65440
1770929880000,BTC-USDT,65403,5.73378168,65447.2,65452.9,65392.1,65403
1770929940000,BTC-USDT,65425.6,6.27870041,65403,65459.7,65381.2,65425.6
1770930000000,BTC-USDT,65467.1,5.42317763,65427.4,65515.9,65427.4,65467.1
1770930060000,BTC-USDT,65490.3,3.08346561,65467.1,65529.5,65439.3,65490.3
1770930120000,BTC-USDT,65557.7,1.29726501,65496.3,65576.9,65487.2,65557.7
1770930180000,BTC-USDT,65599.1,1.08404699,65557.7,65605,65556.1,65599.1
1770930240000,BTC-USDT,65641.3,1.93988797,65605.2,65648.8,65594.2,65641.3
1770930300000,BTC-USDT,65555.9,3.21282844,65645.7,65645.9,65555.8,65555.9
1770930360000,BTC-USDT,65548.4,2.82948956,65555.8,65604.3,65544.3,65548.4
1770930420000,BTC-USDT,65564.1,0.55727994,65548.4,65592.4,65543.4,65564.1
1770930480000,BTC-USDT,65603,1.04501922,65564.1,65615.9,65550.1,65603
1770930540000,BTC-USDT,65620.4,0.71380797,65602.9,65640.9,65587.4,65620.4
1770930600000,BTC-USDT,65604.1,0.91736969,65623.9,65623.9,65587.5,65604.1
1770930660000,BTC-USDT,65646.8,0.78979647,65605.8,65646.8,65605.8,65646.8
1770930720000,BTC-USDT,65663.8,1.48385318,65646.7,65675,65646.7,65663.8
1770930780000,BTC-USDT,65670.9,1.60572537,65659,65675,65647.4,65670.9
1770930840000,BTC-USDT,65674.6,0.45610832,65671,65675,65659.9,65674.6
1770930900000,BTC-USDT,65686.9,0.96631971,65675,65687,65670,65686.9
1770930960000,BTC-USDT,65655.1,1.37651887,65685.9,65685.9,65635.1,65655.1
1770931020000,BTC-USDT,65646.3,0.32669771,65655,65659.1,65630.2,65646.3
1770931080000,BTC-USDT,65767.4,6.08933257,65646.4,65768.9,65646.4,65767.4
1770931140000,BTC-USDT,65787.1,1.10440839,65767.3,65789.3,65740.1,65787.1
1770931200000,BTC-USDT,65792.2,1.56354389,65786.3,65794.1,65776,65792.2
1770931260000,BTC-USDT,65630.1,3.68606002,65792.2,65800,65630,65630.1
1770931320000,BTC-USDT,65526.4,9.41447499,65630.1,65634,65526.4,65526.4
1770931380000,BTC-USDT,65525.2,7.46592348,65526.4,65560,65484.8,65525.2
1770931440000,BTC-USDT,65520,2.61015518,65525.7,65546.1,65482.6,65520
1770931500000,BTC-USDT,65542,0.75962691,65522.7,65559.9,65507,65542
1770931560000,BTC-USDT,65540.1,1.44611327,65542,65542,65501.1,65540.1
1770931620000,BTC-USDT,65540.1,0.91332631,65540,65541.9,65527,65540.1
1770931680000,BTC-USDT,65550,1.03894342,65540,65550,65532,65550
1770931740000,BTC-USDT,65605.6,4.21850748,65550,65605.6,65549.9,65605.6
1770931800000,BTC-USDT,65624.9,1.63119579,65610.5,65633.8,65587.9,65624.9
1770931860000,BTC-USDT,65600.3,0.48234116,65625,65625,65600,65600.3
1770931920000,BTC-USDT,65644.2,2.98578129,65600,65644.2,65580.1,65644.2
1770931980000,BTC-USDT,65712.5,1.22127937,65644.3,65712.5,65644.3,65712.5
1770932040000,BTC-USDT,65760.1,0.73070868,65712.6,65765.9,65707.6,65760.1
1770932100000,BTC-USDT,65755.4,1.65227098,65764.7,65799.9,65753.5,65755.4
1770932160000,BTC-USDT,65828.9,2.43999845,65756.9,65833.4,65756.9,65828.9
1770932220000,BTC-USDT,65778.8,1.17998256,65828.9,65850,65778.8,65778.8
1770932280000,BTC-USDT,65783.8,1.02965473,65781,65823.9,65772.5,65783.8
1770932340000,BTC-USDT,65782.1,2.34990807,65787.2,65819.5,65755.1,65782.1
1770932400000,BTC-USDT,65800,11.0391899,65782,65802.3,65725.6,65800
1770932460000,BTC-USDT,65792.1,1.88923296,65799.9,65799.9,65778.7,65792.1
1770932520000,BTC-USDT,65832,0.83905042,65792.9,65845.5,65787,65832
1770932580000,BTC-USDT,65810.1,0.73715929,65832,65832,65808.7,65810.1
1770932640000,BTC-USDT,65819.6,1.54774331,65810.1,65831.9,65810.1,65819.6
1770932700000,BTC-USDT,65806.6,0.38485534,65821.9,65829.2,65806.6,65806.6
1770932760000,BTC-USDT,65776.8,0.71524664,65804,65814.9,65769.8,65776.8
1770932820000,BTC-USDT,65781.8,1.90060556,65780,65791.9,65750.4,65781.8
1770932880000,BTC-USDT,65828.1,0.76964483,65781.7,65834,65780.4,65828.1
1770932940000,BTC-USDT,65769.8,1.48259157,65828,65828,65738,65769.8
1770933000000,BTC-USDT,65847,0.92051966,65772.9,65847,65772.9,65847
1770933060000,BTC-USDT,65868.9,8.59853449,65848,65874,65848,65868.9
1770933120000,BTC-USDT,65847,0.99567221,65869,65869.9,65838.4,65847
1770933180000,BTC-USDT,65853.9,0.57256398,65846.3,65872,65846.2,65853.9
1770933240000,BTC-USDT,65879.8,2.84765149,65853.8,65897.3,65847.1,65879.8
1770933300000,BTC-USDT,65853.9,1.10497356,65878.8,65885.2,65852.1,65853.9
1770933360000,BTC-USDT,65828.9,1.55371829,65852.4,65852.4,65828.1,65828.9
1770933420000,BTC-USDT,65771.6,0.39676594,65828.9,65828.9,65771.6,65771.6
1770933480000,BTC-USDT,65807.4,2.11007158,65776.6,65807.4,65763.3,65807.4
1770933540000,BTC-USDT,65845.7,1.52616084,65807.4,65845.7,65800.5,65845.7
1770933600000,BTC-USDT,65796.6,2.76246796,65845.6,65845.6,65791.1,65796.6
1770933660000,BTC-USDT,65825.1,1.78332709,65796.6,65838.7,65779,65825.1
1770933720000,BTC-USDT,65822,1.24784045,65824,65827.6,65802.8,65822
1770933780000,BTC-USDT,65852.8,1.16893488,65822,65853.9,65819.1,65852.8
1770933840000,BTC-USDT,65886.9,1.57592695,65850.1,65890.5,65836.5,65886.9
1770933900000,BTC-USDT,65844.6,2.50704003,65886.9,65886.9,65840.1,65844.6
1770933960000,BTC-USDT,65815,7.30362584,65843,65847.9,65804.1,65815
1770934020000,BTC-USDT,65761.6,1.64884355,65815,65815.1,65760.1,65761.6
1770934080000,BTC-USDT,65812.5,0.81292363,65761.5,65812.5,65746.9,65812.5
1770934140000,BTC-USDT,65811.3,1.69500658,65812.9,65845,65799.6,65811.3
1770934200000,BTC-USDT,65811,0.80705743,65812,65829.8,65798.8,65811
1770934260000,BTC-USDT,65883.2,1.35846618,65811,65883.3,65811,65883.2
1770934320000,BTC-USDT,65813,1.4495162,65883.3,65883.3,65808.2,65813
1770934380000,BTC-USDT,65755.4,1.82931073,65807.9,65813,65744.6,65755.4
1770934440000,BTC-USDT,65815.1,0.74818887,65755.5,65823,65755,65815.1
1770934500000,BTC-USDT,65769.9,0.86308199,65821.6,65821.6,65769.9,65769.9
1770934560000,BTC-USDT,65755.9,0.58694103,65768.6,65768.6,65750,65755.9
1770934620000,BTC-USDT,65689.1,13.32121897,65755.9,65755.9,65689,65689.1
1770934680000,BTC-USDT,65705,0.80761174,65689.2,65725.7,65679.8,65705
1770934740000,BTC-USDT,65732.1,1.31506143,65704.9,65734.7,65694.5,65732.1
1770934800000,BTC-USDT,65713.1,0.96752977,65732.5,65740.7,65709.2,65713.1
1770934860000,BTC-USDT,65650,1.26295893,65712.9,65712.9,65645.6,65650
1770934920000,BTC-USDT,65699.3,0.61416739,65649.9,65699.3,65646.1,65699.3
1770934980000,BTC-USDT,65731.2,0.24006001,65699.3,65731.2,65699.3,65731.2
1770935040000,BTC-USDT,65846.7,2.08684312,65731.1,65846.7,65729.7,65846.7
1770935100000,BTC-USDT,65785.2,0.86248724,65846.7,65846.7,65785.1,65785.2
1770935160000,BTC-USDT,65777.1,0.5134353,65785.2,65785.2,65760.1,65777.1
1770935220000,BTC-USDT,65865.1,2.97715939,65777.1,65870.2,65777,65865.1
1770935280000,BTC-USDT,65917.8,11.91410292,65865.1,65936.9,65865.1,65917.8
1770935340000,BTC-USDT,65951.9,0.57962839,65917.9,65951.9,65917.7,65951.9
1770935400000,BTC-USDT,65939,0.92386121,65952,65960,65922.1,65939
1770935460000,BTC-USDT,65929,1.16277442,65940,65940,65917.9,65929
1770935520000,BTC-USDT,65992.9,6.81219499,65929,66010.7,65929,65992.9
1770935580000,BTC-USDT,65990.9,0.80487092,65995.9,66006,65980,65990.9
1770935640000,BTC-USDT,65938.1,1.26139963,65991,65991,65938.1,65938.1
1770935700000,BTC-USDT,66001.3,0.89931821,65938.5,66001.3,65938.5,66001.3
1770935760000,BTC-USDT,66030.9,2.00625792,66001.2,66030.9,65967.5,66030.9
1770935820000,BTC-USDT,66026.4,1.06257381,66031,66060.5,66021.8,66026.4
1770935880000,BTC-USDT,66021.3,1.63950872,66026.4,66026.4,66008.3,66021.3
1770935940000,BTC-USDT,65947,3.39848352,66021.3,66021.3,65941.9,65947
1770936000000,BTC-USDT,65944.2,1.53926993,65945.5,65976.4,65934.6,65944.2
1770936060000,BTC-USDT,65959.2,5.27083601,65941.6,65959.2,65889.7,65959.2
1770936120000,BTC-USDT,66001.3,0.67928061,65959.1,66015.2,65959.1,66001.3
1770936180000,BTC-USDT,66125.5,6.51889577,66001.4,66190.8,66001.3,66125.5
1770936240000,BTC-USDT,66199.9,3.55754706,66134.6,66200,66124.9,66199.9
1770936300000,BTC-USDT,66224.1,1.62491106,66198.2,66230.7,66190.5,66224.1
1770936360000,BTC-USDT,66273.3,2.16798035,66230.6,66290.4,66200,66273.3
1770936420000,BTC-USDT,66376.8,9.25617896,66273.2,66423.6,66273.2,66376.8
1770936480000,BTC-USDT,66354.2,1.69700251,66378,66391,66284.2,66354.2
1770936540000,BTC-USDT,66352.6,1.05102067,66350.2,66361.6,66278.7,66352.6
1770936600000,BTC-USDT,66320.5,1.79617692,66351.9,66351.9,66293.2,66320.5
1770936660000,BTC-USDT,66285.4,0.91105167,66320.5,66321.3,66260.2,66285.4
1770936720000,BTC-USDT,66262.9,3.98630543,66285.4,66285.5,66235.7,66262.9
1770936780000,BTC-USDT,66252.3,0.8950209,66262.9,66262.9,66250,66252.3
1770936840000,BTC-USDT,66260.7,0.66500504,66251.7,66283.2,66250,66260.7
1770936900000,BTC-USDT,66229.1,3.36884958,66260.1,66260.1,66189.3,66229.1
1770936960000,BTC-USDT,66197.1,0.26402884,66229.1,66229.1,66185.8,66197.1
1770937020000,BTC-USDT,66266.1,1.13783759,66197,66279.3,66183.5,66266.1
1770937080000,BTC-USDT,66305.4,1.87590514,66266.1,66350.9,66266.1,66305.4
1770937140000,BTC-USDT,66288,7.62845369,66310.1,66344.7,66280,66288
1770937200000,BTC-USDT,66236.7,14.2863485,66289.2,66313.1,66200.1,66236.7
1770937260000,BTC-USDT,66413.5,4.64175699,66228.5,66413.5,66228,66413.5
1770937320000,BTC-USDT,66291.9,6.9451461,66413.9,66453.9,66257.4,66291.9
1770937380000,BTC-USDT,66289.3,3.22441782,66280.7,66344.8,66272.3,66289.3
1770937440000,BTC-USDT,66365,1.75884409,66289.3,66378.3,66285,66365
1770937500000,BTC-USDT,66373,1.29196882,66367.9,66389.3,66320.1,66373
1770937560000,BTC-USDT,66457.9,6.01026328,66375.8,66457.9,66356,66457.9
1770937620000,BTC-USDT,66421.9,1.74211942,66457.8,66470.9,66387.2,66421.9
1770937680000,BTC-USDT,66439.7,2.30678054,66421.9,66439.8,66355.1,66439.7
1770937740000,BTC-USDT,66444,1.03922885,66439.7,66467,66421,66444
1770937800000,BTC-USDT,66312,5.55889057,66444,66450.9,66312,66312
1770937860000,BTC-USDT,66294,10.17283612,66312,66333,66282.1,66294
1770937920000,BTC-USDT,66281.1,1.55101636,66295.9,66300.9,66256.1,66281.1
1770937980000,BTC-USDT,66282.1,0.99968766,66283.8,66293,66276.1,66282.1
1770938040000,BTC-USDT,66308.4,2.60565926,66283,66318.3,66258.8,66308.4
1770938100000,BTC-USDT,66300,2.84611988,66308.5,66308.5,66266.5,66300
1770938160000,BTC-USDT,66342.9,1.42269671,66300,66347.7,66300,66342.9
1770938220000,BTC-USDT,66358.9,0.4893568,66342.8,66371.3,66335.7,66358.9
1770938280000,BTC-USDT,66338.6,5.74499391,66358.9,66370.1,66309.6,66338.6
1770938340000,BTC-USDT,66352.5,1.63804446,66338.5,66352.5,66255.3,66352.5
1770938400000,BTC-USDT,66357.9,0.68217996,66353.4,66361.2,66320.8,66357.9
1770938460000,BTC-USDT,66383.9,0.39442517,66361.3,66401.9,66361.3,66383.9
1770938520000,BTC-USDT,66373.9,1.38212387,66383.9,66402.9,66358.8,66373.9
1770938580000,BTC-USDT,66400,0.94323178,66374.8,66402.9,66373.8,66400
1770938640000,BTC-USDT,66437.3,1.04084889,66400.9,66464.7,66400.9,66437.3
1770938700000,BTC-USDT,66451,0.89780123,66432.1,66451,66430.1,66451
1770938760000,BTC-USDT,66414.4,5.30622309,66450.9,66488,66414.4,66414.4
1770938820000,BTC-USDT,66411,0.55485188,66414,66419.5,66372.7,66411
1770938880000,BTC-USDT,66376,1.35589091,66411,66411,66369.3,66376
1770938940000,BTC-USDT,66396.9,0.18341062,66374,66399,66365.1,66396.9
1770939000000,BTC-USDT,66367.5,2.19679297,66399,66409.9,66346.2,66367.5
1770939060000,BTC-USDT,66429.6,1.04430902,66367.8,66429.6,66342.3,66429.6
1770939120000,BTC-USDT,66429.1,4.07419003,66423.7,66477,66405.9,66429.1
1770939180000,BTC-USDT,66357.9,2.22458535,66429.5,66457.8,66302,66357.9
1770939240000,BTC-USDT,66375,0.49158301,66360,66397.5,66360,66375
1770939300000,BTC-USDT,66339.9,2.12046718,66387.2,66390.8,66322.1,66339.9
1770939360000,BTC-USDT,66309.8,2.49981553,66340,66353.4,66309.8,66309.8
1770939420000,BTC-USDT,66291.8,0.82492665,66309.8,66324,66289.5,66291.8
1770939480000,BTC-USDT,66238.9,2.45246916,66291.7,66303.7,66235,66238.9
1770939540000,BTC-USDT,66228.5,1.54172176,66238.9,66282.1,66227,66228.5
1770939600000,BTC-USDT,66250.7,0.68527331,66233,66269,66233,66250.7
1770939660000,BTC-USDT,66298.5,1.23630549,66253.6,66298.5,66242.3,66298.5
1770939720000,BTC-USDT,66254,0.33663498,66297.7,66297.7,66251.1,66254
1770939780000,BTC-USDT,66228.5,1.62935867,66253.8,66282,66228.5,66228.5
1770939840000,BTC-USDT,66238.1,9.58851221,66227.1,66245,66200,66238.1
1770939900000,BTC-USDT,66222.6,1.48330817,66241,66271.6,66222.6,66222.6
1770939960000,BTC-USDT,66229.2,3.5107461,66223.9,66246,66210.9,66229.2
1770940020000,BTC-USDT,66229.3,0.77073927,66227.4,66231.4,66206.3,66229.3
1770940080000,BTC-USDT,66196,11.27969953,66229.3,66245.8,66190.3,66196
1770940140000,BTC-USDT,66230.8,6.01245763,66196,66230.8,66165,66230.8
1770940200000,BTC-USDT,66181.4,2.40861737,66230.8,66259.9,66181.4,66181.4
1770940260000,BTC-USDT,66205.5,0.99758546,66181.4,66209,66181.4,66205.5
1770940320000,BTC-USDT,66210,1.28871765,66205,66214.9,66190.1,66210
1770940380000,BTC-USDT,66253.2,2.69083834,66210,66253.2,66210,66253.2
1770940440000,BTC-USDT,66245,0.65876258,66253.2,66253.2,66210,66245
1770940500000,BTC-USDT,66276.9,1.612914,66245,66276.9,66232.1,66276.9
1770940560000,BTC-USDT,66277.4,0.44522942,66277,66306,66277,66277.4
1770940620000,BTC-USDT,66293.8,0.83619795,66277,66293.8,66249.1,66293.8
1770940680000,BTC-USDT,66264.1,1.19603707,66296.4,66315.7,66264.1,66264.1
1770940740000,BTC-USDT,66281.4,0.51843756,66265,66281.4,66255.1,66281.4
1770940800000,BTC-USDT,66185.8,2.42160515,66277.2,66277.2,66163.6,66185.8
1770940860000,BTC-USDT,66328.2,3.62091718,66185.8,66328.2,66185.8,66328.2
1770940920000,BTC-USDT,66452,15.02514932,66328.3,66484,66328.2,66452
1770940980000,BTC-USDT,66445,4.01407181,66448,66448,66403.4,66445
1770941040000,BTC-USDT,66450,4.79712822,66445.9,66450.5,66400,66450
1770941100000,BTC-USDT,66499,8.92636183,66450,66514.4,66423.3,66499
1770941160000,BTC-USDT,66482,6.55055228,66499,66524.9,66482,66482
1770941220000,BTC-USDT,66441.1,4.6022133,66481.9,66493.6,66417.1,66441.1
1770941280000,BTC-USDT,66442.8,0.36462592,66442.5,66460,66417,66442.8
1770941340000,BTC-USDT,66432.5,1.23073355,66443.1,66464.5,66395.1,66432.5
1770941400000,BTC-USDT,66458.1,1.54513054,66432.5,66463.9,66428,66458.1
1770941460000,BTC-USDT,66426,4.60211007,66462.3,66462.3,66415.1,66426
1770941520000,BTC-USDT,66384.9,1.66940844,66426,66426,66362.7,66384.9
1770941580000,BTC-USDT,66440.5,2.93963477,66385,66457.1,66382.1,66440.5
1770941640000,BTC-USDT,66377.6,1.9545784,66441.1,66446,66371.9,66377.6
1770941700000,BTC-USDT,66348.3,1.73841655,66381.6,66383.7,66334.1,66348.3
1770941760000,BTC-USDT,66296.7,1.15236999,66348.2,66360.9,66296.7,66296.7
1770941820000,BTC-USDT,66220,5.31008814,66296,66296,66210.7,66220
1770941880000,BTC-USDT,66219,8.84347161,66220,66220,66160.9,66219
1770941940000,BTC-USDT,66173.5,3.60522327,66219.9,66220.9,66172.1,66173.5
1770942000000,BTC-USDT,66204.7,6.0660614,66173.6,66218,66138.1,66204.7
1770942060000,BTC-USDT,66142.1,0.75535862,66204.3,66209.9,66142.1,66142.1
1770942120000,BTC-USDT,66107.8,9.24979735,66145.2,66159.7,66097.4,66107.8
1770942180000,BTC-USDT,66127.4,3.13181551,66107.1,66156.2,66107.1,66127.4
1770942240000,BTC-USDT,66138.4,3.82869381,66131,66187.1,66130,66138.4
1770942300000,BTC-USDT,66068.2,10.31275727,66138.5,66144.7,66062.7,66068.2
1770942360000,BTC-USDT,66040.1,2.23203834,66068.2,66085.9,66040.1,66040.1
1770942420000,BTC-USDT,66049.1,0.71908273,66040.1,66060,66038,66049.1
1770942480000,BTC-USDT,66054.1,1.32840715,66049.1,66067,66035.1,66054.1
1770942540000,BTC-USDT,66031.1,1.34250948,66054.1,66055.4,66005,66031.1
1770942600000,BTC-USDT,66092,2.97841863,66031.1,66104.9,66031.1,66092
1770942660000,BTC-USDT,66090.5,1.66983523,66091.9,66106.2,66070,66090.5
1770942720000,BTC-USDT,66005.1,2.27331964,66090.4,66104.9,66005.1,66005.1
1770942780000,BTC-USDT,65925.9,6.61825501,66005.1,66013.8,65925,65925.9
1770942840000,BTC-USDT,65964.9,5.1204545,65925.9,65971.2,65900.1,65964.9
1770942900000,BTC-USDT,65994,1.64605764,65965.3,65994,65931.9,65994
1770942960000,BTC-USDT,66027.4,1.51784314,65994.1,66027.4,65992,66027.4
1770943020000,BTC-USDT,66044.5,0.36238022,66027.4,66064.8,66014.6,66044.5
1770943080000,BTC-USDT,66011.4,3.27960884,66044.5,66054.4,66000.1,66011.4
1770943140000,BTC-USDT,66080.1,3.10360212,66010,66109.4,66002.2,66080.1
1770943200000,BTC-USDT,66137.8,3.17434071,66080,66141,66074.1,66137.8
1770943260000,BTC-USDT,66092.1,7.21644442,66136.1,66136.1,66082,66092.1
1770943320000,BTC-USDT,66078.4,0.39121101,66091,66099.2,66075.1,66078.4
1770943380000,BTC-USDT,66015.2,8.88226759,66078.5,66083.4,66015.2,66015.2
1770943440000,BTC-USDT,65950.9,4.91827452,66013.6,66013.6,65949.2,65950.9
1770943500000,BTC-USDT,65967.6,0.55246029,65951,65983.9,65950,65967.6
1770943560000,BTC-USDT,65985,0.65250793,65962,66017.8,65940.7,65985
1770943620000,BTC-USDT,65937.6,1.21562082,65988,65997,65937.6,65937.6
1770943680000,BTC-USDT,65930,10.99873413,65937.6,65950,65871.9,65930
1770943740000,BTC-USDT,65977.7,2.16541016,65929.1,65979.9,65884.9,65977.7
1770943800000,BTC-USDT,65935.5,0.96591509,65975.2,65975.2,65920.1,65935.5
1770943860000,BTC-USDT,65910.1,1.75735476,65935.6,65955.4,65873.1,65910.1
1770943920000,BTC-USDT,65977.1,2.12605586,65910.8,65983,65910.8,65977.1
1770943980000,BTC-USDT,65965,0.80857414,65977,65977,65930.1,65965
1770944040000,BTC-USDT,66018.9,1.92186834,65965.1,66049,65965.1,66018.9
1770944100000,BTC-USDT,66058.9,0.92663062,66016.1,66059,65994,66058.9
1770944160000,BTC-USDT,66020,1.01330877,66056.1,66074,66013.4,66020
1770944220000,BTC-USDT,66028,1.11867094,66019.1,66043.2,66005.8,66028
1770944280000,BTC-USDT,65997.9,1.73506751,66031,66039,65982.8,65997.9
1770944340000,BTC-USDT,65914,1.70084267,65997.9,65998,65914,65914
1770944400000,BTC-USDT,65940,1.58816275,65913,65971.2,65913,65940
1770944460000,BTC-USDT,65976.2,1.70933488,65940,65980,65940,65976.2
1770944520000,BTC-USDT,66046.9,5.31506435,65974.1,66046.9,65948,66046.9
1770944580000,BTC-USDT,66068.5,2.33476799,66046.8,66068.5,66042,66068.5
1770944640000,BTC-USDT,66049.3,2.74773071,66068.8,66076.1,66038,66049.3
1770944700000,BTC-USDT,66087.3,2.36648613,66049.3,66087.4,66030.1,66087.3
1770944760000,BTC-USDT,66183,1.86404983,66084.1,66200,66070,66183
1770944820000,BTC-USDT,66222.1,2.07142743,66182,66243.9,66158,66222.1
1770944880000,BTC-USDT,66237,5.01316113,66222,66268.9,66194.2,66237
1770944940000,BTC-USDT,66191.1,1.17817668,66236.9,66236.9,66181,66191.1
1770945000000,BTC-USDT,66204.7,2.59926881,66191.1,66238.5,66161.6,66204.7
1770945060000,BTC-USDT,66206.1,1.85790567,66204.8,66232.9,66202.4,66206.1
1770945120000,BTC-USDT,66211,1.46376556,66203.5,66232.9,66200.1,66211
1770945180000,BTC-USDT,66262.8,1.08857025,66211,66262.8,66184.1,66262.8
1770945240000,BTC-USDT,66255.8,0.57550575,66262.9,66266,66231.6,66255.8
1770945300000,BTC-USDT,66297.6,2.62973832,66256.6,66300,66256.6,66297.6
1770945360000,BTC-USDT,66229,4.72776161,66295.5,66295.5,66206.4,66229
1770945420000,BTC-USDT,66273.8,1.10644197,66229.7,66277.8,66229.7,66273.8
1770945480000,BTC-USDT,66265.1,1.15545822,66273.7,66273.7,66221.1,66265.1
1770945540000,BTC-USDT,66220.9,0.86088939,66265,66277.8,66217.1,66220.9
1770945600000,BTC-USDT,66235.1,0.6102758,66222.1,66264.4,66222.1,66235.1
1770945660000,BTC-USDT,66211.9,2.88416511,66235.1,66237.9,66178.1,66211.9
1770945720000,BTC-USDT,66234.7,1.97718295,66212,66235.5,66187,66234.7
1770945780000,BTC-USDT,66156,1.46968559,66234.7,66234.7,66145.8,66156
1770945840000,BTC-USDT,66120.6,1.48231401,66155.2,66166.6,66120.6,66120.6
1770945900000,BTC-USDT,66142.2,5.80691228,66120.4,66145.3,66086.1,66142.2
1770945960000,BTC-USDT,66114.9,1.01340455,66140,66183.1,66114.9,66114.9
1770946020000,BTC-USDT,66108.1,0.92485286,66113,66129,66088.1,66108.1
1770946080000,BTC-USDT,66182,4.71216382,66108.1,66182,66106.1,66182
1770946140000,BTC-USDT,66228,3.69126802,66185.4,66272.1,66185.4,66228
1770946200000,BTC-USDT,66309.4,3.89770756,66228.1,66356.2,66228.1,66309.4
1770946260000,BTC-USDT,66301.1,2.8656124,66309.3,66309.3,66266.7,66301.1
1770946320000,BTC-USDT,66344.9,2.58285222,66301.1,66363.6,66292,66344.9
1770946380000,BTC-USDT,66348.4,1.43764933,66344.8,66356,66296,66348.4
1770946440000,BTC-USDT,66367,2.34206455,66344.9,66382.9,66335.9,66367
1770946500000,BTC-USDT,66337.1,1.26976927,66368.3,66373,66319,66337.1
1770946560000,BTC-USDT,66410,6.19718501,66339.1,66418.3,66321.7,66410
1770946620000,BTC-USDT,66399.9,1.12184912,66407.1,66407.1,66349,66399.9
1770946680000,BTC-USDT,66465.1,2.28311727,66400,66468,66400,66465.1
1770946740000,BTC-USDT,66445.4,1.09716025,66465,66478.2,66438,66445.4
1770946800000,BTC-USDT,66485.5,1.44874966,66454.8,66487.6,66454.8,66485.5
1770946860000,BTC-USDT,66473.6,1.95858682,66488,66497,66466,66473.6
1770946920000,BTC-USDT,66486.5,4.58656577,66472.1,66499.9,66469.3,66486.5
1770946980000,BTC-USDT,66479.7,20.72773927,66484,66499.3,66455,66479.7
1770947040000,BTC-USDT,66424.3,3.22880012,66476.3,66489.5,66421.8,66424.3
1770947100000,BTC-USDT,66602.1,46.6055507,66426,66612.8,66422.8,66602.1
1770947160000,BTC-USDT,66594.8,9.52214095,66602.1,66619.9,66540,66594.8
1770947220000,BTC-USDT,66553.5,0.43959612,66590.2,66590.2,66549.3,66553.5
1770947280000,BTC-USDT,66540.7,4.36406951,66553.5,66587.4,66539.4,66540.7
1770947340000,BTC-USDT,66553.8,0.28034155,66540.6,66553.8,66539.3,66553.8
1770947400000,BTC-USDT,66535.9,5.51755208,66553.9,66579.2,66523.6,66535.9
1770947460000,BTC-USDT,66534.3,0.95424183,66535.9,66549.9,66526,66534.3
1770947520000,BTC-USDT,66528,0.37559036,66532.6,66547.8,66524.1,66528
1770947580000,BTC-USDT,66524.1,0.48296315,66527.9,66562,66524.1,66524.1
1770947640000,BTC-USDT,66419.5,4.93670747,66524,66554.6,66398.1,66419.5
1770947700000,BTC-USDT,66380.4,0.65915125,66415,66415.1,66363,66380.4
1770947760000,BTC-USDT,66375.7,1.15107656,66383.5,66383.5,66331.5,66375.7
1770947820000,BTC-USDT,66370.9,1.2359019,66375.8,66375.8,66336.1,66370.9
1770947880000,BTC-USDT,66386.9,0.84451081,66371,66414.9,66360.3,66386.9
1770947940000,BTC-USDT,66451.9,1.46999714,66387,66452,66387,66451.9
1770948000000,BTC-USDT,66445.3,1.14405716,66452,66466.1,66412.1,66445.3
1770948060000,BTC-USDT,66469,0.40643161,66445.3,66498.9,66445.3,66469
1770948120000,BTC-USDT,66434.1,0.99157397,66469.1,66481.9,66420.9,66434.1
1770948180000,BTC-USDT,66429.1,0.55104474,66434,66470.5,66429.1,66429.1
1770948240000,BTC-USDT,66497,3.9929098,66429.1,66499.9,66384.9,66497
1770948300000,BTC-USDT,66455.1,1.8457423,66497,66497,66426,66455.1
1770948360000,BTC-USDT,66459.5,1.35828454,66455.1,66488.7,66455,66459.5
1770948420000,BTC-USDT,66479.9,0.96597776,66461.9,66500,66437.7,66479.9
1770948480000,BTC-USDT,66490,0.68098984,66479.8,66515,66472,66490
1770948540000,BTC-USDT,66551.7,0.41107127,66489.6,66551.7,66489.2,66551.7
1770948600000,BTC-USDT,66531.2,1.43155217,66551.7,66551.7,66529.9,66531.2
1770948660000,BTC-USDT,66549,1.09541861,66532,66549.1,66520,66549
1770948720000,BTC-USDT,66563,0.75987704,66549,66565.7,66530.1,66563
1770948780000,BTC-USDT,66520,0.33449904,66561,66561,66520,66520
1770948840000,BTC-USDT,66564,3.27387782,66519.1,66574.5,66491.7,66564
1770948900000,BTC-USDT,66506.1,2.70605054,66564,66564,66503.4,66506.1
1770948960000,BTC-USDT,66479.5,1.04953346,66506.1,66514.8,66464,66479.5
1770949020000,BTC-USDT,66543.8,0.48231637,66481.5,66543.9,66481.5,66543.8
1770949080000,BTC-USDT,66530.9,0.34466698,66543.7,66543.7,66495.7,66530.9
1770949140000,BTC-USDT,66478,1.98896795,66530.9,66541,66472.1,66478
1770949200000,BTC-USDT,66462,1.7116942,66480.6,66486,66452,66462
1770949260000,BTC-USDT,66432.6,2.38657952,66461.6,66461.6,66385,66432.6
1770949320000,BTC-USDT,66459,1.26241875,66432.6,66476.1,66432.6,66459
1770949380000,BTC-USDT,66480.1,4.74025056,66460.1,66485.5,66454.4,66480.1
1770949440000,BTC-USDT,66531.5,2.21339544,66480,66537.5,66480,66531.5
1770949500000,BTC-USDT,66566,6.84152838,66531.6,66585.3,66521.5,66566
1770949560000,BTC-USDT,66621,8.33682883,66571.3,66621.1,66558.4,66621
1770949620000,BTC-USDT,66649.5,5.68407531,66621.1,66650,66591.1,66649.5
1770949680000,BTC-USDT,66615.8,3.89518435,66650,66650,66615.7,66615.8
1770949740000,BTC-USDT,66529,5.35791463,66615.7,66615.7,66529,66529
1770949800000,BTC-USDT,66531.2,1.07148645,66529.1,66566.5,66529.1,66531.2
1770949860000,BTC-USDT,66547.9,1.27460208,66529.7,66547.9,66500.2,66547.9
1770949920000,BTC-USDT,66549.8,0.35593778,66550,66551,66515.8,66549.8
1770949980000,BTC-USDT,66599.4,2.19517323,66550.9,66599.4,66550.9,66599.4
1770950040000,BTC-USDT,66589.1,3.08716027,66600,66633.9,66588.3,66589.1
1770950100000,BTC-USDT,66582.2,2.1596722,66598,66621.6,66582.2,66582.2
1770950160000,BTC-USDT,66526.4,1.27380199,66582.3,66582.3,66526.4,66526.4
1770950220000,BTC-USDT,66516,0.84146688,66526.5,66531.4,66504.1,66516
1770950280000,BTC-USDT,66494.8,2.44779621,66516.1,66539,66490.6,66494.8
1770950340000,BTC-USDT,66503.1,4.5206964,66495.5,66520.5,66495.3,66503.1
1770950400000,BTC-USDT,66460.3,1.29059663,66503.1,66512,66460.3,66460.3
1770950460000,BTC-USDT,66511.9,8.92534754,66465.8,66511.9,66454.1,66511.9
1770950520000,BTC-USDT,66540.9,0.8361894,66511.9,66541,66505.1,66540.9
1770950580000,BTC-USDT,66602,1.57000931,66541,66631.1,66540.8,66602
1770950640000,BTC-USDT,66588,2.01524245,66601.9,66601.9,66576.6,66588
1770950700000,BTC-USDT,66603,3.8011155,66584.7,66603,66556.6,66603
1770950760000,BTC-USDT,66592.9,1.19418312,66602.9,66602.9,66546.9,66592.9
1770950820000,BTC-USDT,66581,1.22847403,66591.3,66596.7,66566.7,66581
1770950880000,BTC-USDT,66599.9,1.02273995,66580.9,66600,66549.3,66599.9
1770950940000,BTC-USDT,66539.9,1.44758642,66600,66633,66539.9,66539.9
1770951000000,BTC-USDT,66624.1,0.72509008,66539.9,66633,66539.9,66624.1
1770951060000,BTC-USDT,66661,6.90526883,66624.1,66700,66610.8,66661
1770951120000,BTC-USDT,66703.9,1.39594236,66664.9,66720,66664.9,66703.9
1770951180000,BTC-USDT,66677.9,2.27754321,66707,66707,66673.6,66677.9
1770951240000,BTC-USDT,66682,1.39705935,66679.4,66702,66673.6,66682
1770951300000,BTC-USDT,66681.8,0.48852964,66682.1,66703.2,66674,66681.8
1770951360000,BTC-USDT,66721.2,0.7091509,66681.8,66721.2,66681.8,66721.2
1770951420000,BTC-USDT,66728.7,2.91792153,66721.3,66766,66704.3,66728.7
1770951480000,BTC-USDT,66722,1.45058122,66722,66734,66694.4,66722
1770951540000,BTC-USDT,66663.5,3.41586842,66722.1,66722.1,66656.4,66663.5
1770951600000,BTC-USDT,66720,3.09824422,66663.7,66731.7,66654.2,66720
1770951660000,BTC-USDT,66728.6,15.36369005,66723.9,66753.1,66720,66728.6
1770951720000,BTC-USDT,66762,2.42270755,66726,66776.4,66720,66762
1770951780000,BTC-USDT,66759.9,1.60470684,66762.1,66762.1,66710,66759.9
1770951840000,BTC-USDT,66710.1,4.43038799,66759.4,66759.4,66710.1,66710.1
1770951900000,BTC-USDT,66568.6,6.55935426,66710.1,66710.1,66567,66568.6
1770951960000,BTC-USDT,66555.8,1.89104529,66568.6,66596.2,66546.1,66555.8
1770952020000,BTC-USDT,66556.4,1.81878874,66554.9,66571.9,66500,66556.4
1770952080000,BTC-USDT,66550,5.36626903,66556.5,66567,66504.9,66550
1770952140000,BTC-USDT,66547.9,0.40973108,66549.3,66574.6,66547.9,66547.9
1770952200000,BTC-USDT,66555,1.33059058,66547.9,66568.1,66519.9,66555
1770952260000,BTC-USDT,66564.9,0.81279808,66554.9,66576.3,66554.7,66564.9
1770952320000,BTC-USDT,66549,1.31796554,66564.8,66576.2,66543,66549
1770952380000,BTC-USDT,66551.7,0.62634048,66550,66575.5,66550,66551.7
1770952440000,BTC-USDT,66521,1.32371775,66551.7,66569,66521,66521
1770952500000,BTC-USDT,66533.9,2.16221469,66520.1,66543,66500.2,66533.9
1770952560000,BTC-USDT,66514.2,2.17461853,66533.9,66533.9,66490,66514.2
1770952620000,BTC-USDT,66547.8,4.2201144,66514.1,66554.6,66511,66547.8
1770952680000,BTC-USDT,66588.9,0.50584835,66547.8,66596.3,66546,66588.9
1770952740000,BTC-USDT,66599.9,1.55578061,66588.8,66600,66566.9,66599.9
1770952800000,BTC-USDT,66559.4,1.45475702,66599.9,66600,66546.1,66559.4
1770952860000,BTC-USDT,66591.2,1.72156902,66559.3,66591.2,66555.1,66591.2
1770952920000,BTC-USDT,66580.1,1.66572934,66591.2,66610,66580.1,66580.1
1770952980000,BTC-USDT,66582.1,6.14448741,66580.1,66585.7,66558.2,66582.1
1770953040000,BTC-USDT,66558,11.80836728,66582,66605,66558,66558
1770953100000,BTC-USDT,66580.9,4.23480502,66558,66628.6,66554.4,66580.9
1770953160000,BTC-USDT,66616.9,1.45067824,66581,66636.9,66581,66616.9
1770953220000,BTC-USDT,66632.7,2.61339995,66616.9,66665.6,66615,66632.7
1770953280000,BTC-USDT,66627.5,0.40045013,66632.6,66632.6,66610.2,66627.5
1770953340000,BTC-USDT,66674.6,9.46348856,66627.5,66675,66627.5,66674.6
1770953400000,BTC-USDT,66710,5.72917508,66674.6,66776,66674.6,66710
1770953460000,BTC-USDT,66762.4,2.18318975,66709.6,66800,66705.7,66762.4
1770953520000,BTC-USDT,66756,5.26988939,66762.3,66776,66722.6,66756
1770953580000,BTC-USDT,66735.1,2.27883812,66755.6,66769,66734.1,66735.1
1770953640000,BTC-USDT,66652.1,1.53054576,66736.6,66742.5,66652.1,66652.1
1770953700000,BTC-USDT,66678,0.52387901,66650.1,66678.9,66649,66678
1770953760000,BTC-USDT,66670.9,1.56611675,66678.1,66695,66656.1,66670.9
1770953820000,BTC-USDT,66657.2,9.87058171,66670.9,66670.9,66627,66657.2
1770953880000,BTC-USDT,66665.3,0.53177351,66657.2,66665.4,66622.4,66665.3
1770953940000,BTC-USDT,66707.4,1.18691426,66665.3,66707.4,66665.3,66707.4
1770954000000,BTC-USDT,66669,0.69652864,66707.3,66707.3,66657.2,66669
1770954060000,BTC-USDT,66693.7,0.61344115,66668.9,66693.7,66661,66693.7
1770954120000,BTC-USDT,66721.1,2.58482708,66692.3,66729.1,66691.9,66721.1
1770954180000,BTC-USDT,66699.5,1.31710612,66721.1,66739.9,66699.5,66699.5
1770954240000,BTC-USDT,66642.5,2.99905463,66704.5,66720,66642.4,66642.5
1770954300000,BTC-USDT,66647.9,5.32287692,66642.4,66679,66633.6,66647.9
1770954360000,BTC-USDT,66605.7,1.16336403,66647.9,66647.9,66600,66605.7
1770954420000,BTC-USDT,66607.3,0.65092819,66605.7,66608.1,66584.8,66607.3
1770954480000,BTC-USDT,66591,0.72372124,66607.3,66607.3,66584.7,66591
1770954540000,BTC-USDT,66540.8,8.28561481,66590.9,66591,66525.1,66540.8
1770954600000,BTC-USDT,66574,1.22099924,66540.7,66574,66536.8,66574
1770954660000,BTC-USDT,66520.1,0.72821866,66573.9,66574,66520,66520.1
1770954720000,BTC-USDT,66490,3.45286634,66520,66520,66489.2,66490
1770954780000,BTC-USDT,66478.9,8.80703927,66489.9,66518.3,66476.8,66478.9
1770954840000,BTC-USDT,66564.1,7.66087092,66479,66564.1,66458.4,66564.1
1770954900000,BTC-USDT,66499,6.62191892,66564,66564,66479.5,66499
1770954960000,BTC-USDT,66469.9,3.80575186,66499,66499,66467.7,66469.9
1770955020000,BTC-USDT,66511.5,8.97637905,66469.8,66511.5,66469,66511.5
1770955080000,BTC-USDT,66516,6.48979463,66511.4,66516,66480.1,66516
1770955140000,BTC-USDT,66557.1,4.26517066,66516,66557.2,66492.9,66557.1
1770955200000,BTC-USDT,66567.6,4.31671415,66556.9,66584.6,66548.7,66567.6
1770955260000,BTC-USDT,66571.1,0.73832762,66580.4,66586.4,66567.5,66571.1
1770955320000,BTC-USDT,66575.1,2.9717676,66571.1,66600,66571,66575.1
1770955380000,BTC-USDT,66499,2.60212139,66575.1,66575.1,66499,66499
1770955440000,BTC-USDT,66479.5,5.0757628,66499.1,66518.5,66479.5,66479.5
1770955500000,BTC-USDT,66445.9,6.26468872,66479.5,66486.9,66445.8,66445.9
1770955560000,BTC-USDT,66500,2.13710996,66445.8,66500,66445.8,66500
1770955620000,BTC-USDT,66483.9,1.07856811,66501,66531.6,66464.2,66483.9
1770955680000,BTC-USDT,66448.1,1.36304081,66481.5,66481.5,66440.1,66448.1
1770955740000,BTC-USDT,66519,1.37640489,66448.2,66519,66440,66519
1770955800000,BTC-USDT,66450.8,1.07260337,66519.9,66519.9,66443.1,66450.8
1770955860000,BTC-USDT,66476.9,1.18603676,66454.9,66490.9,66454.9,66476.9
1770955920000,BTC-USDT,66495,1.11846427,66477,66520.4,66477,66495
1770955980000,BTC-USDT,66510.9,1.92378113,66495,66510.9,66477.4,66510.9
1770956040000,BTC-USDT,66539.1,0.89810099,66510.9,66539.1,66484.6,66539.1
1770956100000,BTC-USDT,66522.8,4.85804357,66539.1,66541.4,66500.6,66522.8
1770956160000,BTC-USDT,66556.1,0.31845716,66522.8,66572.1,66522.8,66556.1
1770956220000,BTC-USDT,66597.3,1.66228516,66558.1,66600,66558.1,66597.3
1770956280000,BTC-USDT,66617,0.64705556,66598.9,66617,66592.3,66617
1770956340000,BTC-USDT,66637.8,2.23536892,66618.6,66677.8,66618.6,66637.8
1770956400000,BTC-USDT,66558.2,8.56271755,66637.8,66642.9,66553,66558.2
1770956460000,BTC-USDT,66471,4.78950295,66559.7,66559.7,66463.1,66471
1770956520000,BTC-USDT,66493.1,2.90659951,66471.1,66525.9,66457.9,66493.1
1770956580000,BTC-USDT,66527.2,0.80685223,66495.1,66527.2,66467,66527.2
1770956640000,BTC-USDT,66511.6,0.54695344,66528.4,66551.5,66511.6,66511.6
1770956700000,BTC-USDT,66508,0.37560486,66510.1,66515.3,66481,66508
1770956760000,BTC-USDT,66517.6,0.30133443,66508,66518,66499,66517.6
1770956820000,BTC-USDT,66510,0.23525939,66518.2,66523.8,66501.8,66510
1770956880000,BTC-USDT,66495.7,5.32227043,66510,66514,66482.3,66495.7
1770956940000,BTC-USDT,66456.1,0.39817218,66495.7,66510,66456.1,66456.1
1770957000000,BTC-USDT,66440.1,1.94101113,66455.8,66457.6,66428,66440.1
1770957060000,BTC-USDT,66424,3.07902696,66440.1,66446,66404.6,66424
1770957120000,BTC-USDT,66400,0.80509826,66424.1,66438.7,66400,66400
1770957180000,BTC-USDT,66401,3.67846105,66400,66413.6,66390,66401
1770957240000,BTC-USDT,66428.9,1.54409769,66401,66442.6,66401,66428.9
1770957300000,BTC-USDT,66431.7,3.59688168,66427.1,66451.9,66427.1,66431.7
1770957360000,BTC-USDT,66465.2,0.82707699,66433,66467.2,66420.4,66465.2
1770957420000,BTC-USDT,66453,0.40738538,66465.6,66477.4,66453,66453
1770957480000,BTC-USDT,66472,2.00270867,66453.1,66476.4,66453,66472
1770957540000,BTC-USDT,66444.7,2.56627538,66468.1,66473,66409.7,66444.7
1770957600000,BTC-USDT,66398.7,2.25956983,66444.7,66444.7,66398.7,66398.7
1770957660000,BTC-USDT,66411.7,2.37330663,66398,66411.7,66391.9,66411.7
1770957720000,BTC-USDT,66433.1,0.66045806,66411.8,66435.4,66411.8,66433.1
1770957780000,BTC-USDT,66403.3,0.61267333,66432.8,66435.5,66395.8,66403.3
1770957840000,BTC-USDT,66367.6,0.89401428,66403.7,66406,66351.1,66367.6
1770957900000,BTC-USDT,66376.9,0.60272613,66367.6,66378,66352.1,66376.9
1770957960000,BTC-USDT,66365,2.21749041,66376.4,66376.4,66347.3,66365
1770958020000,BTC-USDT,66313.1,5.31530382,66365.9,66365.9,66313,66313.1
1770958080000,BTC-USDT,66363.1,4.38078484,66313.1,66366.7,66313.1,66363.1
1770958140000,BTC-USDT,66344.5,6.19964655,66363.1,66378.9,66344,66344.5
1770958200000,BTC-USDT,66389.5,0.38192888,66344.4,66392.2,66344.4,66389.5
1770958260000,BTC-USDT,66417.9,0.29564084,66392.3,66424.7,66392.3,66417.9
1770958320000,BTC-USDT,66395.6,1.18157459,66417.6,66417.6,66381,66395.6
1770958380000,BTC-USDT,66404.4,1.11959928,66395.4,66404.4,66389,66404.4
1770958440000,BTC-USDT,66426.2,0.40290698,66404.4,66427.4,66404.4,66426.2
1770958500000,BTC-USDT,66439.6,1.66018825,66426.1,66440,66426,66439.6
1770958560000,BTC-USDT,66433.1,0.44070356,66439.6,66439.6,66422.1,66433.1
1770958620000,BTC-USDT,66425.3,1.24971217,66433.1,66450,66425.3,66425.3
1770958680000,BTC-USDT,66342.7,2.03805429,66424.8,66425.3,66334.3,66342.7
1770958740000,BTC-USDT,66334.9,1.47156264,66342.6,66342.6,66321,66334.9
1770958800000,BTC-USDT,66353.2,2.45745407,66335,66365,66334.9,66353.2
1770958860000,BTC-USDT,66379.5,0.24271138,66353.2,66381.4,66344.2,66379.5
1770958920000,BTC-USDT,66386.4,0.18422923,66378.5,66386.4,66367,66386.4
1770958980000,BTC-USDT,66439,4.00654638,66386.3,66440.4,66386.3,66439
1770959040000,BTC-USDT,66418,7.71257726,66439,66460,66415.1,66418
1770959100000,BTC-USDT,66353.4,2.97846348,66418.2,66444.8,66353.4,66353.4
1770959160000,BTC-USDT,66310,0.65752698,66353.5,66364.9,66309,66310
1770959220000,BTC-USDT,66250.4,13.58073066,66310.1,66310.1,66232.1,66250.4
1770959280000,BTC-USDT,66273.7,2.32753477,66244.1,66280.5,66244.1,66273.7
1770959340000,BTC-USDT,66291.3,0.42919842,66274.9,66291.3,66260.1,66291.3
1770959400000,BTC-USDT,66265.9,1.33810455,66293,66309,66260.1,66265.9
1770959460000,BTC-USDT,66308.1,2.12292471,66265.9,66311.4,66265.9,66308.1
1770959520000,BTC-USDT,66315.3,1.00640382,66308.1,66331,66308,66315.3
1770959580000,BTC-USDT,66278.2,5.17267688,66315.2,66342.2,66274.7,66278.2
1770959640000,BTC-USDT,66252.2,38.89665456,66278.3,66331,66252.2,66252.2
1770959700000,BTC-USDT,66240.1,2.19404079,66252.2,66326.8,66240,66240.1
1770959760000,BTC-USDT,66281.2,0.28015778,66240.1,66283.8,66238,66281.2
1770959820000,BTC-USDT,66298.2,0.49861449,66277.1,66299,66277.1,66298.2
1770959880000,BTC-USDT,66319,0.78659253,66298.1,66336.9,66298.1,66319
1770959940000,BTC-USDT,66348.4,0.65480468,66319.1,66348.4,66304,66348.4
1770960000000,BTC-USDT,66352.6,0.29531523,66348.4,66369.1,66344.4,66352.6
1770960060000,BTC-USDT,66373.7,0.35944419,66348.1,66373.7,66326,66373.7
1770960120000,BTC-USDT,66372.1,0.51500822,66373.8,66386.2,66358.1,66372.1
1770960180000,BTC-USDT,66404.2,0.417658,66372.1,66412.9,66372.1,66404.2
1770960240000,BTC-USDT,66308.2,2.52626175,66403.3,66403.3,66308.2,66308.2
1770960300000,BTC-USDT,66362,0.34129702,66308.2,66369,66308.2,66362
1770960360000,BTC-USDT,66310,4.06551814,66360.5,66361.2,66302.1,66310
1770960420000,BTC-USDT,66284.6,1.46674602,66306.9,66306.9,66262,66284.6
1770960480000,BTC-USDT,66291.3,0.68889468,66287,66311.3,66285.1,66291.3
1770960540000,BTC-USDT,66329.4,1.15498657,66291.3,66332.1,66289,66329.4
1770960600000,BTC-USDT,66395.5,38.20860071,66327.6,66395.5,66313.1,66395.5
1770960660000,BTC-USDT,66390.9,0.97663799,66395.5,66407.8,66384,66390.9
1770960720000,BTC-USDT,66386.7,4.27487467,66389.1,66395.2,66367.8,66386.7
1770960780000,BTC-USDT,66414.2,0.67389506,66387.2,66414.2,66366,66414.2
1770960840000,BTC-USDT,66409,1.0449314,66414.7,66429.3,66384.7,66409
1770960900000,BTC-USDT,66453.7,1.31812242,66409,66466,66399.2,66453.7
1770960960000,BTC-USDT,66464.4,0.80062096,66453.8,66477.9,66430.4,66464.4
1770961020000,BTC-USDT,66438.5,0.93657012,66468.8,66468.8,66438.5,66438.5
1770961080000,BTC-USDT,66436.2,1.27882535,66438.4,66461,66435.3,66436.2
1770961140000,BTC-USDT,66425.9,1.58853971,66436.1,66436.2,66374,66425.9
1770961200000,BTC-USDT,66380.5,1.58264401,66425.9,66425.9,66353,66380.5
1770961260000,BTC-USDT,66409.5,3.32345449,66381,66411.3,66381,66409.5
1770961320000,BTC-USDT,66454.8,5.06558523,66409.5,66454.8,66409.5,66454.8
1770961380000,BTC-USDT,66475.1,0.31847145,66454.8,66475.9,66453,66475.1
1770961440000,BTC-USDT,66477.6,0.40049046,66475.2,66478.9,66471.5,66477.6
1770961500000,BTC-USDT,66485.2,5.52998607,66477.8,66508.4,66477.8,66485.2
1770961560000,BTC-USDT,66460.8,3.74999025,66483.1,66490.8,66460.8,66460.8
1770961620000,BTC-USDT,66455.8,0.24968636,66460.9,66474,66446.4,66455.8
1770961680000,BTC-USDT,66446.1,4.47139925,66455.7,66459.9,66436,66446.1
1770961740000,BTC-USDT,66489.4,13.11061105,66446.1,66502.9,66436,66489.4
1770961800000,BTC-USDT,66430.6,6.04217959,66489.4,66489.4,66412.5,66430.6
1770961860000,BTC-USDT,66433.2,0.79291694,66433,66466.2,66431.7,66433.2
1770961920000,BTC-USDT,66411,1.02947795,66433.3,66433.3,66402.1,66411
1770961980000,BTC-USDT,66381.6,0.65265501,66412.9,66422.9,66380.1,66381.6
1770962040000,BTC-USDT,66369.3,0.47598758,66381.7,66387,66369.3,66369.3
1770962100000,BTC-USDT,66356.3,1.9520489,66367.5,66382.4,66354.6,66356.3
1770962160000,BTC-USDT,66323.2,9.3808665,66356.3,66376.9,66323.1,66323.2
1770962220000,BTC-USDT,66264,3.11427465,66323.1,66323.1,66255.9,66264
1770962280000,BTC-USDT,66224.9,10.82822365,66264.1,66279.9,66212,66224.9
1770962340000,BTC-USDT,66184.8,10.02040822,66225,66225,66184.8,66184.8
1770962400000,BTC-USDT,66176,3.91992626,66185,66230.7,66168.8,66176
1770962460000,BTC-USDT,66210.3,1.20660551,66175.9,66216,66175.9,66210.3
1770962520000,BTC-USDT,66262.1,2.67957299,66211,66268.3,66211,66262.1
1770962580000,BTC-USDT,66245.7,1.2720269,66262,66281,66245.7,66245.7
1770962640000,BTC-USDT,66245,2.72502026,66245.6,66267.5,66245,66245
1770962700000,BTC-USDT,66242.1,8.00089659,66245,66270.5,66222.5,66242.1
1770962760000,BTC-USDT,66257.6,2.04160754,66242.1,66261,66242.1,66257.6
1770962820000,BTC-USDT,66284,3.11717746,66257.5,66284,66257.5,66284
1770962880000,BTC-USDT,66270,2.05290368,66284.9,66293.4,66252.2,66270
1770962940000,BTC-USDT,66261.2,2.67060167,66270,66270,66259.1,66261.2
1770963000000,BTC-USDT,66277.9,4.60238809,66261.1,66280,66241,66277.9
1770963060000,BTC-USDT,66303.7,2.28530964,66278,66318.6,66277.9,66303.7
1770963120000,BTC-USDT,66250.6,1.49025675,66303.8,66303.8,66250.6,66250.6
1770963180000,BTC-USDT,66253.7,1.06418106,66250.6,66255,66240,66253.7
1770963240000,BTC-USDT,66242,4.39700435,66253.7,66270.6,66241.1,66242
1770963300000,BTC-USDT,66228.8,1.00520077,66242,66269.4,66226.8,66228.8
1770963360000,BTC-USDT,66271.2,1.09152394,66230.2,66279.2,66230.2,66271.2
1770963420000,BTC-USDT,66263.8,1.78504876,66271,66310.7,66263.8,66263.8
1770963480000,BTC-USDT,66234.4,1.42014384,66263.7,66282,66234.1,66234.4
1770963540000,BTC-USDT,66208.1,0.98939875,66233.8,66233.8,66208.1,66208.1
1770963600000,BTC-USDT,66237,1.31337451,66208.1,66262,66208.1,66237
1770963660000,BTC-USDT,66249.2,0.43760324,66236.1,66270.5,66236.1,66249.2
1770963720000,BTC-USDT,66175.3,1.38736032,66249.1,66254,66175.3,66175.3
1770963780000,BTC-USDT,66081.1,11.28104174,66175.3,66175.3,66048,66081.1
1770963840000,BTC-USDT,66106.3,5.93558537,66081.1,66109.2,66047,66106.3
1770963900000,BTC-USDT,66089,4.71420762,66106.3,66109.2,66053.9,66089
1770963960000,BTC-USDT,66064.3,13.68911242,66089,66102,66060,66064.3
1770964020000,BTC-USDT,66080,2.76883694,66064.4,66118.8,66061,66080
1770964080000,BTC-USDT,66080.1,5.28005407,66080.1,66097.9,66080,66080.1
1770964140000,BTC-USDT,66130,2.96843696,66080,66130,66078.1,66130
1770964200000,BTC-USDT,66082.3,2.14209321,66129.9,66129.9,66082.3,66082.3
1770964260000,BTC-USDT,66061.3,5.56365128,66082.3,66112.9,66040.1,66061.3
1770964320000,BTC-USDT,66033.3,8.0693767,66061.4,66073.9,66009.8,66033.3
1770964380000,BTC-USDT,66066,2.45022319,66033.2,66069.6,66020,66066
1770964440000,BTC-USDT,66081.1,14.56300624,66069.6,66119.1,66068.1,66081.1
1770964500000,BTC-USDT,66093.3,1.01994929,66081,66106,66072.4,66093.3
1770964560000,BTC-USDT,66063.3,6.35012528,66092.7,66092.7,66047,66063.3
1770964620000,BTC-USDT,66100.4,1.33281968,66068.6,66106,66068.6,66100.4
1770964680000,BTC-USDT,66118.3,3.77833787,66100.7,66129.3,66096.1,66118.3
1770964740000,BTC-USDT,66053.4,2.20508693,66118.2,66127.2,66053.4,66053.4
1770964800000,BTC-USDT,66100.3,0.87926765,66053.4,66118.6,66053.4,66100.3
1770964860000,BTC-USDT,66105.9,1.86272083,66100.3,66106.5,66060,66105.9
1770964920000,BTC-USDT,66076.1,0.35216742,66102.9,66102.9,66076.1,66076.1
1770964980000,BTC-USDT,66098.5,0.71959208,66074.2,66098.5,66066.6,66098.5
1770965040000,BTC-USDT,66093,0.61050197,66099.6,66105,66084,66093
1770965100000,BTC-USDT,66066.9,2.52879646,66093.7,66097.2,66053.6,66066.9
1770965160000,BTC-USDT,66109.2,1.90063524,66067,66123.1,66062.3,66109.2
1770965220000,BTC-USDT,66093.9,1.50075382,66114.6,66142.9,66091.1,66093.9
1770965280000,BTC-USDT,66114.9,1.77397005,66094,66132,66091.4,66114.9
1770965340000,BTC-USDT,66080.6,1.64275195,66114,66136.5,66080.6,66080.6
1770965400000,BTC-USDT,66160,4.38404104,66080.7,66164.4,66080.7,66160
1770965460000,BTC-USDT,66219.3,7.06468697,66160,66221.3,66160,66219.3
1770965520000,BTC-USDT,66196.1,3.29143126,66219.3,66233.6,66196,66196.1
1770965580000,BTC-USDT,66204.5,0.46574577,66196.1,66209,66194.1,66204.5
1770965640000,BTC-USDT,66226.4,1.16504364,66204.4,66226.4,66204.4,66226.4
1770965700000,BTC-USDT,66204,1.76629574,66226.4,66226.4,66204,66204
1770965760000,BTC-USDT,66275.5,5.91592287,66204.1,66275.5,66204.1,66275.5
1770965820000,BTC-USDT,66300.5,4.11393873,66276.2,66324.9,66266,66300.5
1770965880000,BTC-USDT,66406,7.14947641,66300.4,66406,66291.1,66406
1770965940000,BTC-USDT,66370.1,2.85310012,66406.1,66406.1,66369.2,66370.1
1770966000000,BTC-USDT,66378.9,9.24525126,66370.1,66403.1,66341.2,66378.9
1770966060000,BTC-USDT,66384,6.16675871,66379,66388.2,66357.1,66384
1770966120000,BTC-USDT,66378,5.97685903,66384.1,66403.7,66362,66378
1770966180000,BTC-USDT,66467,12.31671931,66379,66498,66363.6,66467
1770966240000,BTC-USDT,66466.5,7.25592805,66466.9,66480,66449,66466.5
1770966300000,BTC-USDT,66434,7.82841706,66466.4,66488.4,66434,66434
1770966360000,BTC-USDT,66428.7,7.61369916,66434.1,66454,66388.1,66428.7
1770966420000,BTC-USDT,66403.1,10.93671669,66427.8,66451.9,66402.8,66403.1
1770966480000,BTC-USDT,66424,9.30490297,66404.8,66450.3,66404.8,66424
1770966540000,BTC-USDT,66390.4,5.36516043,66425.7,66427,66379,66390.4
1770966600000,BTC-USDT,66442.5,4.69802739,66390.5,66443,66390.5,66442.5
1770966660000,BTC-USDT,66511,14.22165143,66442.6,66516,66433,66511
1770966720000,BTC-USDT,66531.8,8.21550244,66511,66568.9,66491.2,66531.8
1770966780000,BTC-USDT,66566,15.43555534,66531.7,66580,66526,66566
1770966840000,BTC-USDT,66540.1,12.41043321,66568,66579.6,66505,66540.1
1770966900000,BTC-USDT,66535.8,6.97659463,66540,66580.4,66509,66535.8
1770966960000,BTC-USDT,66498.1,5.99778551,66536,66543,66498.1,66498.1
1770967020000,BTC-USDT,66495.7,6.35683441,66498.1,66515.2,66469,66495.7
1770967080000,BTC-USDT,66469.9,6.95827137,66495.7,66495.7,66455.2,66469.9
1770967140000,BTC-USDT,66473.1,7.49138605,66468,66481.2,66448.1,66473.1
1770967200000,BTC-USDT,66434,7.72324275,66473.1,66478.6,66429,66434
1770967260000,BTC-USDT,66491,4.6177737,66434,66496.4,66434,66491
1770967320000,BTC-USDT,66461.1,6.39598208,66491,66491,66435.6,66461.1
1770967380000,BTC-USDT,66443.2,6.76695919,66460,66460,66440.3,66443.2
1770967440000,BTC-USDT,66505,8.90222327,66443.1,66508.5,66430,66505
1770967500000,BTC-USDT,66456,7.48955269,66504.3,66507.9,66453.2,66456
1770967560000,BTC-USDT,66469,5.87643874,66456,66473,66438.4,66469
1770967620000,BTC-USDT,66485,6.4031767,66468.9,66491,66468.9,66485
1770967680000,BTC-USDT,66485.1,5.49186311,66485,66491.1,66477.1,66485.1
1770967740000,BTC-USDT,66525,7.90340244,66485.1,66535.6,66467,66525
1770967800000,BTC-USDT,66417.1,14.05981027,66525,66525.1,66417.1,66417.1
1770967860000,BTC-USDT,66419,7.8974809,66417.1,66439.6,66411,66419
1770967920000,BTC-USDT,66363.6,15.55260748,66417.1,66426,66363.6,66363.6
1770967980000,BTC-USDT,66344.1,7.76052441,66363.5,66393,66344.1,66344.1
1770968040000,BTC-USDT,66357,9.58044564,66344,66372.1,66328,66357
1770968100000,BTC-USDT,66329.9,8.40763877,66356.9,66375,66320.9,66329.9
1770968160000,BTC-USDT,66269.3,9.93608809,66329.9,66329.9,66269.3,66269.3
1770968220000,BTC-USDT,66231.6,11.69115626,66269.2,66269.4,66230.6,66231.6
1770968280000,BTC-USDT,66212,11.63301797,66231.5,66234.7,66182.3,66212
1770968340000,BTC-USDT,66234,8.27216829,66212,66250,66212,66234
1770968400000,BTC-USDT,66206.8,8.00193351,66234,66237,66196,66206.8
1770968460000,BTC-USDT,66164.2,9.36767372,66206.7,66211.3,66164.1,66164.2
1770968520000,BTC-USDT,66149.7,9.84112201,66164.2,66167.9,66144,66149.7
1770968580000,BTC-USDT,66144.9,7.64798604,66149.1,66152,66141,66144.9
1770968640000,BTC-USDT,66130.1,8.73011428,66145,66174,66129.9,66130.1
1770968700000,BTC-USDT,66108.3,12.90977773,66130,66166,66100,66108.3
1770968760000,BTC-USDT,66160.7,10.39273768,66108.2,66180.4,66108.2,66160.7
1770968820000,BTC-USDT,66111.1,13.21003369,66160.6,66173.9,66111,66111.1
1770968880000,BTC-USDT,66104.1,23.47046682,66111.1,66111.1,66078,66104.1
1770968940000,BTC-USDT,66156.2,10.97987239,66104,66156.3,66104,66156.2
1770969000000,BTC-USDT,66106.1,9.88265938,66156.2,66156.2,66105.9,66106.1
1770969060000,BTC-USDT,66067.1,8.49781088,66106,66116,66051.1,66067.1
1770969120000,BTC-USDT,66156.4,5.08126015,66067.5,66156.4,66067.5,66156.4
1770969180000,BTC-USDT,66205.1,5.23198332,66155,66207.7,66148.1,66205.1
1770969240000,BTC-USDT,66316,9.29470295,66206,66316,66206,66316
1770969300000,BTC-USDT,66276.1,9.78236513,66315.9,66331.9,66270.1,66276.1
1770969360000,BTC-USDT,66290.1,5.98039012,66272,66306,66264,66290.1
1770969420000,BTC-USDT,66213,9.46067337,66290.1,66291.8,66198.5,66213
1770969480000,BTC-USDT,66225,8.6283256,66212.9,66225.6,66164,66225
1770969540000,BTC-USDT,66215.7,4.57260477,66225,66244.2,66214,66215.7
1770969600000,BTC-USDT,66247,2.27275323,66215.8,66259,66212.1,66247
1770969660000,BTC-USDT,66219.5,12.72223316,66244.8,66274.5,66219.5,66219.5
1770969720000,BTC-USDT,66238,2.02740817,66214.1,66238,66195.7,66238
1770969780000,BTC-USDT,66299.9,1.02346478,66240,66300,66240,66299.9
1770969840000,BTC-USDT,66342.7,12.15574298,66300,66373,66300,66342.7
1770969900000,BTC-USDT,66399.9,1.42883917,66342.8,66399.9,66342.8,66399.9
1770969960000,BTC-USDT,66459.9,2.82082877,66400,66478,66400,66459.9
1770970020000,BTC-USDT,66449.1,8.37378728,66459.9,66498.8,66437.5,66449.1
1770970080000,BTC-USDT,66390.1,2.63994864,66448,66448,66384,66390.1
1770970140000,BTC-USDT,66299,2.14918924,66391.6,66399.9,66290.7,66299
1770970200000,BTC-USDT,66308.9,2.82887961,66301.9,66338.8,66301.9,66308.9
1770970260000,BTC-USDT,66340.5,1.7263156,66314.9,66342,66312.2,66340.5
1770970320000,BTC-USDT,66356.8,0.77641426,66342,66366.1,66317,66356.8
1770970380000,BTC-USDT,66323,0.80626545,66358,66362.9,66310.9,66323
1770970440000,BTC-USDT,66264,4.77384225,66317.3,66320.9,66260.8,66264
1770970500000,BTC-USDT,66251.1,4.28491091,66264.1,66283.7,66251.1,66251.1
1770970560000,BTC-USDT,66264.8,14.99496931,66251.1,66280,66211.6,66264.8
1770970620000,BTC-USDT,66258,0.93216898,66265.9,66282.7,66249.1,66258
1770970680000,BTC-USDT,66256,1.67116709,66255.1,66274,66237.7,66256
1770970740000,BTC-USDT,66338.1,4.8642789,66257.9,66343.2,66240,66338.1
1770970800000,BTC-USDT,66283.1,1.30532539,66336,66336.1,66283,66283.1
1770970860000,BTC-USDT,66402,3.10858669,66283.1,66402,66277.1,66402
1770970920000,BTC-USDT,66372.9,2.84204075,66403,66425.9,66365.3,66372.9
1770970980000,BTC-USDT,66375.8,1.23546757,66373,66385.9,66347.1,66375.8
1770971040000,BTC-USDT,66300,2.89210224,66375.8,66375.8,66300,66300
1770971100000,BTC-USDT,66417.9,1.77811211,66300.1,66449.5,66300.1,66417.9
1770971160000,BTC-USDT,66405.3,3.67522277,66417,66425,66386.1,66405.3
1770971220000,BTC-USDT,66396.9,3.48440228,66404.8,66423.3,66390.9,66396.9
1770971280000,BTC-USDT,66418.8,2.30148312,66397,66426.9,66397,66418.8
1770971340000,BTC-USDT,66418.9,3.80893752,66416.9,66438,66410,66418.9
1770971400000,BTC-USDT,66383.5,0.54787223,66418.9,66418.9,66383.5,66383.5
1770971460000,BTC-USDT,66430.4,4.63119648,66383.4,66438.9,66380.1,66430.4
1770971520000,BTC-USDT,66423.7,3.41879966,66430.4,66475.9,66412.5,66423.7
1770971580000,BTC-USDT,66449.2,0.81613645,66422.9,66465.4,66419.5,66449.2
1770971640000,BTC-USDT,66466.7,1.56692511,66452,66476.7,66444.1,66466.7
1770971700000,BTC-USDT,66497.9,1.50910219,66466.7,66497.9,66433.9,66497.9
1770971760000,BTC-USDT,66501.8,12.0228606,66498,66502,66478.3,66501.8
1770971820000,BTC-USDT,66460,2.5008845,66501.9,66543.4,66460,66460
1770971880000,BTC-USDT,66447.2,1.00714786,66457.4,66462,66438,66447.2
1770971940000,BTC-USDT,66431.1,1.61790009,66447.3,66455,66420.3,66431.1
1770972000000,BTC-USDT,66439.1,1.72616004,66431.1,66481.4,66431.1,66439.1
1770972060000,BTC-USDT,66439.1,1.45386063,66439,66473,66434,66439.1
1770972120000,BTC-USDT,66425.4,1.42908348,66443.9,66443.9,66403.5,66425.4
1770972180000,BTC-USDT,66482.1,1.69631853,66427.8,66482.9,66427.8,66482.1
1770972240000,BTC-USDT,66518.4,22.56685898,66482.2,66518.5,66482,66518.4
1770972300000,BTC-USDT,66588,37.78527924,66518.4,66616.9,66518.4,66588
1770972360000,BTC-USDT,66592.5,3.03029783,66588.1,66612.6,66560,66592.5
1770972420000,BTC-USDT,66693.1,12.70000907,66592.5,66700,66576,66693.1
1770972480000,BTC-USDT,66715,7.95101407,66694,66750,66670,66715
1770972540000,BTC-USDT,66666.2,1.4433232,66713.1,66725,66666.2,66666.2
1770972600000,BTC-USDT,66626.1,19.77711618,66666.2,66666.2,66626.1,66626.1
1770972660000,BTC-USDT,66651.1,27.32401504,66625.8,66651.9,66603.9,66651.1
1770972720000,BTC-USDT,66636,44.457573,66651,66671.9,66617.1,66636
1770972780000,BTC-USDT,66711,28.1503082,66636,66711,66634.1,66711
1770972840000,BTC-USDT,66690.9,72.60504335,66711,66717.2,66658,66690.9
1770972900000,BTC-USDT,66593.9,20.13687998,66690.9,66690.9,66592.3,66593.9
1770972960000,BTC-USDT,66633.9,228.6673934,66593.9,66634,66586,66633.9
1770973020000,BTC-USDT,66626,4.00125072,66633.9,66634,66613.3,66626
1770973080000,BTC-USDT,66647.9,20.84513221,66625.9,66686.9,66608.6,66647.9
1770973140000,BTC-USDT,66698.9,1.67220534,66648,66699,66647.9,66698.9
1770973200000,BTC-USDT,66698.8,25.93186542,66698.9,66698.9,66666.8,66698.8
1770973260000,BTC-USDT,66682.9,134.51192459,66698.8,66740.1,66666.2,66682.9
1770973320000,BTC-USDT,66617.3,17.17842463,66682.9,66698.4,66617.3,66617.3
1770973380000,BTC-USDT,66667.3,3.24898875,66617.3,66667.3,66611.9,66667.3
1770973440000,BTC-USDT,66664.1,3.01615556,66668,66708.4,66663.1,66664.1
1770973500000,BTC-USDT,66645.2,41.30445501,66664.1,66725,66645.1,66645.2
1770973560000,BTC-USDT,66673.9,10.12681867,66645.1,66678,66626.1,66673.9
1770973620000,BTC-USDT,66747,5.02739811,66673.8,66771.7,66673.7,66747
1770973680000,BTC-USDT,66731.9,6.46683061,66759,66762,66713.1,66731.9
1770973740000,BTC-USDT,66782,32.70845807,66732,66796,66732,66782
1770973800000,BTC-USDT,66794.7,3.97306006,66782,66812.2,66746,66794.7
1770973860000,BTC-USDT,66791.3,1.56001348,66795,66803.3,66761.1,66791.3
1770973920000,BTC-USDT,66794.2,8.51157622,66791.1,66857.1,66782,66794.2
1770973980000,BTC-USDT,66673,4.19877448,66794.1,66794.2,66650,66673
1770974040000,BTC-USDT,66686.1,4.19992085,66673,66705,66673,66686.1
1770974100000,BTC-USDT,66701,1.37554293,66686,66719.7,66679,66701
1770974160000,BTC-USDT,66729,2.59824377,66701,66792.9,66698.4,66729
1770974220000,BTC-USDT,66670.8,5.75438272,66726,66726,66662.1,66670.8
1770974280000,BTC-USDT,66684.7,7.68013996,66672.4,66684.7,66637,66684.7
1770974340000,BTC-USDT,66727.9,1.63638945,66684.7,66727.9,66667,66727.9
1770974400000,BTC-USDT,66694.5,2.4568603,66727.9,66730.9,66679,66694.5
1770974460000,BTC-USDT,66766.9,2.37700119,66695.9,66767,66690.7,66766.9
1770974520000,BTC-USDT,66707.3,9.28519999,66767,66772.9,66700.3,66707.3
1770974580000,BTC-USDT,66778.9,1.29424811,66706.8,66778.9,66693.3,66778.9
1770974640000,BTC-USDT,66786,6.98320699,66779,66839,66761.3,66786
1770974700000,BTC-USDT,66746.9,7.39548909,66781.7,66785.9,66746.1,66746.9
1770974760000,BTC-USDT,66774,1.03237261,66747,66774,66722.1,66774
1770974820000,BTC-USDT,66774.5,0.56620227,66774.9,66780.9,66753,66774.5
1770974880000,BTC-USDT,66792.9,1.37792805,66775.5,66792.9,66760.2,66792.9
1770974940000,BTC-USDT,66825.5,2.27829435,66792.9,66827.1,66780.1,66825.5
1770975000000,BTC-USDT,66779,2.35506032,66825.4,66825.4,66765.5,66779
1770975060000,BTC-USDT,66813.8,6.3213302,66779,66822,66779,66813.8
1770975120000,BTC-USDT,66847,2.23545037,66813.8,66866.6,66791,66847
1770975180000,BTC-USDT,66896.5,10.26071021,66843.5,66896.5,66840.3,66896.5
1770975240000,BTC-USDT,66905.9,5.29801453,66896.5,66908.1,66860.3,66905.9
1770975300000,BTC-USDT,66871,3.1451163,66903.1,66905.6,66866.1,66871
1770975360000,BTC-USDT,66919.9,14.01201821,66873,66920.9,66873,66919.9
1770975420000,BTC-USDT,66854.6,3.26142398,66919.9,66938.6,66831.1,66854.6
1770975480000,BTC-USDT,66829.9,10.6671993,66845.1,66881,66824,66829.9
1770975540000,BTC-USDT,66852.4,0.66877359,66829,66885.9,66829,66852.4
1770975600000,BTC-USDT,66820,1.45982887,66852.5,66862.8,66810.9,66820
1770975660000,BTC-USDT,66862.9,2.1088069,66822.5,66878,66822.5,66862.9
1770975720000,BTC-USDT,66903.8,2.7509036,66863,66910,66863,66903.8
1770975780000,BTC-USDT,66880.8,1.84894242,66904,66908,66868.3,66880.8
1770975840000,BTC-USDT,66853.9,7.19391592,66880.8,66910.9,66828.1,66853.9
1770975900000,BTC-USDT,66920.9,3.04153066,66854,66920.9,66854,66920.9
1770975960000,BTC-USDT,66979.5,2.41990544,66920.9,66979.5,66920.9,66979.5
1770976020000,BTC-USDT,67004,14.33731864,66979.5,67010.9,66953,67004
1770976080000,BTC-USDT,66994.8,5.14461119,67005.6,67063.1,66994.7,66994.8
1770976140000,BTC-USDT,67005.3,5.34548125,66994.7,67031.3,66984,67005.3
1770976200000,BTC-USDT,66976.7,14.14074001,67006.9,67011.6,66976.7,66976.7
1770976260000,BTC-USDT,67003,8.43985724,66975.1,67040.4,66975,67003
1770976320000,BTC-USDT,66978.4,2.98815208,67003.1,67003.1,66941,66978.4
1770976380000,BTC-USDT,66982.6,3.56405516,66978.5,67001.8,66950.7,66982.6
1770976440000,BTC-USDT,66969,6.1708359,66982.7,67014.7,66962,66969
1770976500000,BTC-USDT,66967.3,4.84023203,66970,66990.4,66953.1,66967.3
1770976560000,BTC-USDT,66952.1,4.55650293,66969.2,66969.2,66946,66952.1
1770976620000,BTC-USDT,66965.4,4.14639431,66952,66974.2,66952,66965.4
1770976680000,BTC-USDT,66943.1,13.49622949,66965.1,66965.2,66930,66943.1
1770976740000,BTC-USDT,66964,26.01469845,66943.1,66990.1,66943.1,66964
1770976800000,BTC-USDT,66972.2,6.83140261,66964.1,66972.9,66942.4,66972.2
1770976860000,BTC-USDT,66879.2,42.92212803,66971.3,66971.3,66861.5,66879.2
1770976920000,BTC-USDT,66918.3,0.60832098,66879.1,66924.3,66879.1,66918.3
1770976980000,BTC-USDT,66922,0.53247282,66916.8,66924.9,66896.1,66922
1770977040000,BTC-USDT,66860.6,1.28452102,66922,66933,66842.1,66860.6
1770977100000,BTC-USDT,66828.3,4.14054536,66857,66872.8,66828.2,66828.3
1770977160000,BTC-USDT,66877.5,4.0014345,66830.8,66877.6,66825.5,66877.5
1770977220000,BTC-USDT,66852.1,1.49157364,66877.6,66914,66852.1,66852.1
1770977280000,BTC-USDT,66834.1,5.29588786,66851,66864.5,66833.1,66834.1
1770977340000,BTC-USDT,66832.1,4.52061011,66834.6,66865.8,66825,66832.1
1770977400000,BTC-USDT,66847,0.5400523,66832,66875.5,66832,66847
1770977460000,BTC-USDT,66909.7,0.74754157,66847.2,66913.7,66847.2,66909.7
1770977520000,BTC-USDT,66898,4.17833398,66902.1,66915.4,66877.5,66898
1770977580000,BTC-USDT,66854.8,0.78469043,66896.3,66898.9,66853,66854.8
1770977640000,BTC-USDT,66904.3,4.89047927,66854.8,66904.3,66849,66904.3
1770977700000,BTC-USDT,66946.9,3.03741896,66904.3,66946.9,66893.9,66946.9
1770977760000,BTC-USDT,66965.7,2.87745731,66946.9,66965.7,66922.5,66965.7
1770977820000,BTC-USDT,66966.5,5.53541838,66966.5,66966.6,66929.3,66966.5
1770977880000,BTC-USDT,67022.5,3.84676558,66966.5,67023.6,66966.5,67022.5
1770977940000,BTC-USDT,67005.7,4.8998791,67022.7,67088,67000,67005.7
1770978000000,BTC-USDT,66928.7,4.35374047,67005.7,67005.7,66920.6,66928.7
1770978060000,BTC-USDT,66910,0.51703541,66924.7,66926,66894,66910
1770978120000,BTC-USDT,66885.2,1.20146039,66910,66910.1,66883.2,66885.2
1770978180000,BTC-USDT,66833.2,1.0882415,66885.2,66885.6,66830.1,66833.2
1770978240000,BTC-USDT,66829.9,1.58366165,66834,66834,66804.1,66829.9
1770978300000,BTC-USDT,66854.9,1.62524176,66830,66860,66824.3,66854.9
1770978360000,BTC-USDT,66876,0.58448627,66860,66883,66854.8,66876
1770978420000,BTC-USDT,66876,0.97002166,66876,66887.5,66864,66876
1770978480000,BTC-USDT,66878.7,0.43073381,66874.9,66899.1,66873,66878.7
1770978540000,BTC-USDT,66913.1,2.04681339,66878.7,66915.9,66878.7,66913.1
1770978600000,BTC-USDT,66917.3,1.16350197,66913,66947.9,66906,66917.3
1770978660000,BTC-USDT,66879.9,1.40265697,66915.5,66933.5,66864.4,66879.9
1770978720000,BTC-USDT,66863,0.53918547,66879.9,66885.6,66848.1,66863
1770978780000,BTC-USDT,66944.6,0.75467836,66863.2,66944.7,66863,66944.6
1770978840000,BTC-USDT,66978.8,4.87842531,66944.6,67025,66944.6,66978.8
1770978900000,BTC-USDT,66996.9,1.95999981,66978.7,67001,66966.1,66996.9
1770978960000,BTC-USDT,66984.3,0.61442405,67000,67000,66946.2,66984.3
1770979020000,BTC-USDT,67028.9,2.72258107,66984.9,67042,66984.9,67028.9
1770979080000,BTC-USDT,67012.2,2.86034865,67029.9,67047.2,67012.2,67012.2
1770979140000,BTC-USDT,66953.7,1.58924357,67012.1,67021,66953.7,66953.7
1770979200000,BTC-USDT,66983,1.71512581,66953.5,66990.9,66950,66983
1770979260000,BTC-USDT,67052.9,1.49329504,66983,67059.1,66983,67052.9
1770979320000,BTC-USDT,67064.1,2.30876862,67053.9,67072.6,67029,67064.1
1770979380000,BTC-USDT,67071.4,4.46039578,67063.9,67117.4,67046.9,67071.4
1770979440000,BTC-USDT,67028.8,1.13845739,67070.5,67072.9,67019,67028.8
1770979500000,BTC-USDT,66991.9,1.00335933,67028.9,67046,66991,66991.9
1770979560000,BTC-USDT,67041,1.40720599,66991,67054,66974,67041
1770979620000,BTC-USDT,67037.4,0.73978284,67040.9,67057.8,67010,67037.4
1770979680000,BTC-USDT,66999.9,0.7873176,67037.2,67037.2,66973.8,66999.9
1770979740000,BTC-USDT,67028.9,0.35395236,67002.4,67028.9,67002.4,67028.9
1770979800000,BTC-USDT,66999.9,2.30970215,67028.9,67028.9,66982.4,66999.9
1770979860000,BTC-USDT,67048.5,24.26285056,66999.9,67078.3,66999.8,67048.5
1770979920000,BTC-USDT,67043,17.12872476,67048.5,67052.5,66986.5,67043
1770979980000,BTC-USDT,67092.6,2.61629892,67047.7,67097.6,67047,67092.6
1770980040000,BTC-USDT,67045.3,12.41873254,67092.5,67092.5,67042,67045.3
1770980100000,BTC-USDT,67036,0.50213712,67046,67062.4,67032.8,67036
1770980160000,BTC-USDT,67014.5,0.36550649,67036,67060,67014.5,67014.5
1770980220000,BTC-USDT,67008.1,0.29232876,67016.8,67048.5,67002.2,67008.1
1770980280000,BTC-USDT,66974.7,0.51925987,67013.1,67023.3,66974.7,66974.7
1770980340000,BTC-USDT,66981,0.44585059,66976.5,66999,66976.5,66981
1770980400000,BTC-USDT,66948,1.21796227,66981,66991.9,66948,66948
1770980460000,BTC-USDT,66861.4,4.28485807,66948,66950.9,66851.1,66861.4
1770980520000,BTC-USDT,66895.2,1.87323645,66867.1,66927,66867.1,66895.2
1770980580000,BTC-USDT,66865.8,0.4032975,66895.3,66921.5,66864,66865.8
1770980640000,BTC-USDT,66938.4,1.5270257,66864,66938.4,66855.1,66938.4
1770980700000,BTC-USDT,66962,2.39496624,66938.4,66980,66938.4,66962
1770980760000,BTC-USDT,66991.1,0.26002699,66962,66991.9,66961.9,66991.1
1770980820000,BTC-USDT,66990,2.9011868,66991.1,67025.9,66988.7,66990
1770980880000,BTC-USDT,66899.5,0.84933415,66988.8,66995.1,66899.4,66899.5
1770980940000,BTC-USDT,66915.2,1.83665394,66899.4,66935,66899.4,66915.2
1770981000000,BTC-USDT,66882.3,0.50288,66915.2,66927.6,66874.9,66882.3
1770981060000,BTC-USDT,66869,1.72463708,66881.6,66881.6,66847,66869
1770981120000,BTC-USDT,66849.1,3.48541731,66872.8,66891.6,66849,66849.1
1770981180000,BTC-USDT,66868,0.55699945,66849.1,66898.2,66849.1,66868
1770981240000,BTC-USDT,66888.2,0.16523536,66868.1,66894,66866.1,66888.2
1770981300000,BTC-USDT,66904.7,1.84646676,66888.2,66931,66887.6,66904.7
1770981360000,BTC-USDT,66919.7,2.22868154,66904.7,66933.8,66904.7,66919.7
1770981420000,BTC-USDT,66891.3,1.21663243,66919.4,66938.1,66891.3,66891.3
1770981480000,BTC-USDT,66910.7,2.38150665,66891.3,66910.7,66867.7,66910.7
1770981540000,BTC-USDT,66949.2,1.61182143,66910.7,66951.2,66910.7,66949.2
1770981600000,BTC-USDT,66958,5.27299243,66939,66966.4,66939,66958
1770981660000,BTC-USDT,66951.6,0.82755815,66952.4,66964,66920,66951.6
1770981720000,BTC-USDT,66919.4,1.75270834,66954.9,66955,66884.3,66919.4
1770981780000,BTC-USDT,66923,1.541468,66921.1,66944.8,66918,66923
1770981840000,BTC-USDT,66901.2,1.03441023,66923.1,66925.2,66887,66901.2
1770981900000,BTC-USDT,66929,0.42716776,66902.9,66949.9,66889.2,66929
1770981960000,BTC-USDT,66964,1.21450514,66928.9,66964,66926.7,66964
1770982020000,BTC-USDT,66967.1,25.68519159,66964.1,67009.3,66952,66967.1
1770982080000,BTC-USDT,67009.7,2.69028595,66967.2,67009.7,66960,67009.7
1770982140000,BTC-USDT,66991.1,24.17364154,67008.9,67008.9,66961,66991.1
1770982200000,BTC-USDT,66937.4,3.86063752,66991.1,67003.5,66937.4,66937.4
1770982260000,BTC-USDT,66863.7,25.6889922,66937.3,66937.3,66824.1,66863.7
1770982320000,BTC-USDT,66800.1,2.81255979,66870.1,66889.1,66800.1,66800.1
1770982380000,BTC-USDT,66812.1,1.79016425,66810,66855.9,66791.8,66812.1
1770982440000,BTC-USDT,66859.9,0.84021603,66809,66864.4,66809,66859.9
1770982500000,BTC-USDT,66901.1,1.60159357,66859.7,66903.2,66827,66901.1
1770982560000,BTC-USDT,66882,0.92908457,66901,66915.7,66872.6,66882
1770982620000,BTC-USDT,66878.9,0.59029784,66885.5,66916.8,66872.7,66878.9
1770982680000,BTC-USDT,66976.7,3.96804314,66878.9,67012.6,66878.8,66976.7
1770982740000,BTC-USDT,66954.8,0.49747535,66976.8,66976.8,66927.7,66954.8
1770982800000,BTC-USDT,66943.2,1.00639877,66954.2,66964.9,66940,66943.2
1770982860000,BTC-USDT,66985.9,0.57758761,66943.2,66985.9,66939.9,66985.9
1770982920000,BTC-USDT,67001.4,2.83315261,66986,67025.8,66983.6,67001.4
1770982980000,BTC-USDT,66995.3,0.42358074,67003.2,67014,66978.6,66995.3
1770983040000,BTC-USDT,67000.5,3.18088413,66996.7,67003.7,66956.6,67000.5
1770983100000,BTC-USDT,66979,1.86969152,67000.9,67006.9,66971.5,66979
1770983160000,BTC-USDT,67017.7,2.05343555,66979.1,67048.9,66967.2,67017.7
1770983220000,BTC-USDT,67032.7,1.2482445,67018.2,67050,67000.2,67032.7
1770983280000,BTC-USDT,67000,1.19341888,67032.7,67045.9,67000,67000
1770983340000,BTC-USDT,67015.4,1.61447117,67000,67026,66972.8,67015.4
1770983400000,BTC-USDT,67028.6,0.44258552,67014.9,67038.2,67008.7,67028.6
1770983460000,BTC-USDT,67015,0.48580684,67028.7,67041.3,67005.1,67015
1770983520000,BTC-USDT,67025.1,1.01701978,67015.8,67050,67000,67025.1
1770983580000,BTC-USDT,67063.9,1.53628405,67025.1,67063.9,67023,67063.9
1770983640000,BTC-USDT,67058.7,1.37359721,67061.2,67077,67027.1,67058.7
1770983700000,BTC-USDT,67149.2,15.19594097,67059.4,67197.2,67040.1,67149.2
1770983760000,BTC-USDT,67196.8,3.39361941,67149.3,67199,67149.2,67196.8
1770983820000,BTC-USDT,67181.9,6.79340027,67198,67231.8,67160.1,67181.9
1770983880000,BTC-USDT,67199.7,2.25273332,67180,67216.7,67174.1,67199.7
1770983940000,BTC-USDT,67177,10.06504291,67199,67199,67161.4,67177
1770984000000,BTC-USDT,67168.6,1.65938503,67175.9,67186.8,67121,67168.6
1770984060000,BTC-USDT,67126.4,9.053487,67168.5,67171,67117,67126.4
1770984120000,BTC-USDT,67119.9,2.94334671,67124.1,67168.5,67096.6,67119.9
1770984180000,BTC-USDT,67044.9,2.51137467,67119.9,67119.9,67020.6,67044.9
1770984240000,BTC-USDT,67025.3,0.26597863,67041.8,67043.9,67012.1,67025.3
1770984300000,BTC-USDT,66979.9,0.81484439,67025.3,67037,66953.3,66979.9
1770984360000,BTC-USDT,66989.9,2.27764985,66980.7,67003.6,66964,66989.9
1770984420000,BTC-USDT,66987.9,1.54697274,66984.1,66991.8,66962,66987.9
1770984480000,BTC-USDT,67022,4.3139963,66984.8,67045.9,66972.1,67022
1770984540000,BTC-USDT,67045,1.55687006,67021,67059.2,67012.1,67045
1770984600000,BTC-USDT,67047.7,1.55356996,67047.6,67047.7,67020.1,67047.7
1770984660000,BTC-USDT,67007,0.30663254,67049,67049,67005.1,67007
1770984720000,BTC-USDT,67083.1,3.12526106,67011.9,67090.8,67004.3,67083.1
1770984780000,BTC-USDT,67022.3,2.3679496,67083,67090.8,67018.4,67022.3
1770984840000,BTC-USDT,66990.1,1.19179225,67022.4,67046.6,66985,66990.1
1770984900000,BTC-USDT,66970,1.01865533,66990.3,66992.8,66969.1,66970
1770984960000,BTC-USDT,66928.1,3.65524048,66970,66973.8,66928.1,66928.1
1770985020000,BTC-USDT,66956.7,0.90416909,66928.1,66964.3,66928.1,66956.7
1770985080000,BTC-USDT,67021.3,0.3967078,66956.7,67023.9,66956.7,67021.3
1770985140000,BTC-USDT,67005.4,0.79341842,67024.3,67053.2,67005.4,67005.4
1770985200000,BTC-USDT,67058.3,3.63416942,67005.4,67080.7,67003,67058.3
1770985260000,BTC-USDT,67079.9,2.75219646,67056.1,67080,67054,67079.9
1770985320000,BTC-USDT,67038.2,1.36234363,67080,67080,67032,67038.2
1770985380000,BTC-USDT,67038.3,0.77049912,67038.3,67038.3,67007.2,67038.3
1770985440000,BTC-USDT,67018.9,0.70750256,67038.2,67038.3,67017.2,67018.9
1770985500000,BTC-USDT,67102.2,1.71508209,67018.8,67107.7,67003.1,67102.2
1770985560000,BTC-USDT,67064.4,0.99969402,67102.1,67124.4,67062.6,67064.4
1770985620000,BTC-USDT,67111,4.33522942,67064.3,67127.7,67062.6,67111
1770985680000,BTC-USDT,67103.9,1.46866474,67111,67126.1,67084.9,67103.9
1770985740000,BTC-USDT,67102.9,2.75467936,67103.8,67126.1,67099,67102.9
1770985800000,BTC-USDT,67070.1,15.59176115,67102.8,67109.2,67065.3,67070.1
1770985860000,BTC-USDT,67109.7,3.34046521,67065,67111.6,67065,67109.7
1770985920000,BTC-USDT,67090.1,3.82843255,67109.7,67109.7,67056.2,67090.1
1770985980000,BTC-USDT,67080.7,3.14433041,67087.1,67117,67079.2,67080.7
1770986040000,BTC-USDT,67067.5,1.16836401,67080.7,67087,67051.6,67067.5
1770986100000,BTC-USDT,67087.4,1.48790734,67068.5,67088.1,67041.5,67087.4
1770986160000,BTC-USDT,67077.7,2.80883669,67086,67086,67052,67077.7
1770986220000,BTC-USDT,67132.1,7.88611196,67077.8,67140,67077.8,67132.1
1770986280000,BTC-USDT,67133.4,1.16287956,67132.1,67140.8,67124.5,67133.4
1770986340000,BTC-USDT,67082.6,3.5822114,67133.4,67133.5,67070.6,67082.6
1770986400000,BTC-USDT,67096.3,2.09000711,67082.6,67123.4,67081,67096.3
1770986460000,BTC-USDT,67117,0.93260686,67096.3,67123.3,67084,67117
1770986520000,BTC-USDT,67088.5,3.17013869,67117.1,67139,67068.6,67088.5
1770986580000,BTC-USDT,67094.9,1.51170652,67088.5,67095,67067,67094.9
1770986640000,BTC-USDT,67102.3,2.17669629,67094.9,67116.2,67094.9,67102.3
1770986700000,BTC-USDT,67112.1,1.23724511,67107,67118.7,67096.7,67112.1
1770986760000,BTC-USDT,67092,1.99972427,67112.6,67112.6,67091.3,67092
1770986820000,BTC-USDT,67066.7,1.28582388,67092,67094.6,67066,67066.7
1770986880000,BTC-USDT,67041.6,9.97498112,67066.7,67066.7,67030.3,67041.6
1770986940000,BTC-USDT,67113.8,8.48964637,67041.1,67113.8,67010,67113.8
1770987000000,BTC-USDT,67083.1,1.56203532,67113.8,67123.3,67083.1,67083.1
1770987060000,BTC-USDT,67061.5,1.84002175,67083,67083,67054.6,67061.5
1770987120000,BTC-USDT,67108,1.29724176,67061.6,67108,67045,67108
1770987180000,BTC-USDT,67181.1,1.30745775,67108,67181.1,67107.9,67181.1
1770987240000,BTC-USDT,67212.7,3.62541929,67181.7,67212.7,67181.7,67212.7
1770987300000,BTC-USDT,67193.3,2.19649468,67213.5,67213.5,67168.9,67193.3
1770987360000,BTC-USDT,67165,0.71033204,67193.4,67198.6,67165,67165
1770987420000,BTC-USDT,67170,0.87439058,67164.8,67174,67141.1,67170
1770987480000,BTC-USDT,67092.4,1.99758568,67169.9,67169.9,67074.7,67092.4
1770987540000,BTC-USDT,67082.1,15.78755535,67085.7,67112.2,67062.8,67082.1
1770987600000,BTC-USDT,67114,4.50721516,67082.1,67121.4,67073.2,67114
1770987660000,BTC-USDT,67118.1,1.2766058,67114,67165.1,67114,67118.1
1770987720000,BTC-USDT,67161,1.20700063,67118.1,67179,67118.1,67161
1770987780000,BTC-USDT,67188,2.67557163,67161,67193.1,67154.1,67188
1770987840000,BTC-USDT,67151.4,2.909728,67188,67188,67151.3,67151.4
1770987900000,BTC-USDT,67122.3,1.46038794,67151.3,67163.8,67122.3,67122.3
1770987960000,BTC-USDT,67101,0.84114454,67120,67124.9,67100.9,67101
1770988020000,BTC-USDT,66979.1,8.60722054,67101,67101,66967.3,66979.1
1770988080000,BTC-USDT,66976.6,4.99903598,66976.1,67012.2,66941,66976.6
1770988140000,BTC-USDT,66988.4,1.31434413,66973.6,67020,66957.1,66988.4
1770988200000,BTC-USDT,66982.8,0.76449108,66988.3,66998.1,66973,66982.8
1770988260000,BTC-USDT,66979,1.84319894,66982.8,67020.7,66958,66979
1770988320000,BTC-USDT,66986.7,1.63991324,66979,67000,66965,66986.7
1770988380000,BTC-USDT,66965.1,0.77672758,66989,67021.5,66965,66965.1
1770988440000,BTC-USDT,66976.2,1.23678232,66965,66980,66950.1,66976.2
1770988500000,BTC-USDT,67018.6,3.07987256,66976.2,67030.6,66976,67018.6
1770988560000,BTC-USDT,67037.1,0.82551807,67018.5,67037.2,66993.3,67037.1
1770988620000,BTC-USDT,67100.3,1.03333178,67037.1,67100.3,67019.9,67100.3
1770988680000,BTC-USDT,67088.2,0.93810878,67100.2,67111.2,67087.1,67088.2
1770988740000,BTC-USDT,67098,1.43553583,67088.3,67118.5,67088.3,67098
1770988800000,BTC-USDT,67085.7,1.17815895,67100.6,67104,67073,67085.7
1770988860000,BTC-USDT,67041.9,7.44197526,67085.6,67085.7,67036.4,67041.9
